2026-04-27 10:57:14 | INFO     | app.main | VIP车位告警系统启动中...
2026-04-27 10:57:15 | DEBUG    | tzlocal | Looking up time zone info from registry
2026-04-27 10:57:15 | INFO     | app.scheduler.setup | APScheduler调度器已启动
2026-04-27 10:57:45 | INFO     | app.services.patrol_service | === 开始VIP车位巡检 ===
2026-04-27 10:57:45 | INFO     | app.services.patrol_service | 无启用的监控车位，跳过巡检
2026-04-27 10:58:15 | INFO     | app.services.patrol_service | === 开始VIP车位巡检 ===
2026-04-27 10:58:15 | INFO     | app.services.patrol_service | 无启用的监控车位，跳过巡检
2026-04-27 10:58:45 | INFO     | app.services.patrol_service | === 开始VIP车位巡检 ===
2026-04-27 10:58:45 | INFO     | app.services.patrol_service | 无启用的监控车位，跳过巡检
2026-04-27 10:59:15 | INFO     | app.services.patrol_service | === 开始VIP车位巡检 ===
2026-04-27 10:59:15 | INFO     | app.services.patrol_service | 无启用的监控车位，跳过巡检
2026-04-27 10:59:45 | INFO     | app.services.patrol_service | === 开始VIP车位巡检 ===
2026-04-27 10:59:45 | INFO     | app.services.patrol_service | 无启用的监控车位，跳过巡检
2026-04-27 11:00:15 | INFO     | app.services.patrol_service | === 开始VIP车位巡检 ===
2026-04-27 11:00:15 | INFO     | app.services.patrol_service | 无启用的监控车位，跳过巡检
2026-04-27 11:00:45 | INFO     | app.services.patrol_service | === 开始VIP车位巡检 ===
2026-04-27 11:00:45 | INFO     | app.services.patrol_service | 无启用的监控车位，跳过巡检
2026-04-27 11:01:15 | INFO     | app.services.patrol_service | === 开始VIP车位巡检 ===
2026-04-27 11:01:15 | INFO     | app.services.patrol_service | 无启用的监控车位，跳过巡检
2026-04-27 11:01:45 | INFO     | app.services.patrol_service | === 开始VIP车位巡检 ===
2026-04-27 11:01:45 | INFO     | app.services.patrol_service | 无启用的监控车位，跳过巡检
2026-04-27 11:02:15 | INFO     | app.services.patrol_service | === 开始VIP车位巡检 ===
2026-04-27 11:02:15 | INFO     | app.services.patrol_service | 无启用的监控车位，跳过巡检
2026-04-27 11:02:45 | INFO     | app.services.patrol_service | === 开始VIP车位巡检 ===
2026-04-27 11:02:45 | INFO     | app.services.patrol_service | 无启用的监控车位，跳过巡检
2026-04-27 11:03:15 | INFO     | app.services.patrol_service | === 开始VIP车位巡检 ===
2026-04-27 11:03:15 | INFO     | app.services.patrol_service | 无启用的监控车位，跳过巡检
2026-04-27 11:03:20 | INFO     | app.api.spots | 查询VIP车位列表: page=1, page_size=1, total=0
2026-04-27 11:03:20 | INFO     | app.api.spots | 查询VIP车位列表: page=1, page_size=1, total=0
2026-04-27 11:03:20 | INFO     | app.api.alerts | 查询告警日志: page=1, page_size=10, total=0
2026-04-27 11:03:25 | INFO     | app.api.spots | 查询VIP车位列表: page=1, page_size=10, total=0
2026-04-27 11:03:45 | INFO     | app.services.patrol_service | === 开始VIP车位巡检 ===
2026-04-27 11:03:45 | INFO     | app.services.patrol_service | 无启用的监控车位，跳过巡检
2026-04-27 11:03:50 | INFO     | app.api.alerts | 查询告警日志: page=1, page_size=20, total=0
2026-04-27 11:03:55 | INFO     | app.api.contacts | 查询通讯录列表: page=1, page_size=10, total=0
2026-04-27 11:04:03 | INFO     | app.api.spots | 查询VIP车位列表: page=1, page_size=10, total=0
2026-04-27 11:04:15 | INFO     | app.services.patrol_service | === 开始VIP车位巡检 ===
2026-04-27 11:04:15 | INFO     | app.services.patrol_service | 无启用的监控车位，跳过巡检
2026-04-27 11:04:17 | INFO     | app.api.spots | 查询VIP车位列表: page=1, page_size=10, total=0
2026-04-27 11:04:45 | INFO     | app.services.patrol_service | === 开始VIP车位巡检 ===
2026-04-27 11:04:45 | INFO     | app.services.patrol_service | 无启用的监控车位，跳过巡检
2026-04-27 11:05:15 | INFO     | app.services.patrol_service | === 开始VIP车位巡检 ===
2026-04-27 11:05:15 | INFO     | app.services.patrol_service | 无启用的监控车位，跳过巡检
2026-04-27 11:05:45 | INFO     | app.services.patrol_service | === 开始VIP车位巡检 ===
2026-04-27 11:05:45 | INFO     | app.services.patrol_service | 无启用的监控车位，跳过巡检
2026-04-27 11:06:15 | INFO     | app.services.patrol_service | === 开始VIP车位巡检 ===
2026-04-27 11:06:15 | INFO     | app.services.patrol_service | 无启用的监控车位，跳过巡检
2026-04-27 11:06:45 | INFO     | app.services.patrol_service | === 开始VIP车位巡检 ===
2026-04-27 11:06:45 | INFO     | app.services.patrol_service | 无启用的监控车位，跳过巡检
2026-04-27 11:06:45 | INFO     | app.scheduler.setup | APScheduler调度器已关闭
2026-04-27 11:06:45 | INFO     | app.main | VIP车位告警系统已关闭
2026-04-27 11:07:14 | INFO     | app.main | VIP车位告警系统启动中...
2026-04-27 11:07:14 | DEBUG    | tzlocal | Looking up time zone info from registry
2026-04-27 11:07:14 | INFO     | app.scheduler.setup | APScheduler调度器已启动
2026-04-27 11:07:32 | INFO     | app.scheduler.setup | APScheduler调度器已关闭
2026-04-27 11:07:32 | INFO     | app.main | VIP车位告警系统已关闭
2026-04-27 11:10:06 | INFO     | app.main | VIP车位告警系统启动中...
2026-04-27 11:10:07 | DEBUG    | tzlocal | Looking up time zone info from registry
2026-04-27 11:10:07 | INFO     | app.scheduler.setup | APScheduler调度器已启动
2026-04-27 11:10:37 | INFO     | app.services.patrol_service | === 开始VIP车位巡检 ===
2026-04-27 11:10:37 | INFO     | app.services.patrol_service | 无启用的监控车位，跳过巡检
2026-04-27 11:11:07 | INFO     | app.services.patrol_service | === 开始VIP车位巡检 ===
2026-04-27 11:11:07 | INFO     | app.services.patrol_service | 无启用的监控车位，跳过巡检
2026-04-27 11:11:37 | INFO     | app.services.patrol_service | === 开始VIP车位巡检 ===
2026-04-27 11:11:37 | INFO     | app.services.patrol_service | 无启用的监控车位，跳过巡检
2026-04-27 11:12:07 | INFO     | app.services.patrol_service | === 开始VIP车位巡检 ===
2026-04-27 11:12:07 | INFO     | app.services.patrol_service | 无启用的监控车位，跳过巡检
2026-04-27 11:12:37 | INFO     | app.services.patrol_service | === 开始VIP车位巡检 ===
2026-04-27 11:12:37 | INFO     | app.services.patrol_service | 无启用的监控车位，跳过巡检
2026-04-27 11:13:07 | INFO     | app.services.patrol_service | === 开始VIP车位巡检 ===
2026-04-27 11:13:07 | INFO     | app.services.patrol_service | 无启用的监控车位，跳过巡检
2026-04-27 11:13:37 | INFO     | app.services.patrol_service | === 开始VIP车位巡检 ===
2026-04-27 11:13:37 | INFO     | app.services.patrol_service | 无启用的监控车位，跳过巡检
2026-04-27 11:14:07 | INFO     | app.services.patrol_service | === 开始VIP车位巡检 ===
2026-04-27 11:14:07 | INFO     | app.services.patrol_service | 无启用的监控车位，跳过巡检
2026-04-27 11:14:37 | INFO     | app.services.patrol_service | === 开始VIP车位巡检 ===
2026-04-27 11:14:37 | INFO     | app.services.patrol_service | 无启用的监控车位，跳过巡检
2026-04-27 11:15:07 | INFO     | app.services.patrol_service | === 开始VIP车位巡检 ===
2026-04-27 11:15:07 | INFO     | app.services.patrol_service | 无启用的监控车位，跳过巡检
2026-04-27 11:15:13 | INFO     | app.api.spots | 查询VIP车位列表: page=1, page_size=10, total=0
2026-04-27 11:15:17 | INFO     | app.api.contacts | 查询通讯录列表: page=1, page_size=10, total=0
2026-04-27 11:15:18 | INFO     | app.api.spots | 查询VIP车位列表: page=1, page_size=10, total=0
2026-04-27 11:15:19 | INFO     | app.api.alerts | 查询告警日志: page=1, page_size=20, total=0
2026-04-27 11:15:20 | INFO     | app.api.spots | 查询VIP车位列表: page=1, page_size=10, total=0
2026-04-27 11:15:37 | INFO     | app.services.patrol_service | === 开始VIP车位巡检 ===
2026-04-27 11:15:37 | INFO     | app.services.patrol_service | 无启用的监控车位，跳过巡检
2026-04-27 11:16:07 | INFO     | app.services.patrol_service | === 开始VIP车位巡检 ===
2026-04-27 11:16:07 | INFO     | app.services.patrol_service | 无启用的监控车位，跳过巡检
2026-04-27 11:16:37 | INFO     | app.services.patrol_service | === 开始VIP车位巡检 ===
2026-04-27 11:16:37 | INFO     | app.services.patrol_service | 无启用的监控车位，跳过巡检
2026-04-27 11:17:01 | INFO     | app.api.spots | 新增VIP车位: id=1, spot_number=0677
2026-04-27 11:17:01 | INFO     | app.api.spots | 查询VIP车位列表: page=1, page_size=10, total=1
2026-04-27 11:17:03 | INFO     | app.api.contacts | 查询通讯录列表: page=1, page_size=10, total=0
2026-04-27 11:17:07 | INFO     | app.services.patrol_service | === 开始VIP车位巡检 ===
2026-04-27 11:17:07 | ERROR    | app.services.external_db_service | 未找到启用的外部数据库配置
2026-04-27 11:17:07 | INFO     | app.services.patrol_service | === VIP车位巡检结束 ===
2026-04-27 11:17:07 | INFO     | app.api.spots | 查询VIP车位列表: page=1, page_size=10, total=1
2026-04-27 11:17:37 | INFO     | app.services.patrol_service | === 开始VIP车位巡检 ===
2026-04-27 11:17:37 | ERROR    | app.services.external_db_service | 未找到启用的外部数据库配置
2026-04-27 11:17:37 | INFO     | app.services.patrol_service | === VIP车位巡检结束 ===
2026-04-27 11:18:07 | INFO     | app.services.patrol_service | === 开始VIP车位巡检 ===
2026-04-27 11:18:07 | ERROR    | app.services.external_db_service | 未找到启用的外部数据库配置
2026-04-27 11:18:07 | INFO     | app.services.patrol_service | === VIP车位巡检结束 ===
2026-04-27 11:18:37 | INFO     | app.services.patrol_service | === 开始VIP车位巡检 ===
2026-04-27 11:18:37 | ERROR    | app.services.external_db_service | 未找到启用的外部数据库配置
2026-04-27 11:18:37 | INFO     | app.services.patrol_service | === VIP车位巡检结束 ===
2026-04-27 11:19:07 | INFO     | app.services.patrol_service | === 开始VIP车位巡检 ===
2026-04-27 11:19:07 | ERROR    | app.services.external_db_service | 未找到启用的外部数据库配置
2026-04-27 11:19:07 | INFO     | app.services.patrol_service | === VIP车位巡检结束 ===
2026-04-27 11:19:37 | INFO     | app.services.patrol_service | === 开始VIP车位巡检 ===
2026-04-27 11:19:37 | ERROR    | app.services.external_db_service | 未找到启用的外部数据库配置
2026-04-27 11:19:37 | INFO     | app.services.patrol_service | === VIP车位巡检结束 ===
2026-04-27 11:20:07 | INFO     | app.services.patrol_service | === 开始VIP车位巡检 ===
2026-04-27 11:20:07 | ERROR    | app.services.external_db_service | 未找到启用的外部数据库配置
2026-04-27 11:20:07 | INFO     | app.services.patrol_service | === VIP车位巡检结束 ===
2026-04-27 11:20:37 | INFO     | app.services.patrol_service | === 开始VIP车位巡检 ===
2026-04-27 11:20:37 | ERROR    | app.services.external_db_service | 未找到启用的外部数据库配置
2026-04-27 11:20:37 | INFO     | app.services.patrol_service | === VIP车位巡检结束 ===
2026-04-27 11:21:07 | INFO     | app.services.patrol_service | === 开始VIP车位巡检 ===
2026-04-27 11:21:07 | ERROR    | app.services.external_db_service | 未找到启用的外部数据库配置
2026-04-27 11:21:07 | INFO     | app.services.patrol_service | === VIP车位巡检结束 ===
2026-04-27 11:21:37 | INFO     | app.services.patrol_service | === 开始VIP车位巡检 ===
2026-04-27 11:21:37 | ERROR    | app.services.external_db_service | 未找到启用的外部数据库配置
2026-04-27 11:21:37 | INFO     | app.services.patrol_service | === VIP车位巡检结束 ===
2026-04-27 11:22:07 | INFO     | app.services.patrol_service | === 开始VIP车位巡检 ===
2026-04-27 11:22:07 | ERROR    | app.services.external_db_service | 未找到启用的外部数据库配置
2026-04-27 11:22:07 | INFO     | app.services.patrol_service | === VIP车位巡检结束 ===
2026-04-27 11:22:07 | INFO     | app.scheduler.setup | APScheduler调度器已关闭
2026-04-27 11:22:07 | INFO     | app.main | VIP车位告警系统已关闭
2026-04-27 11:29:01 | INFO     | app.main | VIP车位告警系统启动中...
2026-04-27 11:29:01 | DEBUG    | tzlocal | Looking up time zone info from registry
2026-04-27 11:29:01 | INFO     | app.scheduler.setup | APScheduler调度器已启动
2026-04-27 11:29:31 | INFO     | app.services.patrol_service | === 开始VIP车位巡检 ===
2026-04-27 11:29:31 | ERROR    | app.services.external_db_service | 未找到启用的外部数据库配置
2026-04-27 11:29:31 | INFO     | app.services.patrol_service | === VIP车位巡检结束 ===
2026-04-27 11:30:01 | INFO     | app.services.patrol_service | === 开始VIP车位巡检 ===
2026-04-27 11:30:01 | ERROR    | app.services.external_db_service | 未找到启用的外部数据库配置
2026-04-27 11:30:01 | INFO     | app.services.patrol_service | === VIP车位巡检结束 ===
2026-04-27 11:30:31 | INFO     | app.services.patrol_service | === 开始VIP车位巡检 ===
2026-04-27 11:30:31 | ERROR    | app.services.external_db_service | 未找到启用的外部数据库配置
2026-04-27 11:30:31 | INFO     | app.services.patrol_service | === VIP车位巡检结束 ===
2026-04-27 11:31:01 | INFO     | app.services.patrol_service | === 开始VIP车位巡检 ===
2026-04-27 11:31:01 | ERROR    | app.services.external_db_service | 未找到启用的外部数据库配置
2026-04-27 11:31:01 | INFO     | app.services.patrol_service | === VIP车位巡检结束 ===
2026-04-27 11:31:31 | INFO     | app.services.patrol_service | === 开始VIP车位巡检 ===
2026-04-27 11:31:31 | ERROR    | app.services.external_db_service | 未找到启用的外部数据库配置
2026-04-27 11:31:31 | INFO     | app.services.patrol_service | === VIP车位巡检结束 ===
2026-04-27 11:32:01 | INFO     | app.services.patrol_service | === 开始VIP车位巡检 ===
2026-04-27 11:32:01 | ERROR    | app.services.external_db_service | 未找到启用的外部数据库配置
2026-04-27 11:32:01 | INFO     | app.services.patrol_service | === VIP车位巡检结束 ===
2026-04-27 11:32:31 | INFO     | app.services.patrol_service | === 开始VIP车位巡检 ===
2026-04-27 11:32:31 | ERROR    | app.services.external_db_service | 未找到启用的外部数据库配置
2026-04-27 11:32:31 | INFO     | app.services.patrol_service | === VIP车位巡检结束 ===
2026-04-27 11:33:01 | INFO     | app.services.patrol_service | === 开始VIP车位巡检 ===
2026-04-27 11:33:01 | ERROR    | app.services.external_db_service | 未找到启用的外部数据库配置
2026-04-27 11:33:01 | INFO     | app.services.patrol_service | === VIP车位巡检结束 ===
2026-04-27 11:33:31 | INFO     | app.services.patrol_service | === 开始VIP车位巡检 ===
2026-04-27 11:33:31 | ERROR    | app.services.external_db_service | 未找到启用的外部数据库配置
2026-04-27 11:33:31 | INFO     | app.services.patrol_service | === VIP车位巡检结束 ===
2026-04-27 11:34:01 | INFO     | app.services.patrol_service | === 开始VIP车位巡检 ===
2026-04-27 11:34:01 | ERROR    | app.services.external_db_service | 未找到启用的外部数据库配置
2026-04-27 11:34:01 | INFO     | app.services.patrol_service | === VIP车位巡检结束 ===
2026-04-27 11:34:31 | INFO     | app.services.patrol_service | === 开始VIP车位巡检 ===
2026-04-27 11:34:31 | ERROR    | app.services.external_db_service | 未找到启用的外部数据库配置
2026-04-27 11:34:31 | INFO     | app.services.patrol_service | === VIP车位巡检结束 ===
2026-04-27 11:35:01 | INFO     | app.services.patrol_service | === 开始VIP车位巡检 ===
2026-04-27 11:35:01 | ERROR    | app.services.external_db_service | 未找到启用的外部数据库配置
2026-04-27 11:35:01 | INFO     | app.services.patrol_service | === VIP车位巡检结束 ===
2026-04-27 11:35:31 | INFO     | app.services.patrol_service | === 开始VIP车位巡检 ===
2026-04-27 11:35:31 | ERROR    | app.services.external_db_service | 未找到启用的外部数据库配置
2026-04-27 11:35:31 | INFO     | app.services.patrol_service | === VIP车位巡检结束 ===
2026-04-27 11:35:55 | INFO     | app.api.settings | 外部数据库配置不存在，返回默认值
2026-04-27 11:35:55 | INFO     | app.api.settings | 短信网关配置不存在，返回默认值
2026-04-27 11:35:55 | ERROR    | app.main | 未处理异常: http://localhost:8000/api/settings/sms-gateway - 1 validation errors:
  {'type': 'missing', 'loc': ('response', 'data', 'from_param'), 'msg': 'Field required', 'input': {'id': 0, 'name': '', 'url': '', 'token': '', 'sender_id': '', 'enabled': False}}
Traceback (most recent call last):
  File "E:\python\Lib\site-packages\starlette\middleware\errors.py", line 165, in __call__
    await self.app(scope, receive, _send)
  File "E:\python\Lib\site-packages\starlette\middleware\exceptions.py", line 62, in __call__
    await wrap_app_handling_exceptions(self.app, conn)(scope, receive, send)
  File "E:\python\Lib\site-packages\starlette\_exception_handler.py", line 62, in wrapped_app
    raise exc
  File "E:\python\Lib\site-packages\starlette\_exception_handler.py", line 51, in wrapped_app
    await app(scope, receive, sender)
  File "E:\python\Lib\site-packages\starlette\routing.py", line 715, in __call__
    await self.middleware_stack(scope, receive, send)
  File "E:\python\Lib\site-packages\starlette\routing.py", line 735, in app
    await route.handle(scope, receive, send)
  File "E:\python\Lib\site-packages\starlette\routing.py", line 288, in handle
    await self.app(scope, receive, send)
  File "E:\python\Lib\site-packages\starlette\routing.py", line 76, in app
    await wrap_app_handling_exceptions(app, request)(scope, receive, send)
  File "E:\python\Lib\site-packages\starlette\_exception_handler.py", line 62, in wrapped_app
    raise exc
  File "E:\python\Lib\site-packages\starlette\_exception_handler.py", line 51, in wrapped_app
    await app(scope, receive, sender)
  File "E:\python\Lib\site-packages\starlette\routing.py", line 73, in app
    response = await f(request)
               ^^^^^^^^^^^^^^^^
  File "E:\python\Lib\site-packages\fastapi\routing.py", line 327, in app
    content = await serialize_response(
              ^^^^^^^^^^^^^^^^^^^^^^^^^
  File "E:\python\Lib\site-packages\fastapi\routing.py", line 176, in serialize_response
    raise ResponseValidationError(
fastapi.exceptions.ResponseValidationError: 1 validation errors:
  {'type': 'missing', 'loc': ('response', 'data', 'from_param'), 'msg': 'Field required', 'input': {'id': 0, 'name': '', 'url': '', 'token': '', 'sender_id': '', 'enabled': False}}

2026-04-27 11:35:55 | ERROR    | app.main | 未处理异常: http://localhost:8000/api/settings/external-db - 1 validation errors:
  {'type': 'missing', 'loc': ('response', 'data', 'database_name'), 'msg': 'Field required', 'input': {'id': 0, 'name': '', 'db_type': 'mssql', 'host': '', 'port': 1433, 'database': '', 'username': '', 'password': '', 'enabled': False}}
Traceback (most recent call last):
  File "E:\python\Lib\site-packages\starlette\middleware\errors.py", line 165, in __call__
    await self.app(scope, receive, _send)
  File "E:\python\Lib\site-packages\starlette\middleware\exceptions.py", line 62, in __call__
    await wrap_app_handling_exceptions(self.app, conn)(scope, receive, send)
  File "E:\python\Lib\site-packages\starlette\_exception_handler.py", line 62, in wrapped_app
    raise exc
  File "E:\python\Lib\site-packages\starlette\_exception_handler.py", line 51, in wrapped_app
    await app(scope, receive, sender)
  File "E:\python\Lib\site-packages\starlette\routing.py", line 715, in __call__
    await self.middleware_stack(scope, receive, send)
  File "E:\python\Lib\site-packages\starlette\routing.py", line 735, in app
    await route.handle(scope, receive, send)
  File "E:\python\Lib\site-packages\starlette\routing.py", line 288, in handle
    await self.app(scope, receive, send)
  File "E:\python\Lib\site-packages\starlette\routing.py", line 76, in app
    await wrap_app_handling_exceptions(app, request)(scope, receive, send)
  File "E:\python\Lib\site-packages\starlette\_exception_handler.py", line 62, in wrapped_app
    raise exc
  File "E:\python\Lib\site-packages\starlette\_exception_handler.py", line 51, in wrapped_app
    await app(scope, receive, sender)
  File "E:\python\Lib\site-packages\starlette\routing.py", line 73, in app
    response = await f(request)
               ^^^^^^^^^^^^^^^^
  File "E:\python\Lib\site-packages\fastapi\routing.py", line 327, in app
    content = await serialize_response(
              ^^^^^^^^^^^^^^^^^^^^^^^^^
  File "E:\python\Lib\site-packages\fastapi\routing.py", line 176, in serialize_response
    raise ResponseValidationError(
fastapi.exceptions.ResponseValidationError: 1 validation errors:
  {'type': 'missing', 'loc': ('response', 'data', 'database_name'), 'msg': 'Field required', 'input': {'id': 0, 'name': '', 'db_type': 'mssql', 'host': '', 'port': 1433, 'database': '', 'username': '', 'password': '', 'enabled': False}}

2026-04-27 11:36:01 | INFO     | app.services.patrol_service | === 开始VIP车位巡检 ===
2026-04-27 11:36:01 | ERROR    | app.services.external_db_service | 未找到启用的外部数据库配置
2026-04-27 11:36:01 | INFO     | app.services.patrol_service | === VIP车位巡检结束 ===
2026-04-27 11:36:31 | INFO     | app.services.patrol_service | === 开始VIP车位巡检 ===
2026-04-27 11:36:31 | ERROR    | app.services.external_db_service | 未找到启用的外部数据库配置
2026-04-27 11:36:31 | INFO     | app.services.patrol_service | === VIP车位巡检结束 ===
2026-04-27 11:36:35 | ERROR    | app.main | 未处理异常: http://localhost:8000/api/settings/external-db - (sqlite3.IntegrityError) NOT NULL constraint failed: external_db_config.database_name
[SQL: INSERT INTO external_db_config (name, db_type, host, port, database_name, username, password, enabled, created_at, updated_at) VALUES (?, ?, ?, ?, ?, ?, ?, ?, ?, ?)]
[parameters: ('车位引导数据库', 'mssql', '10.10.23.152', 50279, None, 'aicheck', 'gAAAAABp7tnD4PpH-dpv7BUiNMzZLL2oBNMOZHqW6qWDWNAmRu0Yp1nJl7NRL1FeHrXGtfdymocx3TRqFlYX8EZLw5vtFSjMRA==', 0, '2026-04-27 11:36:35.186307', '2026-04-27 11:36:35.186307')]
(Background on this error at: https://sqlalche.me/e/20/gkpj)
Traceback (most recent call last):
  File "E:\python\Lib\site-packages\sqlalchemy\engine\base.py", line 1967, in _exec_single_context
    self.dialect.do_execute(
  File "E:\python\Lib\site-packages\sqlalchemy\engine\default.py", line 941, in do_execute
    cursor.execute(statement, parameters)
sqlite3.IntegrityError: NOT NULL constraint failed: external_db_config.database_name

The above exception was the direct cause of the following exception:

Traceback (most recent call last):
  File "E:\python\Lib\site-packages\starlette\middleware\errors.py", line 165, in __call__
    await self.app(scope, receive, _send)
  File "E:\python\Lib\site-packages\starlette\middleware\exceptions.py", line 62, in __call__
    await wrap_app_handling_exceptions(self.app, conn)(scope, receive, send)
  File "E:\python\Lib\site-packages\starlette\_exception_handler.py", line 62, in wrapped_app
    raise exc
  File "E:\python\Lib\site-packages\starlette\_exception_handler.py", line 51, in wrapped_app
    await app(scope, receive, sender)
  File "E:\python\Lib\site-packages\starlette\routing.py", line 715, in __call__
    await self.middleware_stack(scope, receive, send)
  File "E:\python\Lib\site-packages\starlette\routing.py", line 735, in app
    await route.handle(scope, receive, send)
  File "E:\python\Lib\site-packages\starlette\routing.py", line 288, in handle
    await self.app(scope, receive, send)
  File "E:\python\Lib\site-packages\starlette\routing.py", line 76, in app
    await wrap_app_handling_exceptions(app, request)(scope, receive, send)
  File "E:\python\Lib\site-packages\starlette\_exception_handler.py", line 62, in wrapped_app
    raise exc
  File "E:\python\Lib\site-packages\starlette\_exception_handler.py", line 51, in wrapped_app
    await app(scope, receive, sender)
  File "E:\python\Lib\site-packages\starlette\routing.py", line 73, in app
    response = await f(request)
               ^^^^^^^^^^^^^^^^
  File "E:\python\Lib\site-packages\fastapi\routing.py", line 301, in app
    raw_response = await run_endpoint_function(
                   ^^^^^^^^^^^^^^^^^^^^^^^^^^^^
  File "E:\python\Lib\site-packages\fastapi\routing.py", line 214, in run_endpoint_function
    return await run_in_threadpool(dependant.call, **values)
           ^^^^^^^^^^^^^^^^^^^^^^^^^^^^^^^^^^^^^^^^^^^^^^^^^
  File "E:\python\Lib\site-packages\starlette\concurrency.py", line 39, in run_in_threadpool
    return await anyio.to_thread.run_sync(func, *args)
           ^^^^^^^^^^^^^^^^^^^^^^^^^^^^^^^^^^^^^^^^^^^
  File "E:\python\Lib\site-packages\anyio\to_thread.py", line 56, in run_sync
    return await get_async_backend().run_sync_in_worker_thread(
           ^^^^^^^^^^^^^^^^^^^^^^^^^^^^^^^^^^^^^^^^^^^^^^^^^^^^
  File "E:\python\Lib\site-packages\anyio\_backends\_asyncio.py", line 2470, in run_sync_in_worker_thread
    return await future
           ^^^^^^^^^^^^
  File "E:\python\Lib\site-packages\anyio\_backends\_asyncio.py", line 967, in run
    result = context.run(func, *args)
             ^^^^^^^^^^^^^^^^^^^^^^^^
  File "E:\python_testfile\VIP车位告警系统\vip_parking_alert\backend\app\api\settings.py", line 84, in update_external_db
    db.commit()
  File "E:\python\Lib\site-packages\sqlalchemy\orm\session.py", line 2028, in commit
    trans.commit(_to_root=True)
  File "<string>", line 2, in commit
  File "E:\python\Lib\site-packages\sqlalchemy\orm\state_changes.py", line 139, in _go
    ret_value = fn(self, *arg, **kw)
                ^^^^^^^^^^^^^^^^^^^^
  File "E:\python\Lib\site-packages\sqlalchemy\orm\session.py", line 1313, in commit
    self._prepare_impl()
  File "<string>", line 2, in _prepare_impl
  File "E:\python\Lib\site-packages\sqlalchemy\orm\state_changes.py", line 139, in _go
    ret_value = fn(self, *arg, **kw)
                ^^^^^^^^^^^^^^^^^^^^
  File "E:\python\Lib\site-packages\sqlalchemy\orm\session.py", line 1288, in _prepare_impl
    self.session.flush()
  File "E:\python\Lib\site-packages\sqlalchemy\orm\session.py", line 4352, in flush
    self._flush(objects)
  File "E:\python\Lib\site-packages\sqlalchemy\orm\session.py", line 4487, in _flush
    with util.safe_reraise():
  File "E:\python\Lib\site-packages\sqlalchemy\util\langhelpers.py", line 146, in __exit__
    raise exc_value.with_traceback(exc_tb)
  File "E:\python\Lib\site-packages\sqlalchemy\orm\session.py", line 4448, in _flush
    flush_context.execute()
  File "E:\python\Lib\site-packages\sqlalchemy\orm\unitofwork.py", line 466, in execute
    rec.execute(self)
  File "E:\python\Lib\site-packages\sqlalchemy\orm\unitofwork.py", line 642, in execute
    util.preloaded.orm_persistence.save_obj(
  File "E:\python\Lib\site-packages\sqlalchemy\orm\persistence.py", line 93, in save_obj
    _emit_insert_statements(
  File "E:\python\Lib\site-packages\sqlalchemy\orm\persistence.py", line 1233, in _emit_insert_statements
    result = connection.execute(
             ^^^^^^^^^^^^^^^^^^^
  File "E:\python\Lib\site-packages\sqlalchemy\engine\base.py", line 1418, in execute
    return meth(
           ^^^^^
  File "E:\python\Lib\site-packages\sqlalchemy\sql\elements.py", line 515, in _execute_on_connection
    return connection._execute_clauseelement(
           ^^^^^^^^^^^^^^^^^^^^^^^^^^^^^^^^^^
  File "E:\python\Lib\site-packages\sqlalchemy\engine\base.py", line 1640, in _execute_clauseelement
    ret = self._execute_context(
          ^^^^^^^^^^^^^^^^^^^^^^
  File "E:\python\Lib\site-packages\sqlalchemy\engine\base.py", line 1846, in _execute_context
    return self._exec_single_context(
           ^^^^^^^^^^^^^^^^^^^^^^^^^^
  File "E:\python\Lib\site-packages\sqlalchemy\engine\base.py", line 1986, in _exec_single_context
    self._handle_dbapi_exception(
  File "E:\python\Lib\site-packages\sqlalchemy\engine\base.py", line 2355, in _handle_dbapi_exception
    raise sqlalchemy_exception.with_traceback(exc_info[2]) from e
  File "E:\python\Lib\site-packages\sqlalchemy\engine\base.py", line 1967, in _exec_single_context
    self.dialect.do_execute(
  File "E:\python\Lib\site-packages\sqlalchemy\engine\default.py", line 941, in do_execute
    cursor.execute(statement, parameters)
sqlalchemy.exc.IntegrityError: (sqlite3.IntegrityError) NOT NULL constraint failed: external_db_config.database_name
[SQL: INSERT INTO external_db_config (name, db_type, host, port, database_name, username, password, enabled, created_at, updated_at) VALUES (?, ?, ?, ?, ?, ?, ?, ?, ?, ?)]
[parameters: ('车位引导数据库', 'mssql', '10.10.23.152', 50279, None, 'aicheck', 'gAAAAABp7tnD4PpH-dpv7BUiNMzZLL2oBNMOZHqW6qWDWNAmRu0Yp1nJl7NRL1FeHrXGtfdymocx3TRqFlYX8EZLw5vtFSjMRA==', 0, '2026-04-27 11:36:35.186307', '2026-04-27 11:36:35.186307')]
(Background on this error at: https://sqlalche.me/e/20/gkpj)
2026-04-27 11:36:43 | ERROR    | app.main | 未处理异常: http://localhost:8000/api/settings/external-db - (sqlite3.IntegrityError) NOT NULL constraint failed: external_db_config.database_name
[SQL: INSERT INTO external_db_config (name, db_type, host, port, database_name, username, password, enabled, created_at, updated_at) VALUES (?, ?, ?, ?, ?, ?, ?, ?, ?, ?)]
[parameters: ('车位引导数据库', 'mssql', '10.10.23.152', 50279, None, 'aicheck', 'gAAAAABp7tnL6Q7c9zxAAs6_BXulSmFFtRhuUjSRAhSGAP-EJWwKrPLgkIDkodJ230z1cC3o5I1JcARNLOChhPrW0vG-5RDHlw==', 0, '2026-04-27 11:36:43.232453', '2026-04-27 11:36:43.232453')]
(Background on this error at: https://sqlalche.me/e/20/gkpj)
Traceback (most recent call last):
  File "E:\python\Lib\site-packages\sqlalchemy\engine\base.py", line 1967, in _exec_single_context
    self.dialect.do_execute(
  File "E:\python\Lib\site-packages\sqlalchemy\engine\default.py", line 941, in do_execute
    cursor.execute(statement, parameters)
sqlite3.IntegrityError: NOT NULL constraint failed: external_db_config.database_name

The above exception was the direct cause of the following exception:

Traceback (most recent call last):
  File "E:\python\Lib\site-packages\starlette\middleware\errors.py", line 165, in __call__
    await self.app(scope, receive, _send)
  File "E:\python\Lib\site-packages\starlette\middleware\exceptions.py", line 62, in __call__
    await wrap_app_handling_exceptions(self.app, conn)(scope, receive, send)
  File "E:\python\Lib\site-packages\starlette\_exception_handler.py", line 62, in wrapped_app
    raise exc
  File "E:\python\Lib\site-packages\starlette\_exception_handler.py", line 51, in wrapped_app
    await app(scope, receive, sender)
  File "E:\python\Lib\site-packages\starlette\routing.py", line 715, in __call__
    await self.middleware_stack(scope, receive, send)
  File "E:\python\Lib\site-packages\starlette\routing.py", line 735, in app
    await route.handle(scope, receive, send)
  File "E:\python\Lib\site-packages\starlette\routing.py", line 288, in handle
    await self.app(scope, receive, send)
  File "E:\python\Lib\site-packages\starlette\routing.py", line 76, in app
    await wrap_app_handling_exceptions(app, request)(scope, receive, send)
  File "E:\python\Lib\site-packages\starlette\_exception_handler.py", line 62, in wrapped_app
    raise exc
  File "E:\python\Lib\site-packages\starlette\_exception_handler.py", line 51, in wrapped_app
    await app(scope, receive, sender)
  File "E:\python\Lib\site-packages\starlette\routing.py", line 73, in app
    response = await f(request)
               ^^^^^^^^^^^^^^^^
  File "E:\python\Lib\site-packages\fastapi\routing.py", line 301, in app
    raw_response = await run_endpoint_function(
                   ^^^^^^^^^^^^^^^^^^^^^^^^^^^^
  File "E:\python\Lib\site-packages\fastapi\routing.py", line 214, in run_endpoint_function
    return await run_in_threadpool(dependant.call, **values)
           ^^^^^^^^^^^^^^^^^^^^^^^^^^^^^^^^^^^^^^^^^^^^^^^^^
  File "E:\python\Lib\site-packages\starlette\concurrency.py", line 39, in run_in_threadpool
    return await anyio.to_thread.run_sync(func, *args)
           ^^^^^^^^^^^^^^^^^^^^^^^^^^^^^^^^^^^^^^^^^^^
  File "E:\python\Lib\site-packages\anyio\to_thread.py", line 56, in run_sync
    return await get_async_backend().run_sync_in_worker_thread(
           ^^^^^^^^^^^^^^^^^^^^^^^^^^^^^^^^^^^^^^^^^^^^^^^^^^^^
  File "E:\python\Lib\site-packages\anyio\_backends\_asyncio.py", line 2470, in run_sync_in_worker_thread
    return await future
           ^^^^^^^^^^^^
  File "E:\python\Lib\site-packages\anyio\_backends\_asyncio.py", line 967, in run
    result = context.run(func, *args)
             ^^^^^^^^^^^^^^^^^^^^^^^^
  File "E:\python_testfile\VIP车位告警系统\vip_parking_alert\backend\app\api\settings.py", line 84, in update_external_db
    db.commit()
  File "E:\python\Lib\site-packages\sqlalchemy\orm\session.py", line 2028, in commit
    trans.commit(_to_root=True)
  File "<string>", line 2, in commit
  File "E:\python\Lib\site-packages\sqlalchemy\orm\state_changes.py", line 139, in _go
    ret_value = fn(self, *arg, **kw)
                ^^^^^^^^^^^^^^^^^^^^
  File "E:\python\Lib\site-packages\sqlalchemy\orm\session.py", line 1313, in commit
    self._prepare_impl()
  File "<string>", line 2, in _prepare_impl
  File "E:\python\Lib\site-packages\sqlalchemy\orm\state_changes.py", line 139, in _go
    ret_value = fn(self, *arg, **kw)
                ^^^^^^^^^^^^^^^^^^^^
  File "E:\python\Lib\site-packages\sqlalchemy\orm\session.py", line 1288, in _prepare_impl
    self.session.flush()
  File "E:\python\Lib\site-packages\sqlalchemy\orm\session.py", line 4352, in flush
    self._flush(objects)
  File "E:\python\Lib\site-packages\sqlalchemy\orm\session.py", line 4487, in _flush
    with util.safe_reraise():
  File "E:\python\Lib\site-packages\sqlalchemy\util\langhelpers.py", line 146, in __exit__
    raise exc_value.with_traceback(exc_tb)
  File "E:\python\Lib\site-packages\sqlalchemy\orm\session.py", line 4448, in _flush
    flush_context.execute()
  File "E:\python\Lib\site-packages\sqlalchemy\orm\unitofwork.py", line 466, in execute
    rec.execute(self)
  File "E:\python\Lib\site-packages\sqlalchemy\orm\unitofwork.py", line 642, in execute
    util.preloaded.orm_persistence.save_obj(
  File "E:\python\Lib\site-packages\sqlalchemy\orm\persistence.py", line 93, in save_obj
    _emit_insert_statements(
  File "E:\python\Lib\site-packages\sqlalchemy\orm\persistence.py", line 1233, in _emit_insert_statements
    result = connection.execute(
             ^^^^^^^^^^^^^^^^^^^
  File "E:\python\Lib\site-packages\sqlalchemy\engine\base.py", line 1418, in execute
    return meth(
           ^^^^^
  File "E:\python\Lib\site-packages\sqlalchemy\sql\elements.py", line 515, in _execute_on_connection
    return connection._execute_clauseelement(
           ^^^^^^^^^^^^^^^^^^^^^^^^^^^^^^^^^^
  File "E:\python\Lib\site-packages\sqlalchemy\engine\base.py", line 1640, in _execute_clauseelement
    ret = self._execute_context(
          ^^^^^^^^^^^^^^^^^^^^^^
  File "E:\python\Lib\site-packages\sqlalchemy\engine\base.py", line 1846, in _execute_context
    return self._exec_single_context(
           ^^^^^^^^^^^^^^^^^^^^^^^^^^
  File "E:\python\Lib\site-packages\sqlalchemy\engine\base.py", line 1986, in _exec_single_context
    self._handle_dbapi_exception(
  File "E:\python\Lib\site-packages\sqlalchemy\engine\base.py", line 2355, in _handle_dbapi_exception
    raise sqlalchemy_exception.with_traceback(exc_info[2]) from e
  File "E:\python\Lib\site-packages\sqlalchemy\engine\base.py", line 1967, in _exec_single_context
    self.dialect.do_execute(
  File "E:\python\Lib\site-packages\sqlalchemy\engine\default.py", line 941, in do_execute
    cursor.execute(statement, parameters)
sqlalchemy.exc.IntegrityError: (sqlite3.IntegrityError) NOT NULL constraint failed: external_db_config.database_name
[SQL: INSERT INTO external_db_config (name, db_type, host, port, database_name, username, password, enabled, created_at, updated_at) VALUES (?, ?, ?, ?, ?, ?, ?, ?, ?, ?)]
[parameters: ('车位引导数据库', 'mssql', '10.10.23.152', 50279, None, 'aicheck', 'gAAAAABp7tnL6Q7c9zxAAs6_BXulSmFFtRhuUjSRAhSGAP-EJWwKrPLgkIDkodJ230z1cC3o5I1JcARNLOChhPrW0vG-5RDHlw==', 0, '2026-04-27 11:36:43.232453', '2026-04-27 11:36:43.232453')]
(Background on this error at: https://sqlalche.me/e/20/gkpj)
2026-04-27 11:37:01 | INFO     | app.services.patrol_service | === 开始VIP车位巡检 ===
2026-04-27 11:37:01 | ERROR    | app.services.external_db_service | 未找到启用的外部数据库配置
2026-04-27 11:37:01 | INFO     | app.services.patrol_service | === VIP车位巡检结束 ===
2026-04-27 11:37:31 | INFO     | app.services.patrol_service | === 开始VIP车位巡检 ===
2026-04-27 11:37:31 | ERROR    | app.services.external_db_service | 未找到启用的外部数据库配置
2026-04-27 11:37:31 | INFO     | app.services.patrol_service | === VIP车位巡检结束 ===
2026-04-27 11:37:51 | INFO     | app.scheduler.setup | APScheduler调度器已关闭
2026-04-27 11:37:51 | INFO     | app.main | VIP车位告警系统已关闭
2026-04-27 11:38:20 | INFO     | app.main | VIP车位告警系统启动中...
2026-04-27 11:38:20 | DEBUG    | tzlocal | Looking up time zone info from registry
2026-04-27 11:38:20 | INFO     | app.scheduler.setup | APScheduler调度器已启动
2026-04-27 11:38:50 | INFO     | app.services.patrol_service | === 开始VIP车位巡检 ===
2026-04-27 11:38:50 | ERROR    | app.services.external_db_service | 未找到启用的外部数据库配置
2026-04-27 11:38:50 | INFO     | app.services.patrol_service | === VIP车位巡检结束 ===
2026-04-27 11:39:20 | INFO     | app.services.patrol_service | === 开始VIP车位巡检 ===
2026-04-27 11:39:20 | ERROR    | app.services.external_db_service | 未找到启用的外部数据库配置
2026-04-27 11:39:20 | INFO     | app.services.patrol_service | === VIP车位巡检结束 ===
2026-04-27 11:39:20 | INFO     | app.scheduler.setup | APScheduler调度器已关闭
2026-04-27 11:39:20 | INFO     | app.main | VIP车位告警系统已关闭
2026-04-27 11:39:45 | INFO     | app.main | VIP车位告警系统启动中...
2026-04-27 11:39:45 | DEBUG    | tzlocal | Looking up time zone info from registry
2026-04-27 11:39:45 | INFO     | app.scheduler.setup | APScheduler调度器已启动
2026-04-27 11:39:58 | INFO     | app.api.settings | 更新外部数据库配置
2026-04-27 11:39:58 | ERROR    | app.main | 未处理异常: http://localhost:8000/api/settings/external-db - 1 validation errors:
  {'type': 'missing', 'loc': ('response', 'data', 'database_name'), 'msg': 'Field required', 'input': {'id': 1, 'name': 'TestDB', 'db_type': 'mssql', 'host': 'localhost', 'port': 1433, 'username': 'sa', 'password': '****', 'enabled': 1, 'database': 'testdb'}}
Traceback (most recent call last):
  File "E:\python\Lib\site-packages\starlette\middleware\errors.py", line 165, in __call__
    await self.app(scope, receive, _send)
  File "E:\python\Lib\site-packages\starlette\middleware\exceptions.py", line 62, in __call__
    await wrap_app_handling_exceptions(self.app, conn)(scope, receive, send)
  File "E:\python\Lib\site-packages\starlette\_exception_handler.py", line 62, in wrapped_app
    raise exc
  File "E:\python\Lib\site-packages\starlette\_exception_handler.py", line 51, in wrapped_app
    await app(scope, receive, sender)
  File "E:\python\Lib\site-packages\starlette\routing.py", line 715, in __call__
    await self.middleware_stack(scope, receive, send)
  File "E:\python\Lib\site-packages\starlette\routing.py", line 735, in app
    await route.handle(scope, receive, send)
  File "E:\python\Lib\site-packages\starlette\routing.py", line 288, in handle
    await self.app(scope, receive, send)
  File "E:\python\Lib\site-packages\starlette\routing.py", line 76, in app
    await wrap_app_handling_exceptions(app, request)(scope, receive, send)
  File "E:\python\Lib\site-packages\starlette\_exception_handler.py", line 62, in wrapped_app
    raise exc
  File "E:\python\Lib\site-packages\starlette\_exception_handler.py", line 51, in wrapped_app
    await app(scope, receive, sender)
  File "E:\python\Lib\site-packages\starlette\routing.py", line 73, in app
    response = await f(request)
               ^^^^^^^^^^^^^^^^
  File "E:\python\Lib\site-packages\fastapi\routing.py", line 327, in app
    content = await serialize_response(
              ^^^^^^^^^^^^^^^^^^^^^^^^^
  File "E:\python\Lib\site-packages\fastapi\routing.py", line 176, in serialize_response
    raise ResponseValidationError(
fastapi.exceptions.ResponseValidationError: 1 validation errors:
  {'type': 'missing', 'loc': ('response', 'data', 'database_name'), 'msg': 'Field required', 'input': {'id': 1, 'name': 'TestDB', 'db_type': 'mssql', 'host': 'localhost', 'port': 1433, 'username': 'sa', 'password': '****', 'enabled': 1, 'database': 'testdb'}}

2026-04-27 11:40:15 | INFO     | app.services.patrol_service | === 开始VIP车位巡检 ===
2026-04-27 11:40:15 | INFO     | app.db.external_engine | MSSQL引擎已创建: localhost:1433/testdb
2026-04-27 11:40:16 | ERROR    | app.services.external_db_service | 查询SQL Server失败, 车位=0677, 错误=(pyodbc.InterfaceError) ('IM002', '[IM002] [Microsoft][ODBC 驱动程序管理器] 未发现数据源名称并且未指定默认驱动程序 (0) (SQLDriverConnect)')
(Background on this error at: https://sqlalche.me/e/20/rvf5)
2026-04-27 11:40:16 | INFO     | app.services.patrol_service | === VIP车位巡检结束 ===
2026-04-27 11:40:34 | INFO     | app.scheduler.setup | APScheduler调度器已关闭
2026-04-27 11:40:34 | INFO     | app.main | VIP车位告警系统已关闭
2026-04-27 11:40:49 | INFO     | app.main | VIP车位告警系统启动中...
2026-04-27 11:40:49 | DEBUG    | tzlocal | Looking up time zone info from registry
2026-04-27 11:40:49 | INFO     | app.scheduler.setup | APScheduler调度器已启动
2026-04-27 11:41:03 | INFO     | app.api.settings | 更新外部数据库配置
2026-04-27 11:41:19 | INFO     | app.services.patrol_service | === 开始VIP车位巡检 ===
2026-04-27 11:41:19 | INFO     | app.db.external_engine | MSSQL引擎已创建: localhost:1433/testdb
2026-04-27 11:41:19 | ERROR    | app.services.external_db_service | 查询SQL Server失败, 车位=0677, 错误=(pyodbc.InterfaceError) ('IM002', '[IM002] [Microsoft][ODBC 驱动程序管理器] 未发现数据源名称并且未指定默认驱动程序 (0) (SQLDriverConnect)')
(Background on this error at: https://sqlalche.me/e/20/rvf5)
2026-04-27 11:41:19 | INFO     | app.services.patrol_service | === VIP车位巡检结束 ===
2026-04-27 11:41:49 | INFO     | app.services.patrol_service | === 开始VIP车位巡检 ===
2026-04-27 11:41:49 | ERROR    | app.services.external_db_service | 查询SQL Server失败, 车位=0677, 错误=(pyodbc.InterfaceError) ('IM002', '[IM002] [Microsoft][ODBC 驱动程序管理器] 未发现数据源名称并且未指定默认驱动程序 (0) (SQLDriverConnect)')
(Background on this error at: https://sqlalche.me/e/20/rvf5)
2026-04-27 11:41:49 | INFO     | app.services.patrol_service | === VIP车位巡检结束 ===
2026-04-27 11:42:19 | INFO     | app.services.patrol_service | === 开始VIP车位巡检 ===
2026-04-27 11:42:19 | ERROR    | app.services.external_db_service | 查询SQL Server失败, 车位=0677, 错误=(pyodbc.InterfaceError) ('IM002', '[IM002] [Microsoft][ODBC 驱动程序管理器] 未发现数据源名称并且未指定默认驱动程序 (0) (SQLDriverConnect)')
(Background on this error at: https://sqlalche.me/e/20/rvf5)
2026-04-27 11:42:19 | INFO     | app.services.patrol_service | === VIP车位巡检结束 ===
2026-04-27 11:42:49 | INFO     | app.services.patrol_service | === 开始VIP车位巡检 ===
2026-04-27 11:42:49 | ERROR    | app.services.external_db_service | 查询SQL Server失败, 车位=0677, 错误=(pyodbc.InterfaceError) ('IM002', '[IM002] [Microsoft][ODBC 驱动程序管理器] 未发现数据源名称并且未指定默认驱动程序 (0) (SQLDriverConnect)')
(Background on this error at: https://sqlalche.me/e/20/rvf5)
2026-04-27 11:42:49 | INFO     | app.services.patrol_service | === VIP车位巡检结束 ===
2026-04-27 11:43:19 | INFO     | app.services.patrol_service | === 开始VIP车位巡检 ===
2026-04-27 11:43:19 | ERROR    | app.services.external_db_service | 查询SQL Server失败, 车位=0677, 错误=(pyodbc.InterfaceError) ('IM002', '[IM002] [Microsoft][ODBC 驱动程序管理器] 未发现数据源名称并且未指定默认驱动程序 (0) (SQLDriverConnect)')
(Background on this error at: https://sqlalche.me/e/20/rvf5)
2026-04-27 11:43:19 | INFO     | app.services.patrol_service | === VIP车位巡检结束 ===
2026-04-27 11:43:49 | INFO     | app.services.patrol_service | === 开始VIP车位巡检 ===
2026-04-27 11:43:49 | ERROR    | app.services.external_db_service | 查询SQL Server失败, 车位=0677, 错误=(pyodbc.InterfaceError) ('IM002', '[IM002] [Microsoft][ODBC 驱动程序管理器] 未发现数据源名称并且未指定默认驱动程序 (0) (SQLDriverConnect)')
(Background on this error at: https://sqlalche.me/e/20/rvf5)
2026-04-27 11:43:49 | INFO     | app.services.patrol_service | === VIP车位巡检结束 ===
2026-04-27 11:44:19 | INFO     | app.services.patrol_service | === 开始VIP车位巡检 ===
2026-04-27 11:44:19 | ERROR    | app.services.external_db_service | 查询SQL Server失败, 车位=0677, 错误=(pyodbc.InterfaceError) ('IM002', '[IM002] [Microsoft][ODBC 驱动程序管理器] 未发现数据源名称并且未指定默认驱动程序 (0) (SQLDriverConnect)')
(Background on this error at: https://sqlalche.me/e/20/rvf5)
2026-04-27 11:44:19 | INFO     | app.services.patrol_service | === VIP车位巡检结束 ===
2026-04-27 11:44:49 | INFO     | app.services.patrol_service | === 开始VIP车位巡检 ===
2026-04-27 11:44:49 | ERROR    | app.services.external_db_service | 查询SQL Server失败, 车位=0677, 错误=(pyodbc.InterfaceError) ('IM002', '[IM002] [Microsoft][ODBC 驱动程序管理器] 未发现数据源名称并且未指定默认驱动程序 (0) (SQLDriverConnect)')
(Background on this error at: https://sqlalche.me/e/20/rvf5)
2026-04-27 11:44:49 | INFO     | app.services.patrol_service | === VIP车位巡检结束 ===
2026-04-27 11:45:19 | INFO     | app.services.patrol_service | === 开始VIP车位巡检 ===
2026-04-27 11:45:19 | ERROR    | app.services.external_db_service | 查询SQL Server失败, 车位=0677, 错误=(pyodbc.InterfaceError) ('IM002', '[IM002] [Microsoft][ODBC 驱动程序管理器] 未发现数据源名称并且未指定默认驱动程序 (0) (SQLDriverConnect)')
(Background on this error at: https://sqlalche.me/e/20/rvf5)
2026-04-27 11:45:19 | INFO     | app.services.patrol_service | === VIP车位巡检结束 ===
2026-04-27 11:45:49 | INFO     | app.services.patrol_service | === 开始VIP车位巡检 ===
2026-04-27 11:45:49 | ERROR    | app.services.external_db_service | 查询SQL Server失败, 车位=0677, 错误=(pyodbc.InterfaceError) ('IM002', '[IM002] [Microsoft][ODBC 驱动程序管理器] 未发现数据源名称并且未指定默认驱动程序 (0) (SQLDriverConnect)')
(Background on this error at: https://sqlalche.me/e/20/rvf5)
2026-04-27 11:45:49 | INFO     | app.services.patrol_service | === VIP车位巡检结束 ===
2026-04-27 11:46:19 | INFO     | app.services.patrol_service | === 开始VIP车位巡检 ===
2026-04-27 11:46:19 | ERROR    | app.services.external_db_service | 查询SQL Server失败, 车位=0677, 错误=(pyodbc.InterfaceError) ('IM002', '[IM002] [Microsoft][ODBC 驱动程序管理器] 未发现数据源名称并且未指定默认驱动程序 (0) (SQLDriverConnect)')
(Background on this error at: https://sqlalche.me/e/20/rvf5)
2026-04-27 11:46:19 | INFO     | app.services.patrol_service | === VIP车位巡检结束 ===
2026-04-27 11:46:49 | INFO     | app.services.patrol_service | === 开始VIP车位巡检 ===
2026-04-27 11:46:49 | ERROR    | app.services.external_db_service | 查询SQL Server失败, 车位=0677, 错误=(pyodbc.InterfaceError) ('IM002', '[IM002] [Microsoft][ODBC 驱动程序管理器] 未发现数据源名称并且未指定默认驱动程序 (0) (SQLDriverConnect)')
(Background on this error at: https://sqlalche.me/e/20/rvf5)
2026-04-27 11:46:49 | INFO     | app.services.patrol_service | === VIP车位巡检结束 ===
2026-04-27 11:47:19 | INFO     | app.services.patrol_service | === 开始VIP车位巡检 ===
2026-04-27 11:47:19 | ERROR    | app.services.external_db_service | 查询SQL Server失败, 车位=0677, 错误=(pyodbc.InterfaceError) ('IM002', '[IM002] [Microsoft][ODBC 驱动程序管理器] 未发现数据源名称并且未指定默认驱动程序 (0) (SQLDriverConnect)')
(Background on this error at: https://sqlalche.me/e/20/rvf5)
2026-04-27 11:47:19 | INFO     | app.services.patrol_service | === VIP车位巡检结束 ===
2026-04-27 11:47:49 | INFO     | app.services.patrol_service | === 开始VIP车位巡检 ===
2026-04-27 11:47:49 | ERROR    | app.services.external_db_service | 查询SQL Server失败, 车位=0677, 错误=(pyodbc.InterfaceError) ('IM002', '[IM002] [Microsoft][ODBC 驱动程序管理器] 未发现数据源名称并且未指定默认驱动程序 (0) (SQLDriverConnect)')
(Background on this error at: https://sqlalche.me/e/20/rvf5)
2026-04-27 11:47:49 | INFO     | app.services.patrol_service | === VIP车位巡检结束 ===
2026-04-27 11:48:19 | INFO     | app.services.patrol_service | === 开始VIP车位巡检 ===
2026-04-27 11:48:19 | ERROR    | app.services.external_db_service | 查询SQL Server失败, 车位=0677, 错误=(pyodbc.InterfaceError) ('IM002', '[IM002] [Microsoft][ODBC 驱动程序管理器] 未发现数据源名称并且未指定默认驱动程序 (0) (SQLDriverConnect)')
(Background on this error at: https://sqlalche.me/e/20/rvf5)
2026-04-27 11:48:19 | INFO     | app.services.patrol_service | === VIP车位巡检结束 ===
2026-04-27 11:48:49 | INFO     | app.services.patrol_service | === 开始VIP车位巡检 ===
2026-04-27 11:48:49 | ERROR    | app.services.external_db_service | 查询SQL Server失败, 车位=0677, 错误=(pyodbc.InterfaceError) ('IM002', '[IM002] [Microsoft][ODBC 驱动程序管理器] 未发现数据源名称并且未指定默认驱动程序 (0) (SQLDriverConnect)')
(Background on this error at: https://sqlalche.me/e/20/rvf5)
2026-04-27 11:48:49 | INFO     | app.services.patrol_service | === VIP车位巡检结束 ===
2026-04-27 11:49:19 | INFO     | app.services.patrol_service | === 开始VIP车位巡检 ===
2026-04-27 11:49:19 | ERROR    | app.services.external_db_service | 查询SQL Server失败, 车位=0677, 错误=(pyodbc.InterfaceError) ('IM002', '[IM002] [Microsoft][ODBC 驱动程序管理器] 未发现数据源名称并且未指定默认驱动程序 (0) (SQLDriverConnect)')
(Background on this error at: https://sqlalche.me/e/20/rvf5)
2026-04-27 11:49:19 | INFO     | app.services.patrol_service | === VIP车位巡检结束 ===
2026-04-27 11:49:49 | INFO     | app.services.patrol_service | === 开始VIP车位巡检 ===
2026-04-27 11:49:49 | ERROR    | app.services.external_db_service | 查询SQL Server失败, 车位=0677, 错误=(pyodbc.InterfaceError) ('IM002', '[IM002] [Microsoft][ODBC 驱动程序管理器] 未发现数据源名称并且未指定默认驱动程序 (0) (SQLDriverConnect)')
(Background on this error at: https://sqlalche.me/e/20/rvf5)
2026-04-27 11:49:49 | INFO     | app.services.patrol_service | === VIP车位巡检结束 ===
2026-04-27 11:50:19 | INFO     | app.services.patrol_service | === 开始VIP车位巡检 ===
2026-04-27 11:50:19 | ERROR    | app.services.external_db_service | 查询SQL Server失败, 车位=0677, 错误=(pyodbc.InterfaceError) ('IM002', '[IM002] [Microsoft][ODBC 驱动程序管理器] 未发现数据源名称并且未指定默认驱动程序 (0) (SQLDriverConnect)')
(Background on this error at: https://sqlalche.me/e/20/rvf5)
2026-04-27 11:50:19 | INFO     | app.services.patrol_service | === VIP车位巡检结束 ===
2026-04-27 11:50:49 | INFO     | app.services.patrol_service | === 开始VIP车位巡检 ===
2026-04-27 11:50:49 | ERROR    | app.services.external_db_service | 查询SQL Server失败, 车位=0677, 错误=(pyodbc.InterfaceError) ('IM002', '[IM002] [Microsoft][ODBC 驱动程序管理器] 未发现数据源名称并且未指定默认驱动程序 (0) (SQLDriverConnect)')
(Background on this error at: https://sqlalche.me/e/20/rvf5)
2026-04-27 11:50:49 | INFO     | app.services.patrol_service | === VIP车位巡检结束 ===
2026-04-27 11:51:19 | INFO     | app.services.patrol_service | === 开始VIP车位巡检 ===
2026-04-27 11:51:19 | ERROR    | app.services.external_db_service | 查询SQL Server失败, 车位=0677, 错误=(pyodbc.InterfaceError) ('IM002', '[IM002] [Microsoft][ODBC 驱动程序管理器] 未发现数据源名称并且未指定默认驱动程序 (0) (SQLDriverConnect)')
(Background on this error at: https://sqlalche.me/e/20/rvf5)
2026-04-27 11:51:19 | INFO     | app.services.patrol_service | === VIP车位巡检结束 ===
2026-04-27 11:51:49 | INFO     | app.services.patrol_service | === 开始VIP车位巡检 ===
2026-04-27 11:51:49 | ERROR    | app.services.external_db_service | 查询SQL Server失败, 车位=0677, 错误=(pyodbc.InterfaceError) ('IM002', '[IM002] [Microsoft][ODBC 驱动程序管理器] 未发现数据源名称并且未指定默认驱动程序 (0) (SQLDriverConnect)')
(Background on this error at: https://sqlalche.me/e/20/rvf5)
2026-04-27 11:51:49 | INFO     | app.services.patrol_service | === VIP车位巡检结束 ===
2026-04-27 11:52:19 | INFO     | app.services.patrol_service | === 开始VIP车位巡检 ===
2026-04-27 11:52:19 | ERROR    | app.services.external_db_service | 查询SQL Server失败, 车位=0677, 错误=(pyodbc.InterfaceError) ('IM002', '[IM002] [Microsoft][ODBC 驱动程序管理器] 未发现数据源名称并且未指定默认驱动程序 (0) (SQLDriverConnect)')
(Background on this error at: https://sqlalche.me/e/20/rvf5)
2026-04-27 11:52:19 | INFO     | app.services.patrol_service | === VIP车位巡检结束 ===
2026-04-27 11:52:49 | INFO     | app.services.patrol_service | === 开始VIP车位巡检 ===
2026-04-27 11:52:49 | ERROR    | app.services.external_db_service | 查询SQL Server失败, 车位=0677, 错误=(pyodbc.InterfaceError) ('IM002', '[IM002] [Microsoft][ODBC 驱动程序管理器] 未发现数据源名称并且未指定默认驱动程序 (0) (SQLDriverConnect)')
(Background on this error at: https://sqlalche.me/e/20/rvf5)
2026-04-27 11:52:49 | INFO     | app.services.patrol_service | === VIP车位巡检结束 ===
2026-04-27 11:53:19 | INFO     | app.services.patrol_service | === 开始VIP车位巡检 ===
2026-04-27 11:53:19 | ERROR    | app.services.external_db_service | 查询SQL Server失败, 车位=0677, 错误=(pyodbc.InterfaceError) ('IM002', '[IM002] [Microsoft][ODBC 驱动程序管理器] 未发现数据源名称并且未指定默认驱动程序 (0) (SQLDriverConnect)')
(Background on this error at: https://sqlalche.me/e/20/rvf5)
2026-04-27 11:53:19 | INFO     | app.services.patrol_service | === VIP车位巡检结束 ===
2026-04-27 11:53:49 | INFO     | app.services.patrol_service | === 开始VIP车位巡检 ===
2026-04-27 11:53:49 | ERROR    | app.services.external_db_service | 查询SQL Server失败, 车位=0677, 错误=(pyodbc.InterfaceError) ('IM002', '[IM002] [Microsoft][ODBC 驱动程序管理器] 未发现数据源名称并且未指定默认驱动程序 (0) (SQLDriverConnect)')
(Background on this error at: https://sqlalche.me/e/20/rvf5)
2026-04-27 11:53:49 | INFO     | app.services.patrol_service | === VIP车位巡检结束 ===
2026-04-27 11:54:19 | INFO     | app.services.patrol_service | === 开始VIP车位巡检 ===
2026-04-27 11:54:19 | ERROR    | app.services.external_db_service | 查询SQL Server失败, 车位=0677, 错误=(pyodbc.InterfaceError) ('IM002', '[IM002] [Microsoft][ODBC 驱动程序管理器] 未发现数据源名称并且未指定默认驱动程序 (0) (SQLDriverConnect)')
(Background on this error at: https://sqlalche.me/e/20/rvf5)
2026-04-27 11:54:19 | INFO     | app.services.patrol_service | === VIP车位巡检结束 ===
2026-04-27 11:54:49 | INFO     | app.services.patrol_service | === 开始VIP车位巡检 ===
2026-04-27 11:54:49 | ERROR    | app.services.external_db_service | 查询SQL Server失败, 车位=0677, 错误=(pyodbc.InterfaceError) ('IM002', '[IM002] [Microsoft][ODBC 驱动程序管理器] 未发现数据源名称并且未指定默认驱动程序 (0) (SQLDriverConnect)')
(Background on this error at: https://sqlalche.me/e/20/rvf5)
2026-04-27 11:54:49 | INFO     | app.services.patrol_service | === VIP车位巡检结束 ===
2026-04-27 11:55:19 | INFO     | app.services.patrol_service | === 开始VIP车位巡检 ===
2026-04-27 11:55:19 | ERROR    | app.services.external_db_service | 查询SQL Server失败, 车位=0677, 错误=(pyodbc.InterfaceError) ('IM002', '[IM002] [Microsoft][ODBC 驱动程序管理器] 未发现数据源名称并且未指定默认驱动程序 (0) (SQLDriverConnect)')
(Background on this error at: https://sqlalche.me/e/20/rvf5)
2026-04-27 11:55:19 | INFO     | app.services.patrol_service | === VIP车位巡检结束 ===
2026-04-27 11:55:49 | INFO     | app.services.patrol_service | === 开始VIP车位巡检 ===
2026-04-27 11:55:49 | ERROR    | app.services.external_db_service | 查询SQL Server失败, 车位=0677, 错误=(pyodbc.InterfaceError) ('IM002', '[IM002] [Microsoft][ODBC 驱动程序管理器] 未发现数据源名称并且未指定默认驱动程序 (0) (SQLDriverConnect)')
(Background on this error at: https://sqlalche.me/e/20/rvf5)
2026-04-27 11:55:49 | INFO     | app.services.patrol_service | === VIP车位巡检结束 ===
2026-04-27 11:56:19 | INFO     | app.services.patrol_service | === 开始VIP车位巡检 ===
2026-04-27 11:56:19 | ERROR    | app.services.external_db_service | 查询SQL Server失败, 车位=0677, 错误=(pyodbc.InterfaceError) ('IM002', '[IM002] [Microsoft][ODBC 驱动程序管理器] 未发现数据源名称并且未指定默认驱动程序 (0) (SQLDriverConnect)')
(Background on this error at: https://sqlalche.me/e/20/rvf5)
2026-04-27 11:56:19 | INFO     | app.services.patrol_service | === VIP车位巡检结束 ===
2026-04-27 11:56:49 | INFO     | app.services.patrol_service | === 开始VIP车位巡检 ===
2026-04-27 11:56:49 | ERROR    | app.services.external_db_service | 查询SQL Server失败, 车位=0677, 错误=(pyodbc.InterfaceError) ('IM002', '[IM002] [Microsoft][ODBC 驱动程序管理器] 未发现数据源名称并且未指定默认驱动程序 (0) (SQLDriverConnect)')
(Background on this error at: https://sqlalche.me/e/20/rvf5)
2026-04-27 11:56:49 | INFO     | app.services.patrol_service | === VIP车位巡检结束 ===
2026-04-27 11:57:19 | INFO     | app.services.patrol_service | === 开始VIP车位巡检 ===
2026-04-27 11:57:19 | ERROR    | app.services.external_db_service | 查询SQL Server失败, 车位=0677, 错误=(pyodbc.InterfaceError) ('IM002', '[IM002] [Microsoft][ODBC 驱动程序管理器] 未发现数据源名称并且未指定默认驱动程序 (0) (SQLDriverConnect)')
(Background on this error at: https://sqlalche.me/e/20/rvf5)
2026-04-27 11:57:19 | INFO     | app.services.patrol_service | === VIP车位巡检结束 ===
2026-04-27 11:57:49 | INFO     | app.services.patrol_service | === 开始VIP车位巡检 ===
2026-04-27 11:57:49 | ERROR    | app.services.external_db_service | 查询SQL Server失败, 车位=0677, 错误=(pyodbc.InterfaceError) ('IM002', '[IM002] [Microsoft][ODBC 驱动程序管理器] 未发现数据源名称并且未指定默认驱动程序 (0) (SQLDriverConnect)')
(Background on this error at: https://sqlalche.me/e/20/rvf5)
2026-04-27 11:57:49 | INFO     | app.services.patrol_service | === VIP车位巡检结束 ===
2026-04-27 11:58:19 | INFO     | app.services.patrol_service | === 开始VIP车位巡检 ===
2026-04-27 11:58:19 | ERROR    | app.services.external_db_service | 查询SQL Server失败, 车位=0677, 错误=(pyodbc.InterfaceError) ('IM002', '[IM002] [Microsoft][ODBC 驱动程序管理器] 未发现数据源名称并且未指定默认驱动程序 (0) (SQLDriverConnect)')
(Background on this error at: https://sqlalche.me/e/20/rvf5)
2026-04-27 11:58:19 | INFO     | app.services.patrol_service | === VIP车位巡检结束 ===
2026-04-27 11:58:49 | INFO     | app.services.patrol_service | === 开始VIP车位巡检 ===
2026-04-27 11:58:49 | ERROR    | app.services.external_db_service | 查询SQL Server失败, 车位=0677, 错误=(pyodbc.InterfaceError) ('IM002', '[IM002] [Microsoft][ODBC 驱动程序管理器] 未发现数据源名称并且未指定默认驱动程序 (0) (SQLDriverConnect)')
(Background on this error at: https://sqlalche.me/e/20/rvf5)
2026-04-27 11:58:49 | INFO     | app.services.patrol_service | === VIP车位巡检结束 ===
2026-04-27 11:59:19 | INFO     | app.services.patrol_service | === 开始VIP车位巡检 ===
2026-04-27 11:59:19 | ERROR    | app.services.external_db_service | 查询SQL Server失败, 车位=0677, 错误=(pyodbc.InterfaceError) ('IM002', '[IM002] [Microsoft][ODBC 驱动程序管理器] 未发现数据源名称并且未指定默认驱动程序 (0) (SQLDriverConnect)')
(Background on this error at: https://sqlalche.me/e/20/rvf5)
2026-04-27 11:59:19 | INFO     | app.services.patrol_service | === VIP车位巡检结束 ===
2026-04-27 11:59:49 | INFO     | app.services.patrol_service | === 开始VIP车位巡检 ===
2026-04-27 11:59:49 | ERROR    | app.services.external_db_service | 查询SQL Server失败, 车位=0677, 错误=(pyodbc.InterfaceError) ('IM002', '[IM002] [Microsoft][ODBC 驱动程序管理器] 未发现数据源名称并且未指定默认驱动程序 (0) (SQLDriverConnect)')
(Background on this error at: https://sqlalche.me/e/20/rvf5)
2026-04-27 11:59:49 | INFO     | app.services.patrol_service | === VIP车位巡检结束 ===
2026-04-27 12:00:19 | INFO     | app.services.patrol_service | === 开始VIP车位巡检 ===
2026-04-27 12:00:19 | ERROR    | app.services.external_db_service | 查询SQL Server失败, 车位=0677, 错误=(pyodbc.InterfaceError) ('IM002', '[IM002] [Microsoft][ODBC 驱动程序管理器] 未发现数据源名称并且未指定默认驱动程序 (0) (SQLDriverConnect)')
(Background on this error at: https://sqlalche.me/e/20/rvf5)
2026-04-27 12:00:19 | INFO     | app.services.patrol_service | === VIP车位巡检结束 ===
2026-04-27 12:00:49 | INFO     | app.services.patrol_service | === 开始VIP车位巡检 ===
2026-04-27 12:00:49 | ERROR    | app.services.external_db_service | 查询SQL Server失败, 车位=0677, 错误=(pyodbc.InterfaceError) ('IM002', '[IM002] [Microsoft][ODBC 驱动程序管理器] 未发现数据源名称并且未指定默认驱动程序 (0) (SQLDriverConnect)')
(Background on this error at: https://sqlalche.me/e/20/rvf5)
2026-04-27 12:00:49 | INFO     | app.services.patrol_service | === VIP车位巡检结束 ===
2026-04-27 12:01:19 | INFO     | app.services.patrol_service | === 开始VIP车位巡检 ===
2026-04-27 12:01:19 | ERROR    | app.services.external_db_service | 查询SQL Server失败, 车位=0677, 错误=(pyodbc.InterfaceError) ('IM002', '[IM002] [Microsoft][ODBC 驱动程序管理器] 未发现数据源名称并且未指定默认驱动程序 (0) (SQLDriverConnect)')
(Background on this error at: https://sqlalche.me/e/20/rvf5)
2026-04-27 12:01:19 | INFO     | app.services.patrol_service | === VIP车位巡检结束 ===
2026-04-27 12:01:49 | INFO     | app.services.patrol_service | === 开始VIP车位巡检 ===
2026-04-27 12:01:49 | ERROR    | app.services.external_db_service | 查询SQL Server失败, 车位=0677, 错误=(pyodbc.InterfaceError) ('IM002', '[IM002] [Microsoft][ODBC 驱动程序管理器] 未发现数据源名称并且未指定默认驱动程序 (0) (SQLDriverConnect)')
(Background on this error at: https://sqlalche.me/e/20/rvf5)
2026-04-27 12:01:49 | INFO     | app.services.patrol_service | === VIP车位巡检结束 ===
2026-04-27 12:02:19 | INFO     | app.services.patrol_service | === 开始VIP车位巡检 ===
2026-04-27 12:02:19 | ERROR    | app.services.external_db_service | 查询SQL Server失败, 车位=0677, 错误=(pyodbc.InterfaceError) ('IM002', '[IM002] [Microsoft][ODBC 驱动程序管理器] 未发现数据源名称并且未指定默认驱动程序 (0) (SQLDriverConnect)')
(Background on this error at: https://sqlalche.me/e/20/rvf5)
2026-04-27 12:02:19 | INFO     | app.services.patrol_service | === VIP车位巡检结束 ===
2026-04-27 12:02:49 | INFO     | app.services.patrol_service | === 开始VIP车位巡检 ===
2026-04-27 12:02:49 | ERROR    | app.services.external_db_service | 查询SQL Server失败, 车位=0677, 错误=(pyodbc.InterfaceError) ('IM002', '[IM002] [Microsoft][ODBC 驱动程序管理器] 未发现数据源名称并且未指定默认驱动程序 (0) (SQLDriverConnect)')
(Background on this error at: https://sqlalche.me/e/20/rvf5)
2026-04-27 12:02:49 | INFO     | app.services.patrol_service | === VIP车位巡检结束 ===
2026-04-27 12:03:19 | INFO     | app.services.patrol_service | === 开始VIP车位巡检 ===
2026-04-27 12:03:19 | ERROR    | app.services.external_db_service | 查询SQL Server失败, 车位=0677, 错误=(pyodbc.InterfaceError) ('IM002', '[IM002] [Microsoft][ODBC 驱动程序管理器] 未发现数据源名称并且未指定默认驱动程序 (0) (SQLDriverConnect)')
(Background on this error at: https://sqlalche.me/e/20/rvf5)
2026-04-27 12:03:19 | INFO     | app.services.patrol_service | === VIP车位巡检结束 ===
2026-04-27 12:03:49 | INFO     | app.services.patrol_service | === 开始VIP车位巡检 ===
2026-04-27 12:03:49 | ERROR    | app.services.external_db_service | 查询SQL Server失败, 车位=0677, 错误=(pyodbc.InterfaceError) ('IM002', '[IM002] [Microsoft][ODBC 驱动程序管理器] 未发现数据源名称并且未指定默认驱动程序 (0) (SQLDriverConnect)')
(Background on this error at: https://sqlalche.me/e/20/rvf5)
2026-04-27 12:03:49 | INFO     | app.services.patrol_service | === VIP车位巡检结束 ===
2026-04-27 12:04:19 | INFO     | app.services.patrol_service | === 开始VIP车位巡检 ===
2026-04-27 12:04:19 | ERROR    | app.services.external_db_service | 查询SQL Server失败, 车位=0677, 错误=(pyodbc.InterfaceError) ('IM002', '[IM002] [Microsoft][ODBC 驱动程序管理器] 未发现数据源名称并且未指定默认驱动程序 (0) (SQLDriverConnect)')
(Background on this error at: https://sqlalche.me/e/20/rvf5)
2026-04-27 12:04:19 | INFO     | app.services.patrol_service | === VIP车位巡检结束 ===
2026-04-27 12:04:49 | INFO     | app.services.patrol_service | === 开始VIP车位巡检 ===
2026-04-27 12:04:49 | ERROR    | app.services.external_db_service | 查询SQL Server失败, 车位=0677, 错误=(pyodbc.InterfaceError) ('IM002', '[IM002] [Microsoft][ODBC 驱动程序管理器] 未发现数据源名称并且未指定默认驱动程序 (0) (SQLDriverConnect)')
(Background on this error at: https://sqlalche.me/e/20/rvf5)
2026-04-27 12:04:49 | INFO     | app.services.patrol_service | === VIP车位巡检结束 ===
2026-04-27 12:05:19 | INFO     | app.services.patrol_service | === 开始VIP车位巡检 ===
2026-04-27 12:05:19 | ERROR    | app.services.external_db_service | 查询SQL Server失败, 车位=0677, 错误=(pyodbc.InterfaceError) ('IM002', '[IM002] [Microsoft][ODBC 驱动程序管理器] 未发现数据源名称并且未指定默认驱动程序 (0) (SQLDriverConnect)')
(Background on this error at: https://sqlalche.me/e/20/rvf5)
2026-04-27 12:05:19 | INFO     | app.services.patrol_service | === VIP车位巡检结束 ===
2026-04-27 12:05:49 | INFO     | app.services.patrol_service | === 开始VIP车位巡检 ===
2026-04-27 12:05:49 | ERROR    | app.services.external_db_service | 查询SQL Server失败, 车位=0677, 错误=(pyodbc.InterfaceError) ('IM002', '[IM002] [Microsoft][ODBC 驱动程序管理器] 未发现数据源名称并且未指定默认驱动程序 (0) (SQLDriverConnect)')
(Background on this error at: https://sqlalche.me/e/20/rvf5)
2026-04-27 12:05:49 | INFO     | app.services.patrol_service | === VIP车位巡检结束 ===
2026-04-27 12:06:19 | INFO     | app.services.patrol_service | === 开始VIP车位巡检 ===
2026-04-27 12:06:19 | ERROR    | app.services.external_db_service | 查询SQL Server失败, 车位=0677, 错误=(pyodbc.InterfaceError) ('IM002', '[IM002] [Microsoft][ODBC 驱动程序管理器] 未发现数据源名称并且未指定默认驱动程序 (0) (SQLDriverConnect)')
(Background on this error at: https://sqlalche.me/e/20/rvf5)
2026-04-27 12:06:19 | INFO     | app.services.patrol_service | === VIP车位巡检结束 ===
2026-04-27 12:06:49 | INFO     | app.services.patrol_service | === 开始VIP车位巡检 ===
2026-04-27 12:06:49 | ERROR    | app.services.external_db_service | 查询SQL Server失败, 车位=0677, 错误=(pyodbc.InterfaceError) ('IM002', '[IM002] [Microsoft][ODBC 驱动程序管理器] 未发现数据源名称并且未指定默认驱动程序 (0) (SQLDriverConnect)')
(Background on this error at: https://sqlalche.me/e/20/rvf5)
2026-04-27 12:06:49 | INFO     | app.services.patrol_service | === VIP车位巡检结束 ===
2026-04-27 12:07:19 | INFO     | app.services.patrol_service | === 开始VIP车位巡检 ===
2026-04-27 12:07:19 | ERROR    | app.services.external_db_service | 查询SQL Server失败, 车位=0677, 错误=(pyodbc.InterfaceError) ('IM002', '[IM002] [Microsoft][ODBC 驱动程序管理器] 未发现数据源名称并且未指定默认驱动程序 (0) (SQLDriverConnect)')
(Background on this error at: https://sqlalche.me/e/20/rvf5)
2026-04-27 12:07:19 | INFO     | app.services.patrol_service | === VIP车位巡检结束 ===
2026-04-27 12:07:49 | INFO     | app.services.patrol_service | === 开始VIP车位巡检 ===
2026-04-27 12:07:49 | ERROR    | app.services.external_db_service | 查询SQL Server失败, 车位=0677, 错误=(pyodbc.InterfaceError) ('IM002', '[IM002] [Microsoft][ODBC 驱动程序管理器] 未发现数据源名称并且未指定默认驱动程序 (0) (SQLDriverConnect)')
(Background on this error at: https://sqlalche.me/e/20/rvf5)
2026-04-27 12:07:49 | INFO     | app.services.patrol_service | === VIP车位巡检结束 ===
2026-04-27 12:08:19 | INFO     | app.services.patrol_service | === 开始VIP车位巡检 ===
2026-04-27 12:08:19 | ERROR    | app.services.external_db_service | 查询SQL Server失败, 车位=0677, 错误=(pyodbc.InterfaceError) ('IM002', '[IM002] [Microsoft][ODBC 驱动程序管理器] 未发现数据源名称并且未指定默认驱动程序 (0) (SQLDriverConnect)')
(Background on this error at: https://sqlalche.me/e/20/rvf5)
2026-04-27 12:08:19 | INFO     | app.services.patrol_service | === VIP车位巡检结束 ===
2026-04-27 12:08:49 | INFO     | app.services.patrol_service | === 开始VIP车位巡检 ===
2026-04-27 12:08:49 | ERROR    | app.services.external_db_service | 查询SQL Server失败, 车位=0677, 错误=(pyodbc.InterfaceError) ('IM002', '[IM002] [Microsoft][ODBC 驱动程序管理器] 未发现数据源名称并且未指定默认驱动程序 (0) (SQLDriverConnect)')
(Background on this error at: https://sqlalche.me/e/20/rvf5)
2026-04-27 12:08:49 | INFO     | app.services.patrol_service | === VIP车位巡检结束 ===
2026-04-27 12:09:19 | INFO     | app.services.patrol_service | === 开始VIP车位巡检 ===
2026-04-27 12:09:19 | ERROR    | app.services.external_db_service | 查询SQL Server失败, 车位=0677, 错误=(pyodbc.InterfaceError) ('IM002', '[IM002] [Microsoft][ODBC 驱动程序管理器] 未发现数据源名称并且未指定默认驱动程序 (0) (SQLDriverConnect)')
(Background on this error at: https://sqlalche.me/e/20/rvf5)
2026-04-27 12:09:19 | INFO     | app.services.patrol_service | === VIP车位巡检结束 ===
2026-04-27 12:09:49 | INFO     | app.services.patrol_service | === 开始VIP车位巡检 ===
2026-04-27 12:09:49 | ERROR    | app.services.external_db_service | 查询SQL Server失败, 车位=0677, 错误=(pyodbc.InterfaceError) ('IM002', '[IM002] [Microsoft][ODBC 驱动程序管理器] 未发现数据源名称并且未指定默认驱动程序 (0) (SQLDriverConnect)')
(Background on this error at: https://sqlalche.me/e/20/rvf5)
2026-04-27 12:09:49 | INFO     | app.services.patrol_service | === VIP车位巡检结束 ===
2026-04-27 12:10:19 | INFO     | app.services.patrol_service | === 开始VIP车位巡检 ===
2026-04-27 12:10:19 | ERROR    | app.services.external_db_service | 查询SQL Server失败, 车位=0677, 错误=(pyodbc.InterfaceError) ('IM002', '[IM002] [Microsoft][ODBC 驱动程序管理器] 未发现数据源名称并且未指定默认驱动程序 (0) (SQLDriverConnect)')
(Background on this error at: https://sqlalche.me/e/20/rvf5)
2026-04-27 12:10:19 | INFO     | app.services.patrol_service | === VIP车位巡检结束 ===
2026-04-27 12:10:49 | INFO     | app.services.patrol_service | === 开始VIP车位巡检 ===
2026-04-27 12:10:49 | ERROR    | app.services.external_db_service | 查询SQL Server失败, 车位=0677, 错误=(pyodbc.InterfaceError) ('IM002', '[IM002] [Microsoft][ODBC 驱动程序管理器] 未发现数据源名称并且未指定默认驱动程序 (0) (SQLDriverConnect)')
(Background on this error at: https://sqlalche.me/e/20/rvf5)
2026-04-27 12:10:49 | INFO     | app.services.patrol_service | === VIP车位巡检结束 ===
2026-04-27 12:11:19 | INFO     | app.services.patrol_service | === 开始VIP车位巡检 ===
2026-04-27 12:11:19 | ERROR    | app.services.external_db_service | 查询SQL Server失败, 车位=0677, 错误=(pyodbc.InterfaceError) ('IM002', '[IM002] [Microsoft][ODBC 驱动程序管理器] 未发现数据源名称并且未指定默认驱动程序 (0) (SQLDriverConnect)')
(Background on this error at: https://sqlalche.me/e/20/rvf5)
2026-04-27 12:11:19 | INFO     | app.services.patrol_service | === VIP车位巡检结束 ===
2026-04-27 12:11:49 | INFO     | app.services.patrol_service | === 开始VIP车位巡检 ===
2026-04-27 12:11:49 | ERROR    | app.services.external_db_service | 查询SQL Server失败, 车位=0677, 错误=(pyodbc.InterfaceError) ('IM002', '[IM002] [Microsoft][ODBC 驱动程序管理器] 未发现数据源名称并且未指定默认驱动程序 (0) (SQLDriverConnect)')
(Background on this error at: https://sqlalche.me/e/20/rvf5)
2026-04-27 12:11:49 | INFO     | app.services.patrol_service | === VIP车位巡检结束 ===
2026-04-27 12:12:19 | INFO     | app.services.patrol_service | === 开始VIP车位巡检 ===
2026-04-27 12:12:19 | ERROR    | app.services.external_db_service | 查询SQL Server失败, 车位=0677, 错误=(pyodbc.InterfaceError) ('IM002', '[IM002] [Microsoft][ODBC 驱动程序管理器] 未发现数据源名称并且未指定默认驱动程序 (0) (SQLDriverConnect)')
(Background on this error at: https://sqlalche.me/e/20/rvf5)
2026-04-27 12:12:19 | INFO     | app.services.patrol_service | === VIP车位巡检结束 ===
2026-04-27 12:12:49 | INFO     | app.services.patrol_service | === 开始VIP车位巡检 ===
2026-04-27 12:12:49 | ERROR    | app.services.external_db_service | 查询SQL Server失败, 车位=0677, 错误=(pyodbc.InterfaceError) ('IM002', '[IM002] [Microsoft][ODBC 驱动程序管理器] 未发现数据源名称并且未指定默认驱动程序 (0) (SQLDriverConnect)')
(Background on this error at: https://sqlalche.me/e/20/rvf5)
2026-04-27 12:12:49 | INFO     | app.services.patrol_service | === VIP车位巡检结束 ===
2026-04-27 12:13:19 | INFO     | app.services.patrol_service | === 开始VIP车位巡检 ===
2026-04-27 12:13:19 | ERROR    | app.services.external_db_service | 查询SQL Server失败, 车位=0677, 错误=(pyodbc.InterfaceError) ('IM002', '[IM002] [Microsoft][ODBC 驱动程序管理器] 未发现数据源名称并且未指定默认驱动程序 (0) (SQLDriverConnect)')
(Background on this error at: https://sqlalche.me/e/20/rvf5)
2026-04-27 12:13:19 | INFO     | app.services.patrol_service | === VIP车位巡检结束 ===
2026-04-27 12:13:49 | INFO     | app.services.patrol_service | === 开始VIP车位巡检 ===
2026-04-27 12:13:49 | ERROR    | app.services.external_db_service | 查询SQL Server失败, 车位=0677, 错误=(pyodbc.InterfaceError) ('IM002', '[IM002] [Microsoft][ODBC 驱动程序管理器] 未发现数据源名称并且未指定默认驱动程序 (0) (SQLDriverConnect)')
(Background on this error at: https://sqlalche.me/e/20/rvf5)
2026-04-27 12:13:49 | INFO     | app.services.patrol_service | === VIP车位巡检结束 ===
2026-04-27 12:14:19 | INFO     | app.services.patrol_service | === 开始VIP车位巡检 ===
2026-04-27 12:14:19 | ERROR    | app.services.external_db_service | 查询SQL Server失败, 车位=0677, 错误=(pyodbc.InterfaceError) ('IM002', '[IM002] [Microsoft][ODBC 驱动程序管理器] 未发现数据源名称并且未指定默认驱动程序 (0) (SQLDriverConnect)')
(Background on this error at: https://sqlalche.me/e/20/rvf5)
2026-04-27 12:14:19 | INFO     | app.services.patrol_service | === VIP车位巡检结束 ===
2026-04-27 12:14:49 | INFO     | app.services.patrol_service | === 开始VIP车位巡检 ===
2026-04-27 12:14:49 | ERROR    | app.services.external_db_service | 查询SQL Server失败, 车位=0677, 错误=(pyodbc.InterfaceError) ('IM002', '[IM002] [Microsoft][ODBC 驱动程序管理器] 未发现数据源名称并且未指定默认驱动程序 (0) (SQLDriverConnect)')
(Background on this error at: https://sqlalche.me/e/20/rvf5)
2026-04-27 12:14:49 | INFO     | app.services.patrol_service | === VIP车位巡检结束 ===
2026-04-27 12:15:19 | INFO     | app.services.patrol_service | === 开始VIP车位巡检 ===
2026-04-27 12:15:19 | ERROR    | app.services.external_db_service | 查询SQL Server失败, 车位=0677, 错误=(pyodbc.InterfaceError) ('IM002', '[IM002] [Microsoft][ODBC 驱动程序管理器] 未发现数据源名称并且未指定默认驱动程序 (0) (SQLDriverConnect)')
(Background on this error at: https://sqlalche.me/e/20/rvf5)
2026-04-27 12:15:19 | INFO     | app.services.patrol_service | === VIP车位巡检结束 ===
2026-04-27 12:15:49 | INFO     | app.services.patrol_service | === 开始VIP车位巡检 ===
2026-04-27 12:15:49 | ERROR    | app.services.external_db_service | 查询SQL Server失败, 车位=0677, 错误=(pyodbc.InterfaceError) ('IM002', '[IM002] [Microsoft][ODBC 驱动程序管理器] 未发现数据源名称并且未指定默认驱动程序 (0) (SQLDriverConnect)')
(Background on this error at: https://sqlalche.me/e/20/rvf5)
2026-04-27 12:15:49 | INFO     | app.services.patrol_service | === VIP车位巡检结束 ===
2026-04-27 12:16:19 | INFO     | app.services.patrol_service | === 开始VIP车位巡检 ===
2026-04-27 12:16:19 | ERROR    | app.services.external_db_service | 查询SQL Server失败, 车位=0677, 错误=(pyodbc.InterfaceError) ('IM002', '[IM002] [Microsoft][ODBC 驱动程序管理器] 未发现数据源名称并且未指定默认驱动程序 (0) (SQLDriverConnect)')
(Background on this error at: https://sqlalche.me/e/20/rvf5)
2026-04-27 12:16:19 | INFO     | app.services.patrol_service | === VIP车位巡检结束 ===
2026-04-27 12:16:49 | INFO     | app.services.patrol_service | === 开始VIP车位巡检 ===
2026-04-27 12:16:49 | ERROR    | app.services.external_db_service | 查询SQL Server失败, 车位=0677, 错误=(pyodbc.InterfaceError) ('IM002', '[IM002] [Microsoft][ODBC 驱动程序管理器] 未发现数据源名称并且未指定默认驱动程序 (0) (SQLDriverConnect)')
(Background on this error at: https://sqlalche.me/e/20/rvf5)
2026-04-27 12:16:49 | INFO     | app.services.patrol_service | === VIP车位巡检结束 ===
2026-04-27 12:17:19 | INFO     | app.services.patrol_service | === 开始VIP车位巡检 ===
2026-04-27 12:17:19 | ERROR    | app.services.external_db_service | 查询SQL Server失败, 车位=0677, 错误=(pyodbc.InterfaceError) ('IM002', '[IM002] [Microsoft][ODBC 驱动程序管理器] 未发现数据源名称并且未指定默认驱动程序 (0) (SQLDriverConnect)')
(Background on this error at: https://sqlalche.me/e/20/rvf5)
2026-04-27 12:17:19 | INFO     | app.services.patrol_service | === VIP车位巡检结束 ===
2026-04-27 12:17:49 | INFO     | app.services.patrol_service | === 开始VIP车位巡检 ===
2026-04-27 12:17:49 | ERROR    | app.services.external_db_service | 查询SQL Server失败, 车位=0677, 错误=(pyodbc.InterfaceError) ('IM002', '[IM002] [Microsoft][ODBC 驱动程序管理器] 未发现数据源名称并且未指定默认驱动程序 (0) (SQLDriverConnect)')
(Background on this error at: https://sqlalche.me/e/20/rvf5)
2026-04-27 12:17:49 | INFO     | app.services.patrol_service | === VIP车位巡检结束 ===
2026-04-27 12:18:19 | INFO     | app.services.patrol_service | === 开始VIP车位巡检 ===
2026-04-27 12:18:19 | ERROR    | app.services.external_db_service | 查询SQL Server失败, 车位=0677, 错误=(pyodbc.InterfaceError) ('IM002', '[IM002] [Microsoft][ODBC 驱动程序管理器] 未发现数据源名称并且未指定默认驱动程序 (0) (SQLDriverConnect)')
(Background on this error at: https://sqlalche.me/e/20/rvf5)
2026-04-27 12:18:19 | INFO     | app.services.patrol_service | === VIP车位巡检结束 ===
2026-04-27 12:18:49 | INFO     | app.services.patrol_service | === 开始VIP车位巡检 ===
2026-04-27 12:18:49 | ERROR    | app.services.external_db_service | 查询SQL Server失败, 车位=0677, 错误=(pyodbc.InterfaceError) ('IM002', '[IM002] [Microsoft][ODBC 驱动程序管理器] 未发现数据源名称并且未指定默认驱动程序 (0) (SQLDriverConnect)')
(Background on this error at: https://sqlalche.me/e/20/rvf5)
2026-04-27 12:18:49 | INFO     | app.services.patrol_service | === VIP车位巡检结束 ===
2026-04-27 12:19:19 | INFO     | app.services.patrol_service | === 开始VIP车位巡检 ===
2026-04-27 12:19:19 | ERROR    | app.services.external_db_service | 查询SQL Server失败, 车位=0677, 错误=(pyodbc.InterfaceError) ('IM002', '[IM002] [Microsoft][ODBC 驱动程序管理器] 未发现数据源名称并且未指定默认驱动程序 (0) (SQLDriverConnect)')
(Background on this error at: https://sqlalche.me/e/20/rvf5)
2026-04-27 12:19:19 | INFO     | app.services.patrol_service | === VIP车位巡检结束 ===
2026-04-27 12:19:49 | INFO     | app.services.patrol_service | === 开始VIP车位巡检 ===
2026-04-27 12:19:49 | ERROR    | app.services.external_db_service | 查询SQL Server失败, 车位=0677, 错误=(pyodbc.InterfaceError) ('IM002', '[IM002] [Microsoft][ODBC 驱动程序管理器] 未发现数据源名称并且未指定默认驱动程序 (0) (SQLDriverConnect)')
(Background on this error at: https://sqlalche.me/e/20/rvf5)
2026-04-27 12:19:49 | INFO     | app.services.patrol_service | === VIP车位巡检结束 ===
2026-04-27 12:20:19 | INFO     | app.services.patrol_service | === 开始VIP车位巡检 ===
2026-04-27 12:20:19 | ERROR    | app.services.external_db_service | 查询SQL Server失败, 车位=0677, 错误=(pyodbc.InterfaceError) ('IM002', '[IM002] [Microsoft][ODBC 驱动程序管理器] 未发现数据源名称并且未指定默认驱动程序 (0) (SQLDriverConnect)')
(Background on this error at: https://sqlalche.me/e/20/rvf5)
2026-04-27 12:20:19 | INFO     | app.services.patrol_service | === VIP车位巡检结束 ===
2026-04-27 12:20:49 | INFO     | app.services.patrol_service | === 开始VIP车位巡检 ===
2026-04-27 12:20:49 | ERROR    | app.services.external_db_service | 查询SQL Server失败, 车位=0677, 错误=(pyodbc.InterfaceError) ('IM002', '[IM002] [Microsoft][ODBC 驱动程序管理器] 未发现数据源名称并且未指定默认驱动程序 (0) (SQLDriverConnect)')
(Background on this error at: https://sqlalche.me/e/20/rvf5)
2026-04-27 12:20:49 | INFO     | app.services.patrol_service | === VIP车位巡检结束 ===
2026-04-27 12:21:19 | INFO     | app.services.patrol_service | === 开始VIP车位巡检 ===
2026-04-27 12:21:19 | ERROR    | app.services.external_db_service | 查询SQL Server失败, 车位=0677, 错误=(pyodbc.InterfaceError) ('IM002', '[IM002] [Microsoft][ODBC 驱动程序管理器] 未发现数据源名称并且未指定默认驱动程序 (0) (SQLDriverConnect)')
(Background on this error at: https://sqlalche.me/e/20/rvf5)
2026-04-27 12:21:19 | INFO     | app.services.patrol_service | === VIP车位巡检结束 ===
2026-04-27 12:21:49 | INFO     | app.services.patrol_service | === 开始VIP车位巡检 ===
2026-04-27 12:21:49 | ERROR    | app.services.external_db_service | 查询SQL Server失败, 车位=0677, 错误=(pyodbc.InterfaceError) ('IM002', '[IM002] [Microsoft][ODBC 驱动程序管理器] 未发现数据源名称并且未指定默认驱动程序 (0) (SQLDriverConnect)')
(Background on this error at: https://sqlalche.me/e/20/rvf5)
2026-04-27 12:21:49 | INFO     | app.services.patrol_service | === VIP车位巡检结束 ===
2026-04-27 12:22:19 | INFO     | app.services.patrol_service | === 开始VIP车位巡检 ===
2026-04-27 12:22:19 | ERROR    | app.services.external_db_service | 查询SQL Server失败, 车位=0677, 错误=(pyodbc.InterfaceError) ('IM002', '[IM002] [Microsoft][ODBC 驱动程序管理器] 未发现数据源名称并且未指定默认驱动程序 (0) (SQLDriverConnect)')
(Background on this error at: https://sqlalche.me/e/20/rvf5)
2026-04-27 12:22:19 | INFO     | app.services.patrol_service | === VIP车位巡检结束 ===
2026-04-27 12:22:49 | INFO     | app.services.patrol_service | === 开始VIP车位巡检 ===
2026-04-27 12:22:49 | ERROR    | app.services.external_db_service | 查询SQL Server失败, 车位=0677, 错误=(pyodbc.InterfaceError) ('IM002', '[IM002] [Microsoft][ODBC 驱动程序管理器] 未发现数据源名称并且未指定默认驱动程序 (0) (SQLDriverConnect)')
(Background on this error at: https://sqlalche.me/e/20/rvf5)
2026-04-27 12:22:49 | INFO     | app.services.patrol_service | === VIP车位巡检结束 ===
2026-04-27 12:23:19 | INFO     | app.services.patrol_service | === 开始VIP车位巡检 ===
2026-04-27 12:23:19 | ERROR    | app.services.external_db_service | 查询SQL Server失败, 车位=0677, 错误=(pyodbc.InterfaceError) ('IM002', '[IM002] [Microsoft][ODBC 驱动程序管理器] 未发现数据源名称并且未指定默认驱动程序 (0) (SQLDriverConnect)')
(Background on this error at: https://sqlalche.me/e/20/rvf5)
2026-04-27 12:23:19 | INFO     | app.services.patrol_service | === VIP车位巡检结束 ===
2026-04-27 12:23:49 | INFO     | app.services.patrol_service | === 开始VIP车位巡检 ===
2026-04-27 12:23:49 | ERROR    | app.services.external_db_service | 查询SQL Server失败, 车位=0677, 错误=(pyodbc.InterfaceError) ('IM002', '[IM002] [Microsoft][ODBC 驱动程序管理器] 未发现数据源名称并且未指定默认驱动程序 (0) (SQLDriverConnect)')
(Background on this error at: https://sqlalche.me/e/20/rvf5)
2026-04-27 12:23:49 | INFO     | app.services.patrol_service | === VIP车位巡检结束 ===
2026-04-27 12:24:19 | INFO     | app.services.patrol_service | === 开始VIP车位巡检 ===
2026-04-27 12:24:19 | ERROR    | app.services.external_db_service | 查询SQL Server失败, 车位=0677, 错误=(pyodbc.InterfaceError) ('IM002', '[IM002] [Microsoft][ODBC 驱动程序管理器] 未发现数据源名称并且未指定默认驱动程序 (0) (SQLDriverConnect)')
(Background on this error at: https://sqlalche.me/e/20/rvf5)
2026-04-27 12:24:19 | INFO     | app.services.patrol_service | === VIP车位巡检结束 ===
2026-04-27 12:24:49 | INFO     | app.services.patrol_service | === 开始VIP车位巡检 ===
2026-04-27 12:24:49 | ERROR    | app.services.external_db_service | 查询SQL Server失败, 车位=0677, 错误=(pyodbc.InterfaceError) ('IM002', '[IM002] [Microsoft][ODBC 驱动程序管理器] 未发现数据源名称并且未指定默认驱动程序 (0) (SQLDriverConnect)')
(Background on this error at: https://sqlalche.me/e/20/rvf5)
2026-04-27 12:24:49 | INFO     | app.services.patrol_service | === VIP车位巡检结束 ===
2026-04-27 12:25:19 | INFO     | app.services.patrol_service | === 开始VIP车位巡检 ===
2026-04-27 12:25:19 | ERROR    | app.services.external_db_service | 查询SQL Server失败, 车位=0677, 错误=(pyodbc.InterfaceError) ('IM002', '[IM002] [Microsoft][ODBC 驱动程序管理器] 未发现数据源名称并且未指定默认驱动程序 (0) (SQLDriverConnect)')
(Background on this error at: https://sqlalche.me/e/20/rvf5)
2026-04-27 12:25:19 | INFO     | app.services.patrol_service | === VIP车位巡检结束 ===
2026-04-27 12:25:49 | INFO     | app.services.patrol_service | === 开始VIP车位巡检 ===
2026-04-27 12:25:49 | ERROR    | app.services.external_db_service | 查询SQL Server失败, 车位=0677, 错误=(pyodbc.InterfaceError) ('IM002', '[IM002] [Microsoft][ODBC 驱动程序管理器] 未发现数据源名称并且未指定默认驱动程序 (0) (SQLDriverConnect)')
(Background on this error at: https://sqlalche.me/e/20/rvf5)
2026-04-27 12:25:49 | INFO     | app.services.patrol_service | === VIP车位巡检结束 ===
2026-04-27 12:26:19 | INFO     | app.services.patrol_service | === 开始VIP车位巡检 ===
2026-04-27 12:26:19 | ERROR    | app.services.external_db_service | 查询SQL Server失败, 车位=0677, 错误=(pyodbc.InterfaceError) ('IM002', '[IM002] [Microsoft][ODBC 驱动程序管理器] 未发现数据源名称并且未指定默认驱动程序 (0) (SQLDriverConnect)')
(Background on this error at: https://sqlalche.me/e/20/rvf5)
2026-04-27 12:26:19 | INFO     | app.services.patrol_service | === VIP车位巡检结束 ===
2026-04-27 12:26:49 | INFO     | app.services.patrol_service | === 开始VIP车位巡检 ===
2026-04-27 12:26:49 | ERROR    | app.services.external_db_service | 查询SQL Server失败, 车位=0677, 错误=(pyodbc.InterfaceError) ('IM002', '[IM002] [Microsoft][ODBC 驱动程序管理器] 未发现数据源名称并且未指定默认驱动程序 (0) (SQLDriverConnect)')
(Background on this error at: https://sqlalche.me/e/20/rvf5)
2026-04-27 12:26:49 | INFO     | app.services.patrol_service | === VIP车位巡检结束 ===
2026-04-27 12:27:19 | INFO     | app.services.patrol_service | === 开始VIP车位巡检 ===
2026-04-27 12:27:19 | ERROR    | app.services.external_db_service | 查询SQL Server失败, 车位=0677, 错误=(pyodbc.InterfaceError) ('IM002', '[IM002] [Microsoft][ODBC 驱动程序管理器] 未发现数据源名称并且未指定默认驱动程序 (0) (SQLDriverConnect)')
(Background on this error at: https://sqlalche.me/e/20/rvf5)
2026-04-27 12:27:19 | INFO     | app.services.patrol_service | === VIP车位巡检结束 ===
2026-04-27 12:27:49 | INFO     | app.services.patrol_service | === 开始VIP车位巡检 ===
2026-04-27 12:27:49 | ERROR    | app.services.external_db_service | 查询SQL Server失败, 车位=0677, 错误=(pyodbc.InterfaceError) ('IM002', '[IM002] [Microsoft][ODBC 驱动程序管理器] 未发现数据源名称并且未指定默认驱动程序 (0) (SQLDriverConnect)')
(Background on this error at: https://sqlalche.me/e/20/rvf5)
2026-04-27 12:27:49 | INFO     | app.services.patrol_service | === VIP车位巡检结束 ===
2026-04-27 12:28:19 | INFO     | app.services.patrol_service | === 开始VIP车位巡检 ===
2026-04-27 12:28:19 | ERROR    | app.services.external_db_service | 查询SQL Server失败, 车位=0677, 错误=(pyodbc.InterfaceError) ('IM002', '[IM002] [Microsoft][ODBC 驱动程序管理器] 未发现数据源名称并且未指定默认驱动程序 (0) (SQLDriverConnect)')
(Background on this error at: https://sqlalche.me/e/20/rvf5)
2026-04-27 12:28:19 | INFO     | app.services.patrol_service | === VIP车位巡检结束 ===
2026-04-27 12:28:49 | INFO     | app.services.patrol_service | === 开始VIP车位巡检 ===
2026-04-27 12:28:49 | ERROR    | app.services.external_db_service | 查询SQL Server失败, 车位=0677, 错误=(pyodbc.InterfaceError) ('IM002', '[IM002] [Microsoft][ODBC 驱动程序管理器] 未发现数据源名称并且未指定默认驱动程序 (0) (SQLDriverConnect)')
(Background on this error at: https://sqlalche.me/e/20/rvf5)
2026-04-27 12:28:49 | INFO     | app.services.patrol_service | === VIP车位巡检结束 ===
2026-04-27 12:29:19 | INFO     | app.services.patrol_service | === 开始VIP车位巡检 ===
2026-04-27 12:29:19 | ERROR    | app.services.external_db_service | 查询SQL Server失败, 车位=0677, 错误=(pyodbc.InterfaceError) ('IM002', '[IM002] [Microsoft][ODBC 驱动程序管理器] 未发现数据源名称并且未指定默认驱动程序 (0) (SQLDriverConnect)')
(Background on this error at: https://sqlalche.me/e/20/rvf5)
2026-04-27 12:29:19 | INFO     | app.services.patrol_service | === VIP车位巡检结束 ===
2026-04-27 12:29:49 | INFO     | app.services.patrol_service | === 开始VIP车位巡检 ===
2026-04-27 12:29:49 | ERROR    | app.services.external_db_service | 查询SQL Server失败, 车位=0677, 错误=(pyodbc.InterfaceError) ('IM002', '[IM002] [Microsoft][ODBC 驱动程序管理器] 未发现数据源名称并且未指定默认驱动程序 (0) (SQLDriverConnect)')
(Background on this error at: https://sqlalche.me/e/20/rvf5)
2026-04-27 12:29:49 | INFO     | app.services.patrol_service | === VIP车位巡检结束 ===
2026-04-27 12:30:19 | INFO     | app.services.patrol_service | === 开始VIP车位巡检 ===
2026-04-27 12:30:19 | ERROR    | app.services.external_db_service | 查询SQL Server失败, 车位=0677, 错误=(pyodbc.InterfaceError) ('IM002', '[IM002] [Microsoft][ODBC 驱动程序管理器] 未发现数据源名称并且未指定默认驱动程序 (0) (SQLDriverConnect)')
(Background on this error at: https://sqlalche.me/e/20/rvf5)
2026-04-27 12:30:19 | INFO     | app.services.patrol_service | === VIP车位巡检结束 ===
2026-04-27 12:30:49 | INFO     | app.services.patrol_service | === 开始VIP车位巡检 ===
2026-04-27 12:30:49 | ERROR    | app.services.external_db_service | 查询SQL Server失败, 车位=0677, 错误=(pyodbc.InterfaceError) ('IM002', '[IM002] [Microsoft][ODBC 驱动程序管理器] 未发现数据源名称并且未指定默认驱动程序 (0) (SQLDriverConnect)')
(Background on this error at: https://sqlalche.me/e/20/rvf5)
2026-04-27 12:30:49 | INFO     | app.services.patrol_service | === VIP车位巡检结束 ===
2026-04-27 12:31:19 | INFO     | app.services.patrol_service | === 开始VIP车位巡检 ===
2026-04-27 12:31:19 | ERROR    | app.services.external_db_service | 查询SQL Server失败, 车位=0677, 错误=(pyodbc.InterfaceError) ('IM002', '[IM002] [Microsoft][ODBC 驱动程序管理器] 未发现数据源名称并且未指定默认驱动程序 (0) (SQLDriverConnect)')
(Background on this error at: https://sqlalche.me/e/20/rvf5)
2026-04-27 12:31:19 | INFO     | app.services.patrol_service | === VIP车位巡检结束 ===
2026-04-27 12:31:49 | INFO     | app.services.patrol_service | === 开始VIP车位巡检 ===
2026-04-27 12:31:49 | ERROR    | app.services.external_db_service | 查询SQL Server失败, 车位=0677, 错误=(pyodbc.InterfaceError) ('IM002', '[IM002] [Microsoft][ODBC 驱动程序管理器] 未发现数据源名称并且未指定默认驱动程序 (0) (SQLDriverConnect)')
(Background on this error at: https://sqlalche.me/e/20/rvf5)
2026-04-27 12:31:49 | INFO     | app.services.patrol_service | === VIP车位巡检结束 ===
2026-04-27 12:32:19 | INFO     | app.services.patrol_service | === 开始VIP车位巡检 ===
2026-04-27 12:32:19 | ERROR    | app.services.external_db_service | 查询SQL Server失败, 车位=0677, 错误=(pyodbc.InterfaceError) ('IM002', '[IM002] [Microsoft][ODBC 驱动程序管理器] 未发现数据源名称并且未指定默认驱动程序 (0) (SQLDriverConnect)')
(Background on this error at: https://sqlalche.me/e/20/rvf5)
2026-04-27 12:32:19 | INFO     | app.services.patrol_service | === VIP车位巡检结束 ===
2026-04-27 12:32:49 | INFO     | app.services.patrol_service | === 开始VIP车位巡检 ===
2026-04-27 12:32:49 | ERROR    | app.services.external_db_service | 查询SQL Server失败, 车位=0677, 错误=(pyodbc.InterfaceError) ('IM002', '[IM002] [Microsoft][ODBC 驱动程序管理器] 未发现数据源名称并且未指定默认驱动程序 (0) (SQLDriverConnect)')
(Background on this error at: https://sqlalche.me/e/20/rvf5)
2026-04-27 12:32:49 | INFO     | app.services.patrol_service | === VIP车位巡检结束 ===
2026-04-27 12:33:19 | INFO     | app.services.patrol_service | === 开始VIP车位巡检 ===
2026-04-27 12:33:19 | ERROR    | app.services.external_db_service | 查询SQL Server失败, 车位=0677, 错误=(pyodbc.InterfaceError) ('IM002', '[IM002] [Microsoft][ODBC 驱动程序管理器] 未发现数据源名称并且未指定默认驱动程序 (0) (SQLDriverConnect)')
(Background on this error at: https://sqlalche.me/e/20/rvf5)
2026-04-27 12:33:19 | INFO     | app.services.patrol_service | === VIP车位巡检结束 ===
2026-04-27 12:33:49 | INFO     | app.services.patrol_service | === 开始VIP车位巡检 ===
2026-04-27 12:33:49 | ERROR    | app.services.external_db_service | 查询SQL Server失败, 车位=0677, 错误=(pyodbc.InterfaceError) ('IM002', '[IM002] [Microsoft][ODBC 驱动程序管理器] 未发现数据源名称并且未指定默认驱动程序 (0) (SQLDriverConnect)')
(Background on this error at: https://sqlalche.me/e/20/rvf5)
2026-04-27 12:33:49 | INFO     | app.services.patrol_service | === VIP车位巡检结束 ===
2026-04-27 12:34:19 | INFO     | app.services.patrol_service | === 开始VIP车位巡检 ===
2026-04-27 12:34:19 | ERROR    | app.services.external_db_service | 查询SQL Server失败, 车位=0677, 错误=(pyodbc.InterfaceError) ('IM002', '[IM002] [Microsoft][ODBC 驱动程序管理器] 未发现数据源名称并且未指定默认驱动程序 (0) (SQLDriverConnect)')
(Background on this error at: https://sqlalche.me/e/20/rvf5)
2026-04-27 12:34:19 | INFO     | app.services.patrol_service | === VIP车位巡检结束 ===
2026-04-27 12:34:49 | INFO     | app.services.patrol_service | === 开始VIP车位巡检 ===
2026-04-27 12:34:49 | ERROR    | app.services.external_db_service | 查询SQL Server失败, 车位=0677, 错误=(pyodbc.InterfaceError) ('IM002', '[IM002] [Microsoft][ODBC 驱动程序管理器] 未发现数据源名称并且未指定默认驱动程序 (0) (SQLDriverConnect)')
(Background on this error at: https://sqlalche.me/e/20/rvf5)
2026-04-27 12:34:49 | INFO     | app.services.patrol_service | === VIP车位巡检结束 ===
2026-04-27 12:35:19 | INFO     | app.services.patrol_service | === 开始VIP车位巡检 ===
2026-04-27 12:35:19 | ERROR    | app.services.external_db_service | 查询SQL Server失败, 车位=0677, 错误=(pyodbc.InterfaceError) ('IM002', '[IM002] [Microsoft][ODBC 驱动程序管理器] 未发现数据源名称并且未指定默认驱动程序 (0) (SQLDriverConnect)')
(Background on this error at: https://sqlalche.me/e/20/rvf5)
2026-04-27 12:35:19 | INFO     | app.services.patrol_service | === VIP车位巡检结束 ===
2026-04-27 12:35:49 | INFO     | app.services.patrol_service | === 开始VIP车位巡检 ===
2026-04-27 12:35:49 | ERROR    | app.services.external_db_service | 查询SQL Server失败, 车位=0677, 错误=(pyodbc.InterfaceError) ('IM002', '[IM002] [Microsoft][ODBC 驱动程序管理器] 未发现数据源名称并且未指定默认驱动程序 (0) (SQLDriverConnect)')
(Background on this error at: https://sqlalche.me/e/20/rvf5)
2026-04-27 12:35:49 | INFO     | app.services.patrol_service | === VIP车位巡检结束 ===
2026-04-27 12:36:19 | INFO     | app.services.patrol_service | === 开始VIP车位巡检 ===
2026-04-27 12:36:19 | ERROR    | app.services.external_db_service | 查询SQL Server失败, 车位=0677, 错误=(pyodbc.InterfaceError) ('IM002', '[IM002] [Microsoft][ODBC 驱动程序管理器] 未发现数据源名称并且未指定默认驱动程序 (0) (SQLDriverConnect)')
(Background on this error at: https://sqlalche.me/e/20/rvf5)
2026-04-27 12:36:19 | INFO     | app.services.patrol_service | === VIP车位巡检结束 ===
2026-04-27 12:36:49 | INFO     | app.services.patrol_service | === 开始VIP车位巡检 ===
2026-04-27 12:36:49 | ERROR    | app.services.external_db_service | 查询SQL Server失败, 车位=0677, 错误=(pyodbc.InterfaceError) ('IM002', '[IM002] [Microsoft][ODBC 驱动程序管理器] 未发现数据源名称并且未指定默认驱动程序 (0) (SQLDriverConnect)')
(Background on this error at: https://sqlalche.me/e/20/rvf5)
2026-04-27 12:36:49 | INFO     | app.services.patrol_service | === VIP车位巡检结束 ===
2026-04-27 12:37:19 | INFO     | app.services.patrol_service | === 开始VIP车位巡检 ===
2026-04-27 12:37:19 | ERROR    | app.services.external_db_service | 查询SQL Server失败, 车位=0677, 错误=(pyodbc.InterfaceError) ('IM002', '[IM002] [Microsoft][ODBC 驱动程序管理器] 未发现数据源名称并且未指定默认驱动程序 (0) (SQLDriverConnect)')
(Background on this error at: https://sqlalche.me/e/20/rvf5)
2026-04-27 12:37:19 | INFO     | app.services.patrol_service | === VIP车位巡检结束 ===
2026-04-27 12:37:49 | INFO     | app.services.patrol_service | === 开始VIP车位巡检 ===
2026-04-27 12:37:49 | ERROR    | app.services.external_db_service | 查询SQL Server失败, 车位=0677, 错误=(pyodbc.InterfaceError) ('IM002', '[IM002] [Microsoft][ODBC 驱动程序管理器] 未发现数据源名称并且未指定默认驱动程序 (0) (SQLDriverConnect)')
(Background on this error at: https://sqlalche.me/e/20/rvf5)
2026-04-27 12:37:49 | INFO     | app.services.patrol_service | === VIP车位巡检结束 ===
2026-04-27 12:38:19 | INFO     | app.services.patrol_service | === 开始VIP车位巡检 ===
2026-04-27 12:38:19 | ERROR    | app.services.external_db_service | 查询SQL Server失败, 车位=0677, 错误=(pyodbc.InterfaceError) ('IM002', '[IM002] [Microsoft][ODBC 驱动程序管理器] 未发现数据源名称并且未指定默认驱动程序 (0) (SQLDriverConnect)')
(Background on this error at: https://sqlalche.me/e/20/rvf5)
2026-04-27 12:38:19 | INFO     | app.services.patrol_service | === VIP车位巡检结束 ===
2026-04-27 12:38:49 | INFO     | app.services.patrol_service | === 开始VIP车位巡检 ===
2026-04-27 12:38:49 | ERROR    | app.services.external_db_service | 查询SQL Server失败, 车位=0677, 错误=(pyodbc.InterfaceError) ('IM002', '[IM002] [Microsoft][ODBC 驱动程序管理器] 未发现数据源名称并且未指定默认驱动程序 (0) (SQLDriverConnect)')
(Background on this error at: https://sqlalche.me/e/20/rvf5)
2026-04-27 12:38:49 | INFO     | app.services.patrol_service | === VIP车位巡检结束 ===
2026-04-27 12:39:19 | INFO     | app.services.patrol_service | === 开始VIP车位巡检 ===
2026-04-27 12:39:19 | ERROR    | app.services.external_db_service | 查询SQL Server失败, 车位=0677, 错误=(pyodbc.InterfaceError) ('IM002', '[IM002] [Microsoft][ODBC 驱动程序管理器] 未发现数据源名称并且未指定默认驱动程序 (0) (SQLDriverConnect)')
(Background on this error at: https://sqlalche.me/e/20/rvf5)
2026-04-27 12:39:19 | INFO     | app.services.patrol_service | === VIP车位巡检结束 ===
2026-04-27 12:39:49 | INFO     | app.services.patrol_service | === 开始VIP车位巡检 ===
2026-04-27 12:39:49 | ERROR    | app.services.external_db_service | 查询SQL Server失败, 车位=0677, 错误=(pyodbc.InterfaceError) ('IM002', '[IM002] [Microsoft][ODBC 驱动程序管理器] 未发现数据源名称并且未指定默认驱动程序 (0) (SQLDriverConnect)')
(Background on this error at: https://sqlalche.me/e/20/rvf5)
2026-04-27 12:39:49 | INFO     | app.services.patrol_service | === VIP车位巡检结束 ===
2026-04-27 12:40:19 | INFO     | app.services.patrol_service | === 开始VIP车位巡检 ===
2026-04-27 12:40:19 | ERROR    | app.services.external_db_service | 查询SQL Server失败, 车位=0677, 错误=(pyodbc.InterfaceError) ('IM002', '[IM002] [Microsoft][ODBC 驱动程序管理器] 未发现数据源名称并且未指定默认驱动程序 (0) (SQLDriverConnect)')
(Background on this error at: https://sqlalche.me/e/20/rvf5)
2026-04-27 12:40:19 | INFO     | app.services.patrol_service | === VIP车位巡检结束 ===
2026-04-27 12:40:49 | INFO     | app.services.patrol_service | === 开始VIP车位巡检 ===
2026-04-27 12:40:49 | ERROR    | app.services.external_db_service | 查询SQL Server失败, 车位=0677, 错误=(pyodbc.InterfaceError) ('IM002', '[IM002] [Microsoft][ODBC 驱动程序管理器] 未发现数据源名称并且未指定默认驱动程序 (0) (SQLDriverConnect)')
(Background on this error at: https://sqlalche.me/e/20/rvf5)
2026-04-27 12:40:49 | INFO     | app.services.patrol_service | === VIP车位巡检结束 ===
2026-04-27 12:41:19 | INFO     | app.services.patrol_service | === 开始VIP车位巡检 ===
2026-04-27 12:41:19 | ERROR    | app.services.external_db_service | 查询SQL Server失败, 车位=0677, 错误=(pyodbc.InterfaceError) ('IM002', '[IM002] [Microsoft][ODBC 驱动程序管理器] 未发现数据源名称并且未指定默认驱动程序 (0) (SQLDriverConnect)')
(Background on this error at: https://sqlalche.me/e/20/rvf5)
2026-04-27 12:41:19 | INFO     | app.services.patrol_service | === VIP车位巡检结束 ===
2026-04-27 12:41:49 | INFO     | app.services.patrol_service | === 开始VIP车位巡检 ===
2026-04-27 12:41:49 | ERROR    | app.services.external_db_service | 查询SQL Server失败, 车位=0677, 错误=(pyodbc.InterfaceError) ('IM002', '[IM002] [Microsoft][ODBC 驱动程序管理器] 未发现数据源名称并且未指定默认驱动程序 (0) (SQLDriverConnect)')
(Background on this error at: https://sqlalche.me/e/20/rvf5)
2026-04-27 12:41:49 | INFO     | app.services.patrol_service | === VIP车位巡检结束 ===
2026-04-27 12:42:19 | INFO     | app.services.patrol_service | === 开始VIP车位巡检 ===
2026-04-27 12:42:19 | ERROR    | app.services.external_db_service | 查询SQL Server失败, 车位=0677, 错误=(pyodbc.InterfaceError) ('IM002', '[IM002] [Microsoft][ODBC 驱动程序管理器] 未发现数据源名称并且未指定默认驱动程序 (0) (SQLDriverConnect)')
(Background on this error at: https://sqlalche.me/e/20/rvf5)
2026-04-27 12:42:19 | INFO     | app.services.patrol_service | === VIP车位巡检结束 ===
2026-04-27 12:42:49 | INFO     | app.services.patrol_service | === 开始VIP车位巡检 ===
2026-04-27 12:42:49 | ERROR    | app.services.external_db_service | 查询SQL Server失败, 车位=0677, 错误=(pyodbc.InterfaceError) ('IM002', '[IM002] [Microsoft][ODBC 驱动程序管理器] 未发现数据源名称并且未指定默认驱动程序 (0) (SQLDriverConnect)')
(Background on this error at: https://sqlalche.me/e/20/rvf5)
2026-04-27 12:42:49 | INFO     | app.services.patrol_service | === VIP车位巡检结束 ===
2026-04-27 12:43:19 | INFO     | app.services.patrol_service | === 开始VIP车位巡检 ===
2026-04-27 12:43:19 | ERROR    | app.services.external_db_service | 查询SQL Server失败, 车位=0677, 错误=(pyodbc.InterfaceError) ('IM002', '[IM002] [Microsoft][ODBC 驱动程序管理器] 未发现数据源名称并且未指定默认驱动程序 (0) (SQLDriverConnect)')
(Background on this error at: https://sqlalche.me/e/20/rvf5)
2026-04-27 12:43:19 | INFO     | app.services.patrol_service | === VIP车位巡检结束 ===
2026-04-27 12:43:49 | INFO     | app.services.patrol_service | === 开始VIP车位巡检 ===
2026-04-27 12:43:49 | ERROR    | app.services.external_db_service | 查询SQL Server失败, 车位=0677, 错误=(pyodbc.InterfaceError) ('IM002', '[IM002] [Microsoft][ODBC 驱动程序管理器] 未发现数据源名称并且未指定默认驱动程序 (0) (SQLDriverConnect)')
(Background on this error at: https://sqlalche.me/e/20/rvf5)
2026-04-27 12:43:49 | INFO     | app.services.patrol_service | === VIP车位巡检结束 ===
2026-04-27 12:44:19 | INFO     | app.services.patrol_service | === 开始VIP车位巡检 ===
2026-04-27 12:44:19 | ERROR    | app.services.external_db_service | 查询SQL Server失败, 车位=0677, 错误=(pyodbc.InterfaceError) ('IM002', '[IM002] [Microsoft][ODBC 驱动程序管理器] 未发现数据源名称并且未指定默认驱动程序 (0) (SQLDriverConnect)')
(Background on this error at: https://sqlalche.me/e/20/rvf5)
2026-04-27 12:44:19 | INFO     | app.services.patrol_service | === VIP车位巡检结束 ===
2026-04-27 12:44:49 | INFO     | app.services.patrol_service | === 开始VIP车位巡检 ===
2026-04-27 12:44:49 | ERROR    | app.services.external_db_service | 查询SQL Server失败, 车位=0677, 错误=(pyodbc.InterfaceError) ('IM002', '[IM002] [Microsoft][ODBC 驱动程序管理器] 未发现数据源名称并且未指定默认驱动程序 (0) (SQLDriverConnect)')
(Background on this error at: https://sqlalche.me/e/20/rvf5)
2026-04-27 12:44:49 | INFO     | app.services.patrol_service | === VIP车位巡检结束 ===
2026-04-27 12:45:19 | INFO     | app.services.patrol_service | === 开始VIP车位巡检 ===
2026-04-27 12:45:19 | ERROR    | app.services.external_db_service | 查询SQL Server失败, 车位=0677, 错误=(pyodbc.InterfaceError) ('IM002', '[IM002] [Microsoft][ODBC 驱动程序管理器] 未发现数据源名称并且未指定默认驱动程序 (0) (SQLDriverConnect)')
(Background on this error at: https://sqlalche.me/e/20/rvf5)
2026-04-27 12:45:19 | INFO     | app.services.patrol_service | === VIP车位巡检结束 ===
2026-04-27 12:45:49 | INFO     | app.services.patrol_service | === 开始VIP车位巡检 ===
2026-04-27 12:45:49 | ERROR    | app.services.external_db_service | 查询SQL Server失败, 车位=0677, 错误=(pyodbc.InterfaceError) ('IM002', '[IM002] [Microsoft][ODBC 驱动程序管理器] 未发现数据源名称并且未指定默认驱动程序 (0) (SQLDriverConnect)')
(Background on this error at: https://sqlalche.me/e/20/rvf5)
2026-04-27 12:45:49 | INFO     | app.services.patrol_service | === VIP车位巡检结束 ===
2026-04-27 12:46:19 | INFO     | app.services.patrol_service | === 开始VIP车位巡检 ===
2026-04-27 12:46:19 | ERROR    | app.services.external_db_service | 查询SQL Server失败, 车位=0677, 错误=(pyodbc.InterfaceError) ('IM002', '[IM002] [Microsoft][ODBC 驱动程序管理器] 未发现数据源名称并且未指定默认驱动程序 (0) (SQLDriverConnect)')
(Background on this error at: https://sqlalche.me/e/20/rvf5)
2026-04-27 12:46:19 | INFO     | app.services.patrol_service | === VIP车位巡检结束 ===
2026-04-27 12:46:49 | INFO     | app.services.patrol_service | === 开始VIP车位巡检 ===
2026-04-27 12:46:49 | ERROR    | app.services.external_db_service | 查询SQL Server失败, 车位=0677, 错误=(pyodbc.InterfaceError) ('IM002', '[IM002] [Microsoft][ODBC 驱动程序管理器] 未发现数据源名称并且未指定默认驱动程序 (0) (SQLDriverConnect)')
(Background on this error at: https://sqlalche.me/e/20/rvf5)
2026-04-27 12:46:49 | INFO     | app.services.patrol_service | === VIP车位巡检结束 ===
2026-04-27 12:47:19 | INFO     | app.services.patrol_service | === 开始VIP车位巡检 ===
2026-04-27 12:47:19 | ERROR    | app.services.external_db_service | 查询SQL Server失败, 车位=0677, 错误=(pyodbc.InterfaceError) ('IM002', '[IM002] [Microsoft][ODBC 驱动程序管理器] 未发现数据源名称并且未指定默认驱动程序 (0) (SQLDriverConnect)')
(Background on this error at: https://sqlalche.me/e/20/rvf5)
2026-04-27 12:47:19 | INFO     | app.services.patrol_service | === VIP车位巡检结束 ===
2026-04-27 12:47:49 | INFO     | app.services.patrol_service | === 开始VIP车位巡检 ===
2026-04-27 12:47:49 | ERROR    | app.services.external_db_service | 查询SQL Server失败, 车位=0677, 错误=(pyodbc.InterfaceError) ('IM002', '[IM002] [Microsoft][ODBC 驱动程序管理器] 未发现数据源名称并且未指定默认驱动程序 (0) (SQLDriverConnect)')
(Background on this error at: https://sqlalche.me/e/20/rvf5)
2026-04-27 12:47:49 | INFO     | app.services.patrol_service | === VIP车位巡检结束 ===
2026-04-27 12:48:19 | INFO     | app.services.patrol_service | === 开始VIP车位巡检 ===
2026-04-27 12:48:19 | ERROR    | app.services.external_db_service | 查询SQL Server失败, 车位=0677, 错误=(pyodbc.InterfaceError) ('IM002', '[IM002] [Microsoft][ODBC 驱动程序管理器] 未发现数据源名称并且未指定默认驱动程序 (0) (SQLDriverConnect)')
(Background on this error at: https://sqlalche.me/e/20/rvf5)
2026-04-27 12:48:19 | INFO     | app.services.patrol_service | === VIP车位巡检结束 ===
2026-04-27 12:48:49 | INFO     | app.services.patrol_service | === 开始VIP车位巡检 ===
2026-04-27 12:48:49 | ERROR    | app.services.external_db_service | 查询SQL Server失败, 车位=0677, 错误=(pyodbc.InterfaceError) ('IM002', '[IM002] [Microsoft][ODBC 驱动程序管理器] 未发现数据源名称并且未指定默认驱动程序 (0) (SQLDriverConnect)')
(Background on this error at: https://sqlalche.me/e/20/rvf5)
2026-04-27 12:48:49 | INFO     | app.services.patrol_service | === VIP车位巡检结束 ===
2026-04-27 12:49:19 | INFO     | app.services.patrol_service | === 开始VIP车位巡检 ===
2026-04-27 12:49:19 | ERROR    | app.services.external_db_service | 查询SQL Server失败, 车位=0677, 错误=(pyodbc.InterfaceError) ('IM002', '[IM002] [Microsoft][ODBC 驱动程序管理器] 未发现数据源名称并且未指定默认驱动程序 (0) (SQLDriverConnect)')
(Background on this error at: https://sqlalche.me/e/20/rvf5)
2026-04-27 12:49:19 | INFO     | app.services.patrol_service | === VIP车位巡检结束 ===
2026-04-27 12:49:49 | INFO     | app.services.patrol_service | === 开始VIP车位巡检 ===
2026-04-27 12:49:49 | ERROR    | app.services.external_db_service | 查询SQL Server失败, 车位=0677, 错误=(pyodbc.InterfaceError) ('IM002', '[IM002] [Microsoft][ODBC 驱动程序管理器] 未发现数据源名称并且未指定默认驱动程序 (0) (SQLDriverConnect)')
(Background on this error at: https://sqlalche.me/e/20/rvf5)
2026-04-27 12:49:49 | INFO     | app.services.patrol_service | === VIP车位巡检结束 ===
2026-04-27 12:50:19 | INFO     | app.services.patrol_service | === 开始VIP车位巡检 ===
2026-04-27 12:50:19 | ERROR    | app.services.external_db_service | 查询SQL Server失败, 车位=0677, 错误=(pyodbc.InterfaceError) ('IM002', '[IM002] [Microsoft][ODBC 驱动程序管理器] 未发现数据源名称并且未指定默认驱动程序 (0) (SQLDriverConnect)')
(Background on this error at: https://sqlalche.me/e/20/rvf5)
2026-04-27 12:50:19 | INFO     | app.services.patrol_service | === VIP车位巡检结束 ===
2026-04-27 12:50:49 | INFO     | app.services.patrol_service | === 开始VIP车位巡检 ===
2026-04-27 12:50:49 | ERROR    | app.services.external_db_service | 查询SQL Server失败, 车位=0677, 错误=(pyodbc.InterfaceError) ('IM002', '[IM002] [Microsoft][ODBC 驱动程序管理器] 未发现数据源名称并且未指定默认驱动程序 (0) (SQLDriverConnect)')
(Background on this error at: https://sqlalche.me/e/20/rvf5)
2026-04-27 12:50:49 | INFO     | app.services.patrol_service | === VIP车位巡检结束 ===
2026-04-27 12:51:19 | INFO     | app.services.patrol_service | === 开始VIP车位巡检 ===
2026-04-27 12:51:19 | ERROR    | app.services.external_db_service | 查询SQL Server失败, 车位=0677, 错误=(pyodbc.InterfaceError) ('IM002', '[IM002] [Microsoft][ODBC 驱动程序管理器] 未发现数据源名称并且未指定默认驱动程序 (0) (SQLDriverConnect)')
(Background on this error at: https://sqlalche.me/e/20/rvf5)
2026-04-27 12:51:19 | INFO     | app.services.patrol_service | === VIP车位巡检结束 ===
2026-04-27 12:51:49 | INFO     | app.services.patrol_service | === 开始VIP车位巡检 ===
2026-04-27 12:51:49 | ERROR    | app.services.external_db_service | 查询SQL Server失败, 车位=0677, 错误=(pyodbc.InterfaceError) ('IM002', '[IM002] [Microsoft][ODBC 驱动程序管理器] 未发现数据源名称并且未指定默认驱动程序 (0) (SQLDriverConnect)')
(Background on this error at: https://sqlalche.me/e/20/rvf5)
2026-04-27 12:51:49 | INFO     | app.services.patrol_service | === VIP车位巡检结束 ===
2026-04-27 12:52:19 | INFO     | app.services.patrol_service | === 开始VIP车位巡检 ===
2026-04-27 12:52:19 | ERROR    | app.services.external_db_service | 查询SQL Server失败, 车位=0677, 错误=(pyodbc.InterfaceError) ('IM002', '[IM002] [Microsoft][ODBC 驱动程序管理器] 未发现数据源名称并且未指定默认驱动程序 (0) (SQLDriverConnect)')
(Background on this error at: https://sqlalche.me/e/20/rvf5)
2026-04-27 12:52:19 | INFO     | app.services.patrol_service | === VIP车位巡检结束 ===
2026-04-27 12:52:49 | INFO     | app.services.patrol_service | === 开始VIP车位巡检 ===
2026-04-27 12:52:49 | ERROR    | app.services.external_db_service | 查询SQL Server失败, 车位=0677, 错误=(pyodbc.InterfaceError) ('IM002', '[IM002] [Microsoft][ODBC 驱动程序管理器] 未发现数据源名称并且未指定默认驱动程序 (0) (SQLDriverConnect)')
(Background on this error at: https://sqlalche.me/e/20/rvf5)
2026-04-27 12:52:49 | INFO     | app.services.patrol_service | === VIP车位巡检结束 ===
2026-04-27 12:53:19 | INFO     | app.services.patrol_service | === 开始VIP车位巡检 ===
2026-04-27 12:53:19 | ERROR    | app.services.external_db_service | 查询SQL Server失败, 车位=0677, 错误=(pyodbc.InterfaceError) ('IM002', '[IM002] [Microsoft][ODBC 驱动程序管理器] 未发现数据源名称并且未指定默认驱动程序 (0) (SQLDriverConnect)')
(Background on this error at: https://sqlalche.me/e/20/rvf5)
2026-04-27 12:53:19 | INFO     | app.services.patrol_service | === VIP车位巡检结束 ===
2026-04-27 12:53:49 | INFO     | app.services.patrol_service | === 开始VIP车位巡检 ===
2026-04-27 12:53:49 | ERROR    | app.services.external_db_service | 查询SQL Server失败, 车位=0677, 错误=(pyodbc.InterfaceError) ('IM002', '[IM002] [Microsoft][ODBC 驱动程序管理器] 未发现数据源名称并且未指定默认驱动程序 (0) (SQLDriverConnect)')
(Background on this error at: https://sqlalche.me/e/20/rvf5)
2026-04-27 12:53:49 | INFO     | app.services.patrol_service | === VIP车位巡检结束 ===
2026-04-27 12:54:19 | INFO     | app.services.patrol_service | === 开始VIP车位巡检 ===
2026-04-27 12:54:19 | ERROR    | app.services.external_db_service | 查询SQL Server失败, 车位=0677, 错误=(pyodbc.InterfaceError) ('IM002', '[IM002] [Microsoft][ODBC 驱动程序管理器] 未发现数据源名称并且未指定默认驱动程序 (0) (SQLDriverConnect)')
(Background on this error at: https://sqlalche.me/e/20/rvf5)
2026-04-27 12:54:19 | INFO     | app.services.patrol_service | === VIP车位巡检结束 ===
2026-04-27 12:54:49 | INFO     | app.services.patrol_service | === 开始VIP车位巡检 ===
2026-04-27 12:54:49 | ERROR    | app.services.external_db_service | 查询SQL Server失败, 车位=0677, 错误=(pyodbc.InterfaceError) ('IM002', '[IM002] [Microsoft][ODBC 驱动程序管理器] 未发现数据源名称并且未指定默认驱动程序 (0) (SQLDriverConnect)')
(Background on this error at: https://sqlalche.me/e/20/rvf5)
2026-04-27 12:54:49 | INFO     | app.services.patrol_service | === VIP车位巡检结束 ===
2026-04-27 12:55:19 | INFO     | app.services.patrol_service | === 开始VIP车位巡检 ===
2026-04-27 12:55:19 | ERROR    | app.services.external_db_service | 查询SQL Server失败, 车位=0677, 错误=(pyodbc.InterfaceError) ('IM002', '[IM002] [Microsoft][ODBC 驱动程序管理器] 未发现数据源名称并且未指定默认驱动程序 (0) (SQLDriverConnect)')
(Background on this error at: https://sqlalche.me/e/20/rvf5)
2026-04-27 12:55:19 | INFO     | app.services.patrol_service | === VIP车位巡检结束 ===
2026-04-27 12:55:49 | INFO     | app.services.patrol_service | === 开始VIP车位巡检 ===
2026-04-27 12:55:49 | ERROR    | app.services.external_db_service | 查询SQL Server失败, 车位=0677, 错误=(pyodbc.InterfaceError) ('IM002', '[IM002] [Microsoft][ODBC 驱动程序管理器] 未发现数据源名称并且未指定默认驱动程序 (0) (SQLDriverConnect)')
(Background on this error at: https://sqlalche.me/e/20/rvf5)
2026-04-27 12:55:49 | INFO     | app.services.patrol_service | === VIP车位巡检结束 ===
2026-04-27 12:56:19 | INFO     | app.services.patrol_service | === 开始VIP车位巡检 ===
2026-04-27 12:56:19 | ERROR    | app.services.external_db_service | 查询SQL Server失败, 车位=0677, 错误=(pyodbc.InterfaceError) ('IM002', '[IM002] [Microsoft][ODBC 驱动程序管理器] 未发现数据源名称并且未指定默认驱动程序 (0) (SQLDriverConnect)')
(Background on this error at: https://sqlalche.me/e/20/rvf5)
2026-04-27 12:56:19 | INFO     | app.services.patrol_service | === VIP车位巡检结束 ===
2026-04-27 12:56:49 | INFO     | app.services.patrol_service | === 开始VIP车位巡检 ===
2026-04-27 12:56:49 | ERROR    | app.services.external_db_service | 查询SQL Server失败, 车位=0677, 错误=(pyodbc.InterfaceError) ('IM002', '[IM002] [Microsoft][ODBC 驱动程序管理器] 未发现数据源名称并且未指定默认驱动程序 (0) (SQLDriverConnect)')
(Background on this error at: https://sqlalche.me/e/20/rvf5)
2026-04-27 12:56:49 | INFO     | app.services.patrol_service | === VIP车位巡检结束 ===
2026-04-27 12:57:19 | INFO     | app.services.patrol_service | === 开始VIP车位巡检 ===
2026-04-27 12:57:19 | ERROR    | app.services.external_db_service | 查询SQL Server失败, 车位=0677, 错误=(pyodbc.InterfaceError) ('IM002', '[IM002] [Microsoft][ODBC 驱动程序管理器] 未发现数据源名称并且未指定默认驱动程序 (0) (SQLDriverConnect)')
(Background on this error at: https://sqlalche.me/e/20/rvf5)
2026-04-27 12:57:19 | INFO     | app.services.patrol_service | === VIP车位巡检结束 ===
2026-04-27 12:57:49 | INFO     | app.services.patrol_service | === 开始VIP车位巡检 ===
2026-04-27 12:57:49 | ERROR    | app.services.external_db_service | 查询SQL Server失败, 车位=0677, 错误=(pyodbc.InterfaceError) ('IM002', '[IM002] [Microsoft][ODBC 驱动程序管理器] 未发现数据源名称并且未指定默认驱动程序 (0) (SQLDriverConnect)')
(Background on this error at: https://sqlalche.me/e/20/rvf5)
2026-04-27 12:57:49 | INFO     | app.services.patrol_service | === VIP车位巡检结束 ===
2026-04-27 12:58:19 | INFO     | app.services.patrol_service | === 开始VIP车位巡检 ===
2026-04-27 12:58:19 | ERROR    | app.services.external_db_service | 查询SQL Server失败, 车位=0677, 错误=(pyodbc.InterfaceError) ('IM002', '[IM002] [Microsoft][ODBC 驱动程序管理器] 未发现数据源名称并且未指定默认驱动程序 (0) (SQLDriverConnect)')
(Background on this error at: https://sqlalche.me/e/20/rvf5)
2026-04-27 12:58:19 | INFO     | app.services.patrol_service | === VIP车位巡检结束 ===
2026-04-27 12:58:49 | INFO     | app.services.patrol_service | === 开始VIP车位巡检 ===
2026-04-27 12:58:49 | ERROR    | app.services.external_db_service | 查询SQL Server失败, 车位=0677, 错误=(pyodbc.InterfaceError) ('IM002', '[IM002] [Microsoft][ODBC 驱动程序管理器] 未发现数据源名称并且未指定默认驱动程序 (0) (SQLDriverConnect)')
(Background on this error at: https://sqlalche.me/e/20/rvf5)
2026-04-27 12:58:49 | INFO     | app.services.patrol_service | === VIP车位巡检结束 ===
2026-04-27 12:59:19 | INFO     | app.services.patrol_service | === 开始VIP车位巡检 ===
2026-04-27 12:59:19 | ERROR    | app.services.external_db_service | 查询SQL Server失败, 车位=0677, 错误=(pyodbc.InterfaceError) ('IM002', '[IM002] [Microsoft][ODBC 驱动程序管理器] 未发现数据源名称并且未指定默认驱动程序 (0) (SQLDriverConnect)')
(Background on this error at: https://sqlalche.me/e/20/rvf5)
2026-04-27 12:59:19 | INFO     | app.services.patrol_service | === VIP车位巡检结束 ===
2026-04-27 12:59:49 | INFO     | app.services.patrol_service | === 开始VIP车位巡检 ===
2026-04-27 12:59:49 | ERROR    | app.services.external_db_service | 查询SQL Server失败, 车位=0677, 错误=(pyodbc.InterfaceError) ('IM002', '[IM002] [Microsoft][ODBC 驱动程序管理器] 未发现数据源名称并且未指定默认驱动程序 (0) (SQLDriverConnect)')
(Background on this error at: https://sqlalche.me/e/20/rvf5)
2026-04-27 12:59:49 | INFO     | app.services.patrol_service | === VIP车位巡检结束 ===
2026-04-27 13:00:19 | INFO     | app.services.patrol_service | === 开始VIP车位巡检 ===
2026-04-27 13:00:19 | ERROR    | app.services.external_db_service | 查询SQL Server失败, 车位=0677, 错误=(pyodbc.InterfaceError) ('IM002', '[IM002] [Microsoft][ODBC 驱动程序管理器] 未发现数据源名称并且未指定默认驱动程序 (0) (SQLDriverConnect)')
(Background on this error at: https://sqlalche.me/e/20/rvf5)
2026-04-27 13:00:19 | INFO     | app.services.patrol_service | === VIP车位巡检结束 ===
2026-04-27 13:00:49 | INFO     | app.services.patrol_service | === 开始VIP车位巡检 ===
2026-04-27 13:00:49 | ERROR    | app.services.external_db_service | 查询SQL Server失败, 车位=0677, 错误=(pyodbc.InterfaceError) ('IM002', '[IM002] [Microsoft][ODBC 驱动程序管理器] 未发现数据源名称并且未指定默认驱动程序 (0) (SQLDriverConnect)')
(Background on this error at: https://sqlalche.me/e/20/rvf5)
2026-04-27 13:00:49 | INFO     | app.services.patrol_service | === VIP车位巡检结束 ===
2026-04-27 13:01:19 | INFO     | app.services.patrol_service | === 开始VIP车位巡检 ===
2026-04-27 13:01:19 | ERROR    | app.services.external_db_service | 查询SQL Server失败, 车位=0677, 错误=(pyodbc.InterfaceError) ('IM002', '[IM002] [Microsoft][ODBC 驱动程序管理器] 未发现数据源名称并且未指定默认驱动程序 (0) (SQLDriverConnect)')
(Background on this error at: https://sqlalche.me/e/20/rvf5)
2026-04-27 13:01:19 | INFO     | app.services.patrol_service | === VIP车位巡检结束 ===
2026-04-27 13:01:49 | INFO     | app.services.patrol_service | === 开始VIP车位巡检 ===
2026-04-27 13:01:49 | ERROR    | app.services.external_db_service | 查询SQL Server失败, 车位=0677, 错误=(pyodbc.InterfaceError) ('IM002', '[IM002] [Microsoft][ODBC 驱动程序管理器] 未发现数据源名称并且未指定默认驱动程序 (0) (SQLDriverConnect)')
(Background on this error at: https://sqlalche.me/e/20/rvf5)
2026-04-27 13:01:49 | INFO     | app.services.patrol_service | === VIP车位巡检结束 ===
2026-04-27 13:02:19 | INFO     | app.services.patrol_service | === 开始VIP车位巡检 ===
2026-04-27 13:02:19 | ERROR    | app.services.external_db_service | 查询SQL Server失败, 车位=0677, 错误=(pyodbc.InterfaceError) ('IM002', '[IM002] [Microsoft][ODBC 驱动程序管理器] 未发现数据源名称并且未指定默认驱动程序 (0) (SQLDriverConnect)')
(Background on this error at: https://sqlalche.me/e/20/rvf5)
2026-04-27 13:02:19 | INFO     | app.services.patrol_service | === VIP车位巡检结束 ===
2026-04-27 13:02:49 | INFO     | app.services.patrol_service | === 开始VIP车位巡检 ===
2026-04-27 13:02:49 | ERROR    | app.services.external_db_service | 查询SQL Server失败, 车位=0677, 错误=(pyodbc.InterfaceError) ('IM002', '[IM002] [Microsoft][ODBC 驱动程序管理器] 未发现数据源名称并且未指定默认驱动程序 (0) (SQLDriverConnect)')
(Background on this error at: https://sqlalche.me/e/20/rvf5)
2026-04-27 13:02:49 | INFO     | app.services.patrol_service | === VIP车位巡检结束 ===
2026-04-27 13:03:19 | INFO     | app.services.patrol_service | === 开始VIP车位巡检 ===
2026-04-27 13:03:19 | ERROR    | app.services.external_db_service | 查询SQL Server失败, 车位=0677, 错误=(pyodbc.InterfaceError) ('IM002', '[IM002] [Microsoft][ODBC 驱动程序管理器] 未发现数据源名称并且未指定默认驱动程序 (0) (SQLDriverConnect)')
(Background on this error at: https://sqlalche.me/e/20/rvf5)
2026-04-27 13:03:19 | INFO     | app.services.patrol_service | === VIP车位巡检结束 ===
2026-04-27 13:03:49 | INFO     | app.services.patrol_service | === 开始VIP车位巡检 ===
2026-04-27 13:03:49 | ERROR    | app.services.external_db_service | 查询SQL Server失败, 车位=0677, 错误=(pyodbc.InterfaceError) ('IM002', '[IM002] [Microsoft][ODBC 驱动程序管理器] 未发现数据源名称并且未指定默认驱动程序 (0) (SQLDriverConnect)')
(Background on this error at: https://sqlalche.me/e/20/rvf5)
2026-04-27 13:03:49 | INFO     | app.services.patrol_service | === VIP车位巡检结束 ===
2026-04-27 13:04:19 | INFO     | app.services.patrol_service | === 开始VIP车位巡检 ===
2026-04-27 13:04:19 | ERROR    | app.services.external_db_service | 查询SQL Server失败, 车位=0677, 错误=(pyodbc.InterfaceError) ('IM002', '[IM002] [Microsoft][ODBC 驱动程序管理器] 未发现数据源名称并且未指定默认驱动程序 (0) (SQLDriverConnect)')
(Background on this error at: https://sqlalche.me/e/20/rvf5)
2026-04-27 13:04:19 | INFO     | app.services.patrol_service | === VIP车位巡检结束 ===
2026-04-27 13:04:49 | INFO     | app.services.patrol_service | === 开始VIP车位巡检 ===
2026-04-27 13:04:49 | ERROR    | app.services.external_db_service | 查询SQL Server失败, 车位=0677, 错误=(pyodbc.InterfaceError) ('IM002', '[IM002] [Microsoft][ODBC 驱动程序管理器] 未发现数据源名称并且未指定默认驱动程序 (0) (SQLDriverConnect)')
(Background on this error at: https://sqlalche.me/e/20/rvf5)
2026-04-27 13:04:49 | INFO     | app.services.patrol_service | === VIP车位巡检结束 ===
2026-04-27 13:05:19 | INFO     | app.services.patrol_service | === 开始VIP车位巡检 ===
2026-04-27 13:05:19 | ERROR    | app.services.external_db_service | 查询SQL Server失败, 车位=0677, 错误=(pyodbc.InterfaceError) ('IM002', '[IM002] [Microsoft][ODBC 驱动程序管理器] 未发现数据源名称并且未指定默认驱动程序 (0) (SQLDriverConnect)')
(Background on this error at: https://sqlalche.me/e/20/rvf5)
2026-04-27 13:05:19 | INFO     | app.services.patrol_service | === VIP车位巡检结束 ===
2026-04-27 13:05:49 | INFO     | app.services.patrol_service | === 开始VIP车位巡检 ===
2026-04-27 13:05:49 | ERROR    | app.services.external_db_service | 查询SQL Server失败, 车位=0677, 错误=(pyodbc.InterfaceError) ('IM002', '[IM002] [Microsoft][ODBC 驱动程序管理器] 未发现数据源名称并且未指定默认驱动程序 (0) (SQLDriverConnect)')
(Background on this error at: https://sqlalche.me/e/20/rvf5)
2026-04-27 13:05:49 | INFO     | app.services.patrol_service | === VIP车位巡检结束 ===
2026-04-27 13:06:19 | INFO     | app.services.patrol_service | === 开始VIP车位巡检 ===
2026-04-27 13:06:19 | ERROR    | app.services.external_db_service | 查询SQL Server失败, 车位=0677, 错误=(pyodbc.InterfaceError) ('IM002', '[IM002] [Microsoft][ODBC 驱动程序管理器] 未发现数据源名称并且未指定默认驱动程序 (0) (SQLDriverConnect)')
(Background on this error at: https://sqlalche.me/e/20/rvf5)
2026-04-27 13:06:19 | INFO     | app.services.patrol_service | === VIP车位巡检结束 ===
2026-04-27 13:06:49 | INFO     | app.services.patrol_service | === 开始VIP车位巡检 ===
2026-04-27 13:06:49 | ERROR    | app.services.external_db_service | 查询SQL Server失败, 车位=0677, 错误=(pyodbc.InterfaceError) ('IM002', '[IM002] [Microsoft][ODBC 驱动程序管理器] 未发现数据源名称并且未指定默认驱动程序 (0) (SQLDriverConnect)')
(Background on this error at: https://sqlalche.me/e/20/rvf5)
2026-04-27 13:06:49 | INFO     | app.services.patrol_service | === VIP车位巡检结束 ===
2026-04-27 13:07:19 | INFO     | app.services.patrol_service | === 开始VIP车位巡检 ===
2026-04-27 13:07:19 | ERROR    | app.services.external_db_service | 查询SQL Server失败, 车位=0677, 错误=(pyodbc.InterfaceError) ('IM002', '[IM002] [Microsoft][ODBC 驱动程序管理器] 未发现数据源名称并且未指定默认驱动程序 (0) (SQLDriverConnect)')
(Background on this error at: https://sqlalche.me/e/20/rvf5)
2026-04-27 13:07:19 | INFO     | app.services.patrol_service | === VIP车位巡检结束 ===
2026-04-27 13:07:49 | INFO     | app.services.patrol_service | === 开始VIP车位巡检 ===
2026-04-27 13:07:49 | ERROR    | app.services.external_db_service | 查询SQL Server失败, 车位=0677, 错误=(pyodbc.InterfaceError) ('IM002', '[IM002] [Microsoft][ODBC 驱动程序管理器] 未发现数据源名称并且未指定默认驱动程序 (0) (SQLDriverConnect)')
(Background on this error at: https://sqlalche.me/e/20/rvf5)
2026-04-27 13:07:49 | INFO     | app.services.patrol_service | === VIP车位巡检结束 ===
2026-04-27 13:08:19 | INFO     | app.services.patrol_service | === 开始VIP车位巡检 ===
2026-04-27 13:08:19 | ERROR    | app.services.external_db_service | 查询SQL Server失败, 车位=0677, 错误=(pyodbc.InterfaceError) ('IM002', '[IM002] [Microsoft][ODBC 驱动程序管理器] 未发现数据源名称并且未指定默认驱动程序 (0) (SQLDriverConnect)')
(Background on this error at: https://sqlalche.me/e/20/rvf5)
2026-04-27 13:08:19 | INFO     | app.services.patrol_service | === VIP车位巡检结束 ===
2026-04-27 13:08:49 | INFO     | app.services.patrol_service | === 开始VIP车位巡检 ===
2026-04-27 13:08:49 | ERROR    | app.services.external_db_service | 查询SQL Server失败, 车位=0677, 错误=(pyodbc.InterfaceError) ('IM002', '[IM002] [Microsoft][ODBC 驱动程序管理器] 未发现数据源名称并且未指定默认驱动程序 (0) (SQLDriverConnect)')
(Background on this error at: https://sqlalche.me/e/20/rvf5)
2026-04-27 13:08:49 | INFO     | app.services.patrol_service | === VIP车位巡检结束 ===
2026-04-27 13:09:19 | INFO     | app.services.patrol_service | === 开始VIP车位巡检 ===
2026-04-27 13:09:19 | ERROR    | app.services.external_db_service | 查询SQL Server失败, 车位=0677, 错误=(pyodbc.InterfaceError) ('IM002', '[IM002] [Microsoft][ODBC 驱动程序管理器] 未发现数据源名称并且未指定默认驱动程序 (0) (SQLDriverConnect)')
(Background on this error at: https://sqlalche.me/e/20/rvf5)
2026-04-27 13:09:19 | INFO     | app.services.patrol_service | === VIP车位巡检结束 ===
2026-04-27 13:09:49 | INFO     | app.services.patrol_service | === 开始VIP车位巡检 ===
2026-04-27 13:09:49 | ERROR    | app.services.external_db_service | 查询SQL Server失败, 车位=0677, 错误=(pyodbc.InterfaceError) ('IM002', '[IM002] [Microsoft][ODBC 驱动程序管理器] 未发现数据源名称并且未指定默认驱动程序 (0) (SQLDriverConnect)')
(Background on this error at: https://sqlalche.me/e/20/rvf5)
2026-04-27 13:09:49 | INFO     | app.services.patrol_service | === VIP车位巡检结束 ===
2026-04-27 13:10:19 | INFO     | app.services.patrol_service | === 开始VIP车位巡检 ===
2026-04-27 13:10:19 | ERROR    | app.services.external_db_service | 查询SQL Server失败, 车位=0677, 错误=(pyodbc.InterfaceError) ('IM002', '[IM002] [Microsoft][ODBC 驱动程序管理器] 未发现数据源名称并且未指定默认驱动程序 (0) (SQLDriverConnect)')
(Background on this error at: https://sqlalche.me/e/20/rvf5)
2026-04-27 13:10:19 | INFO     | app.services.patrol_service | === VIP车位巡检结束 ===
2026-04-27 13:10:49 | INFO     | app.services.patrol_service | === 开始VIP车位巡检 ===
2026-04-27 13:10:49 | ERROR    | app.services.external_db_service | 查询SQL Server失败, 车位=0677, 错误=(pyodbc.InterfaceError) ('IM002', '[IM002] [Microsoft][ODBC 驱动程序管理器] 未发现数据源名称并且未指定默认驱动程序 (0) (SQLDriverConnect)')
(Background on this error at: https://sqlalche.me/e/20/rvf5)
2026-04-27 13:10:49 | INFO     | app.services.patrol_service | === VIP车位巡检结束 ===
2026-04-27 13:11:19 | INFO     | app.services.patrol_service | === 开始VIP车位巡检 ===
2026-04-27 13:11:19 | ERROR    | app.services.external_db_service | 查询SQL Server失败, 车位=0677, 错误=(pyodbc.InterfaceError) ('IM002', '[IM002] [Microsoft][ODBC 驱动程序管理器] 未发现数据源名称并且未指定默认驱动程序 (0) (SQLDriverConnect)')
(Background on this error at: https://sqlalche.me/e/20/rvf5)
2026-04-27 13:11:19 | INFO     | app.services.patrol_service | === VIP车位巡检结束 ===
2026-04-27 13:11:49 | INFO     | app.services.patrol_service | === 开始VIP车位巡检 ===
2026-04-27 13:11:49 | ERROR    | app.services.external_db_service | 查询SQL Server失败, 车位=0677, 错误=(pyodbc.InterfaceError) ('IM002', '[IM002] [Microsoft][ODBC 驱动程序管理器] 未发现数据源名称并且未指定默认驱动程序 (0) (SQLDriverConnect)')
(Background on this error at: https://sqlalche.me/e/20/rvf5)
2026-04-27 13:11:49 | INFO     | app.services.patrol_service | === VIP车位巡检结束 ===
2026-04-27 13:12:19 | INFO     | app.services.patrol_service | === 开始VIP车位巡检 ===
2026-04-27 13:12:19 | ERROR    | app.services.external_db_service | 查询SQL Server失败, 车位=0677, 错误=(pyodbc.InterfaceError) ('IM002', '[IM002] [Microsoft][ODBC 驱动程序管理器] 未发现数据源名称并且未指定默认驱动程序 (0) (SQLDriverConnect)')
(Background on this error at: https://sqlalche.me/e/20/rvf5)
2026-04-27 13:12:19 | INFO     | app.services.patrol_service | === VIP车位巡检结束 ===
2026-04-27 13:12:49 | INFO     | app.services.patrol_service | === 开始VIP车位巡检 ===
2026-04-27 13:12:49 | ERROR    | app.services.external_db_service | 查询SQL Server失败, 车位=0677, 错误=(pyodbc.InterfaceError) ('IM002', '[IM002] [Microsoft][ODBC 驱动程序管理器] 未发现数据源名称并且未指定默认驱动程序 (0) (SQLDriverConnect)')
(Background on this error at: https://sqlalche.me/e/20/rvf5)
2026-04-27 13:12:49 | INFO     | app.services.patrol_service | === VIP车位巡检结束 ===
2026-04-27 13:13:19 | INFO     | app.services.patrol_service | === 开始VIP车位巡检 ===
2026-04-27 13:13:19 | ERROR    | app.services.external_db_service | 查询SQL Server失败, 车位=0677, 错误=(pyodbc.InterfaceError) ('IM002', '[IM002] [Microsoft][ODBC 驱动程序管理器] 未发现数据源名称并且未指定默认驱动程序 (0) (SQLDriverConnect)')
(Background on this error at: https://sqlalche.me/e/20/rvf5)
2026-04-27 13:13:19 | INFO     | app.services.patrol_service | === VIP车位巡检结束 ===
2026-04-27 13:13:49 | INFO     | app.services.patrol_service | === 开始VIP车位巡检 ===
2026-04-27 13:13:49 | ERROR    | app.services.external_db_service | 查询SQL Server失败, 车位=0677, 错误=(pyodbc.InterfaceError) ('IM002', '[IM002] [Microsoft][ODBC 驱动程序管理器] 未发现数据源名称并且未指定默认驱动程序 (0) (SQLDriverConnect)')
(Background on this error at: https://sqlalche.me/e/20/rvf5)
2026-04-27 13:13:49 | INFO     | app.services.patrol_service | === VIP车位巡检结束 ===
2026-04-27 13:14:19 | INFO     | app.services.patrol_service | === 开始VIP车位巡检 ===
2026-04-27 13:14:19 | ERROR    | app.services.external_db_service | 查询SQL Server失败, 车位=0677, 错误=(pyodbc.InterfaceError) ('IM002', '[IM002] [Microsoft][ODBC 驱动程序管理器] 未发现数据源名称并且未指定默认驱动程序 (0) (SQLDriverConnect)')
(Background on this error at: https://sqlalche.me/e/20/rvf5)
2026-04-27 13:14:19 | INFO     | app.services.patrol_service | === VIP车位巡检结束 ===
2026-04-27 13:14:49 | INFO     | app.services.patrol_service | === 开始VIP车位巡检 ===
2026-04-27 13:14:49 | ERROR    | app.services.external_db_service | 查询SQL Server失败, 车位=0677, 错误=(pyodbc.InterfaceError) ('IM002', '[IM002] [Microsoft][ODBC 驱动程序管理器] 未发现数据源名称并且未指定默认驱动程序 (0) (SQLDriverConnect)')
(Background on this error at: https://sqlalche.me/e/20/rvf5)
2026-04-27 13:14:49 | INFO     | app.services.patrol_service | === VIP车位巡检结束 ===
2026-04-27 13:15:19 | INFO     | app.services.patrol_service | === 开始VIP车位巡检 ===
2026-04-27 13:15:19 | ERROR    | app.services.external_db_service | 查询SQL Server失败, 车位=0677, 错误=(pyodbc.InterfaceError) ('IM002', '[IM002] [Microsoft][ODBC 驱动程序管理器] 未发现数据源名称并且未指定默认驱动程序 (0) (SQLDriverConnect)')
(Background on this error at: https://sqlalche.me/e/20/rvf5)
2026-04-27 13:15:19 | INFO     | app.services.patrol_service | === VIP车位巡检结束 ===
2026-04-27 13:15:49 | INFO     | app.services.patrol_service | === 开始VIP车位巡检 ===
2026-04-27 13:15:49 | ERROR    | app.services.external_db_service | 查询SQL Server失败, 车位=0677, 错误=(pyodbc.InterfaceError) ('IM002', '[IM002] [Microsoft][ODBC 驱动程序管理器] 未发现数据源名称并且未指定默认驱动程序 (0) (SQLDriverConnect)')
(Background on this error at: https://sqlalche.me/e/20/rvf5)
2026-04-27 13:15:49 | INFO     | app.services.patrol_service | === VIP车位巡检结束 ===
2026-04-27 13:16:19 | INFO     | app.services.patrol_service | === 开始VIP车位巡检 ===
2026-04-27 13:16:19 | ERROR    | app.services.external_db_service | 查询SQL Server失败, 车位=0677, 错误=(pyodbc.InterfaceError) ('IM002', '[IM002] [Microsoft][ODBC 驱动程序管理器] 未发现数据源名称并且未指定默认驱动程序 (0) (SQLDriverConnect)')
(Background on this error at: https://sqlalche.me/e/20/rvf5)
2026-04-27 13:16:19 | INFO     | app.services.patrol_service | === VIP车位巡检结束 ===
2026-04-27 13:16:49 | INFO     | app.services.patrol_service | === 开始VIP车位巡检 ===
2026-04-27 13:16:49 | ERROR    | app.services.external_db_service | 查询SQL Server失败, 车位=0677, 错误=(pyodbc.InterfaceError) ('IM002', '[IM002] [Microsoft][ODBC 驱动程序管理器] 未发现数据源名称并且未指定默认驱动程序 (0) (SQLDriverConnect)')
(Background on this error at: https://sqlalche.me/e/20/rvf5)
2026-04-27 13:16:49 | INFO     | app.services.patrol_service | === VIP车位巡检结束 ===
2026-04-27 13:17:19 | INFO     | app.services.patrol_service | === 开始VIP车位巡检 ===
2026-04-27 13:17:19 | ERROR    | app.services.external_db_service | 查询SQL Server失败, 车位=0677, 错误=(pyodbc.InterfaceError) ('IM002', '[IM002] [Microsoft][ODBC 驱动程序管理器] 未发现数据源名称并且未指定默认驱动程序 (0) (SQLDriverConnect)')
(Background on this error at: https://sqlalche.me/e/20/rvf5)
2026-04-27 13:17:19 | INFO     | app.services.patrol_service | === VIP车位巡检结束 ===
2026-04-27 13:17:49 | INFO     | app.services.patrol_service | === 开始VIP车位巡检 ===
2026-04-27 13:17:49 | ERROR    | app.services.external_db_service | 查询SQL Server失败, 车位=0677, 错误=(pyodbc.InterfaceError) ('IM002', '[IM002] [Microsoft][ODBC 驱动程序管理器] 未发现数据源名称并且未指定默认驱动程序 (0) (SQLDriverConnect)')
(Background on this error at: https://sqlalche.me/e/20/rvf5)
2026-04-27 13:17:49 | INFO     | app.services.patrol_service | === VIP车位巡检结束 ===
2026-04-27 13:18:19 | INFO     | app.services.patrol_service | === 开始VIP车位巡检 ===
2026-04-27 13:18:19 | ERROR    | app.services.external_db_service | 查询SQL Server失败, 车位=0677, 错误=(pyodbc.InterfaceError) ('IM002', '[IM002] [Microsoft][ODBC 驱动程序管理器] 未发现数据源名称并且未指定默认驱动程序 (0) (SQLDriverConnect)')
(Background on this error at: https://sqlalche.me/e/20/rvf5)
2026-04-27 13:18:19 | INFO     | app.services.patrol_service | === VIP车位巡检结束 ===
2026-04-27 13:18:49 | INFO     | app.services.patrol_service | === 开始VIP车位巡检 ===
2026-04-27 13:18:49 | ERROR    | app.services.external_db_service | 查询SQL Server失败, 车位=0677, 错误=(pyodbc.InterfaceError) ('IM002', '[IM002] [Microsoft][ODBC 驱动程序管理器] 未发现数据源名称并且未指定默认驱动程序 (0) (SQLDriverConnect)')
(Background on this error at: https://sqlalche.me/e/20/rvf5)
2026-04-27 13:18:49 | INFO     | app.services.patrol_service | === VIP车位巡检结束 ===
2026-04-27 13:19:19 | INFO     | app.services.patrol_service | === 开始VIP车位巡检 ===
2026-04-27 13:19:19 | ERROR    | app.services.external_db_service | 查询SQL Server失败, 车位=0677, 错误=(pyodbc.InterfaceError) ('IM002', '[IM002] [Microsoft][ODBC 驱动程序管理器] 未发现数据源名称并且未指定默认驱动程序 (0) (SQLDriverConnect)')
(Background on this error at: https://sqlalche.me/e/20/rvf5)
2026-04-27 13:19:19 | INFO     | app.services.patrol_service | === VIP车位巡检结束 ===
2026-04-27 13:19:49 | INFO     | app.services.patrol_service | === 开始VIP车位巡检 ===
2026-04-27 13:19:49 | ERROR    | app.services.external_db_service | 查询SQL Server失败, 车位=0677, 错误=(pyodbc.InterfaceError) ('IM002', '[IM002] [Microsoft][ODBC 驱动程序管理器] 未发现数据源名称并且未指定默认驱动程序 (0) (SQLDriverConnect)')
(Background on this error at: https://sqlalche.me/e/20/rvf5)
2026-04-27 13:19:49 | INFO     | app.services.patrol_service | === VIP车位巡检结束 ===
2026-04-27 13:20:19 | INFO     | app.services.patrol_service | === 开始VIP车位巡检 ===
2026-04-27 13:20:19 | ERROR    | app.services.external_db_service | 查询SQL Server失败, 车位=0677, 错误=(pyodbc.InterfaceError) ('IM002', '[IM002] [Microsoft][ODBC 驱动程序管理器] 未发现数据源名称并且未指定默认驱动程序 (0) (SQLDriverConnect)')
(Background on this error at: https://sqlalche.me/e/20/rvf5)
2026-04-27 13:20:19 | INFO     | app.services.patrol_service | === VIP车位巡检结束 ===
2026-04-27 13:20:49 | INFO     | app.services.patrol_service | === 开始VIP车位巡检 ===
2026-04-27 13:20:49 | ERROR    | app.services.external_db_service | 查询SQL Server失败, 车位=0677, 错误=(pyodbc.InterfaceError) ('IM002', '[IM002] [Microsoft][ODBC 驱动程序管理器] 未发现数据源名称并且未指定默认驱动程序 (0) (SQLDriverConnect)')
(Background on this error at: https://sqlalche.me/e/20/rvf5)
2026-04-27 13:20:49 | INFO     | app.services.patrol_service | === VIP车位巡检结束 ===
2026-04-27 13:21:19 | INFO     | app.services.patrol_service | === 开始VIP车位巡检 ===
2026-04-27 13:21:19 | ERROR    | app.services.external_db_service | 查询SQL Server失败, 车位=0677, 错误=(pyodbc.InterfaceError) ('IM002', '[IM002] [Microsoft][ODBC 驱动程序管理器] 未发现数据源名称并且未指定默认驱动程序 (0) (SQLDriverConnect)')
(Background on this error at: https://sqlalche.me/e/20/rvf5)
2026-04-27 13:21:19 | INFO     | app.services.patrol_service | === VIP车位巡检结束 ===
2026-04-27 13:21:49 | INFO     | app.services.patrol_service | === 开始VIP车位巡检 ===
2026-04-27 13:21:49 | ERROR    | app.services.external_db_service | 查询SQL Server失败, 车位=0677, 错误=(pyodbc.InterfaceError) ('IM002', '[IM002] [Microsoft][ODBC 驱动程序管理器] 未发现数据源名称并且未指定默认驱动程序 (0) (SQLDriverConnect)')
(Background on this error at: https://sqlalche.me/e/20/rvf5)
2026-04-27 13:21:49 | INFO     | app.services.patrol_service | === VIP车位巡检结束 ===
2026-04-27 13:22:19 | INFO     | app.services.patrol_service | === 开始VIP车位巡检 ===
2026-04-27 13:22:19 | ERROR    | app.services.external_db_service | 查询SQL Server失败, 车位=0677, 错误=(pyodbc.InterfaceError) ('IM002', '[IM002] [Microsoft][ODBC 驱动程序管理器] 未发现数据源名称并且未指定默认驱动程序 (0) (SQLDriverConnect)')
(Background on this error at: https://sqlalche.me/e/20/rvf5)
2026-04-27 13:22:19 | INFO     | app.services.patrol_service | === VIP车位巡检结束 ===
2026-04-27 13:22:49 | INFO     | app.services.patrol_service | === 开始VIP车位巡检 ===
2026-04-27 13:22:49 | ERROR    | app.services.external_db_service | 查询SQL Server失败, 车位=0677, 错误=(pyodbc.InterfaceError) ('IM002', '[IM002] [Microsoft][ODBC 驱动程序管理器] 未发现数据源名称并且未指定默认驱动程序 (0) (SQLDriverConnect)')
(Background on this error at: https://sqlalche.me/e/20/rvf5)
2026-04-27 13:22:49 | INFO     | app.services.patrol_service | === VIP车位巡检结束 ===
2026-04-27 13:23:19 | INFO     | app.services.patrol_service | === 开始VIP车位巡检 ===
2026-04-27 13:23:19 | ERROR    | app.services.external_db_service | 查询SQL Server失败, 车位=0677, 错误=(pyodbc.InterfaceError) ('IM002', '[IM002] [Microsoft][ODBC 驱动程序管理器] 未发现数据源名称并且未指定默认驱动程序 (0) (SQLDriverConnect)')
(Background on this error at: https://sqlalche.me/e/20/rvf5)
2026-04-27 13:23:19 | INFO     | app.services.patrol_service | === VIP车位巡检结束 ===
2026-04-27 13:23:49 | INFO     | app.services.patrol_service | === 开始VIP车位巡检 ===
2026-04-27 13:23:49 | ERROR    | app.services.external_db_service | 查询SQL Server失败, 车位=0677, 错误=(pyodbc.InterfaceError) ('IM002', '[IM002] [Microsoft][ODBC 驱动程序管理器] 未发现数据源名称并且未指定默认驱动程序 (0) (SQLDriverConnect)')
(Background on this error at: https://sqlalche.me/e/20/rvf5)
2026-04-27 13:23:49 | INFO     | app.services.patrol_service | === VIP车位巡检结束 ===
2026-04-27 13:24:19 | INFO     | app.services.patrol_service | === 开始VIP车位巡检 ===
2026-04-27 13:24:19 | ERROR    | app.services.external_db_service | 查询SQL Server失败, 车位=0677, 错误=(pyodbc.InterfaceError) ('IM002', '[IM002] [Microsoft][ODBC 驱动程序管理器] 未发现数据源名称并且未指定默认驱动程序 (0) (SQLDriverConnect)')
(Background on this error at: https://sqlalche.me/e/20/rvf5)
2026-04-27 13:24:19 | INFO     | app.services.patrol_service | === VIP车位巡检结束 ===
2026-04-27 13:24:49 | INFO     | app.services.patrol_service | === 开始VIP车位巡检 ===
2026-04-27 13:24:49 | ERROR    | app.services.external_db_service | 查询SQL Server失败, 车位=0677, 错误=(pyodbc.InterfaceError) ('IM002', '[IM002] [Microsoft][ODBC 驱动程序管理器] 未发现数据源名称并且未指定默认驱动程序 (0) (SQLDriverConnect)')
(Background on this error at: https://sqlalche.me/e/20/rvf5)
2026-04-27 13:24:49 | INFO     | app.services.patrol_service | === VIP车位巡检结束 ===
2026-04-27 13:25:19 | INFO     | app.services.patrol_service | === 开始VIP车位巡检 ===
2026-04-27 13:25:19 | ERROR    | app.services.external_db_service | 查询SQL Server失败, 车位=0677, 错误=(pyodbc.InterfaceError) ('IM002', '[IM002] [Microsoft][ODBC 驱动程序管理器] 未发现数据源名称并且未指定默认驱动程序 (0) (SQLDriverConnect)')
(Background on this error at: https://sqlalche.me/e/20/rvf5)
2026-04-27 13:25:19 | INFO     | app.services.patrol_service | === VIP车位巡检结束 ===
2026-04-27 13:25:49 | INFO     | app.services.patrol_service | === 开始VIP车位巡检 ===
2026-04-27 13:25:49 | ERROR    | app.services.external_db_service | 查询SQL Server失败, 车位=0677, 错误=(pyodbc.InterfaceError) ('IM002', '[IM002] [Microsoft][ODBC 驱动程序管理器] 未发现数据源名称并且未指定默认驱动程序 (0) (SQLDriverConnect)')
(Background on this error at: https://sqlalche.me/e/20/rvf5)
2026-04-27 13:25:49 | INFO     | app.services.patrol_service | === VIP车位巡检结束 ===
2026-04-27 13:26:19 | INFO     | app.services.patrol_service | === 开始VIP车位巡检 ===
2026-04-27 13:26:19 | ERROR    | app.services.external_db_service | 查询SQL Server失败, 车位=0677, 错误=(pyodbc.InterfaceError) ('IM002', '[IM002] [Microsoft][ODBC 驱动程序管理器] 未发现数据源名称并且未指定默认驱动程序 (0) (SQLDriverConnect)')
(Background on this error at: https://sqlalche.me/e/20/rvf5)
2026-04-27 13:26:19 | INFO     | app.services.patrol_service | === VIP车位巡检结束 ===
2026-04-27 13:26:49 | INFO     | app.services.patrol_service | === 开始VIP车位巡检 ===
2026-04-27 13:26:49 | ERROR    | app.services.external_db_service | 查询SQL Server失败, 车位=0677, 错误=(pyodbc.InterfaceError) ('IM002', '[IM002] [Microsoft][ODBC 驱动程序管理器] 未发现数据源名称并且未指定默认驱动程序 (0) (SQLDriverConnect)')
(Background on this error at: https://sqlalche.me/e/20/rvf5)
2026-04-27 13:26:49 | INFO     | app.services.patrol_service | === VIP车位巡检结束 ===
2026-04-27 13:27:19 | INFO     | app.services.patrol_service | === 开始VIP车位巡检 ===
2026-04-27 13:27:19 | ERROR    | app.services.external_db_service | 查询SQL Server失败, 车位=0677, 错误=(pyodbc.InterfaceError) ('IM002', '[IM002] [Microsoft][ODBC 驱动程序管理器] 未发现数据源名称并且未指定默认驱动程序 (0) (SQLDriverConnect)')
(Background on this error at: https://sqlalche.me/e/20/rvf5)
2026-04-27 13:27:19 | INFO     | app.services.patrol_service | === VIP车位巡检结束 ===
2026-04-27 13:27:49 | INFO     | app.services.patrol_service | === 开始VIP车位巡检 ===
2026-04-27 13:27:49 | ERROR    | app.services.external_db_service | 查询SQL Server失败, 车位=0677, 错误=(pyodbc.InterfaceError) ('IM002', '[IM002] [Microsoft][ODBC 驱动程序管理器] 未发现数据源名称并且未指定默认驱动程序 (0) (SQLDriverConnect)')
(Background on this error at: https://sqlalche.me/e/20/rvf5)
2026-04-27 13:27:49 | INFO     | app.services.patrol_service | === VIP车位巡检结束 ===
2026-04-27 13:28:19 | INFO     | app.services.patrol_service | === 开始VIP车位巡检 ===
2026-04-27 13:28:19 | ERROR    | app.services.external_db_service | 查询SQL Server失败, 车位=0677, 错误=(pyodbc.InterfaceError) ('IM002', '[IM002] [Microsoft][ODBC 驱动程序管理器] 未发现数据源名称并且未指定默认驱动程序 (0) (SQLDriverConnect)')
(Background on this error at: https://sqlalche.me/e/20/rvf5)
2026-04-27 13:28:19 | INFO     | app.services.patrol_service | === VIP车位巡检结束 ===
2026-04-27 13:28:49 | INFO     | app.services.patrol_service | === 开始VIP车位巡检 ===
2026-04-27 13:28:49 | ERROR    | app.services.external_db_service | 查询SQL Server失败, 车位=0677, 错误=(pyodbc.InterfaceError) ('IM002', '[IM002] [Microsoft][ODBC 驱动程序管理器] 未发现数据源名称并且未指定默认驱动程序 (0) (SQLDriverConnect)')
(Background on this error at: https://sqlalche.me/e/20/rvf5)
2026-04-27 13:28:49 | INFO     | app.services.patrol_service | === VIP车位巡检结束 ===
2026-04-27 13:29:19 | INFO     | app.services.patrol_service | === 开始VIP车位巡检 ===
2026-04-27 13:29:19 | ERROR    | app.services.external_db_service | 查询SQL Server失败, 车位=0677, 错误=(pyodbc.InterfaceError) ('IM002', '[IM002] [Microsoft][ODBC 驱动程序管理器] 未发现数据源名称并且未指定默认驱动程序 (0) (SQLDriverConnect)')
(Background on this error at: https://sqlalche.me/e/20/rvf5)
2026-04-27 13:29:19 | INFO     | app.services.patrol_service | === VIP车位巡检结束 ===
2026-04-27 13:29:49 | INFO     | app.services.patrol_service | === 开始VIP车位巡检 ===
2026-04-27 13:29:49 | ERROR    | app.services.external_db_service | 查询SQL Server失败, 车位=0677, 错误=(pyodbc.InterfaceError) ('IM002', '[IM002] [Microsoft][ODBC 驱动程序管理器] 未发现数据源名称并且未指定默认驱动程序 (0) (SQLDriverConnect)')
(Background on this error at: https://sqlalche.me/e/20/rvf5)
2026-04-27 13:29:49 | INFO     | app.services.patrol_service | === VIP车位巡检结束 ===
2026-04-27 13:30:19 | INFO     | app.services.patrol_service | === 开始VIP车位巡检 ===
2026-04-27 13:30:19 | ERROR    | app.services.external_db_service | 查询SQL Server失败, 车位=0677, 错误=(pyodbc.InterfaceError) ('IM002', '[IM002] [Microsoft][ODBC 驱动程序管理器] 未发现数据源名称并且未指定默认驱动程序 (0) (SQLDriverConnect)')
(Background on this error at: https://sqlalche.me/e/20/rvf5)
2026-04-27 13:30:19 | INFO     | app.services.patrol_service | === VIP车位巡检结束 ===
2026-04-27 13:30:49 | INFO     | app.services.patrol_service | === 开始VIP车位巡检 ===
2026-04-27 13:30:49 | ERROR    | app.services.external_db_service | 查询SQL Server失败, 车位=0677, 错误=(pyodbc.InterfaceError) ('IM002', '[IM002] [Microsoft][ODBC 驱动程序管理器] 未发现数据源名称并且未指定默认驱动程序 (0) (SQLDriverConnect)')
(Background on this error at: https://sqlalche.me/e/20/rvf5)
2026-04-27 13:30:49 | INFO     | app.services.patrol_service | === VIP车位巡检结束 ===
2026-04-27 13:31:19 | INFO     | app.services.patrol_service | === 开始VIP车位巡检 ===
2026-04-27 13:31:19 | ERROR    | app.services.external_db_service | 查询SQL Server失败, 车位=0677, 错误=(pyodbc.InterfaceError) ('IM002', '[IM002] [Microsoft][ODBC 驱动程序管理器] 未发现数据源名称并且未指定默认驱动程序 (0) (SQLDriverConnect)')
(Background on this error at: https://sqlalche.me/e/20/rvf5)
2026-04-27 13:31:19 | INFO     | app.services.patrol_service | === VIP车位巡检结束 ===
2026-04-27 13:31:49 | INFO     | app.services.patrol_service | === 开始VIP车位巡检 ===
2026-04-27 13:31:49 | ERROR    | app.services.external_db_service | 查询SQL Server失败, 车位=0677, 错误=(pyodbc.InterfaceError) ('IM002', '[IM002] [Microsoft][ODBC 驱动程序管理器] 未发现数据源名称并且未指定默认驱动程序 (0) (SQLDriverConnect)')
(Background on this error at: https://sqlalche.me/e/20/rvf5)
2026-04-27 13:31:49 | INFO     | app.services.patrol_service | === VIP车位巡检结束 ===
2026-04-27 13:32:19 | INFO     | app.services.patrol_service | === 开始VIP车位巡检 ===
2026-04-27 13:32:19 | ERROR    | app.services.external_db_service | 查询SQL Server失败, 车位=0677, 错误=(pyodbc.InterfaceError) ('IM002', '[IM002] [Microsoft][ODBC 驱动程序管理器] 未发现数据源名称并且未指定默认驱动程序 (0) (SQLDriverConnect)')
(Background on this error at: https://sqlalche.me/e/20/rvf5)
2026-04-27 13:32:19 | INFO     | app.services.patrol_service | === VIP车位巡检结束 ===
2026-04-27 13:32:49 | INFO     | app.services.patrol_service | === 开始VIP车位巡检 ===
2026-04-27 13:32:49 | ERROR    | app.services.external_db_service | 查询SQL Server失败, 车位=0677, 错误=(pyodbc.InterfaceError) ('IM002', '[IM002] [Microsoft][ODBC 驱动程序管理器] 未发现数据源名称并且未指定默认驱动程序 (0) (SQLDriverConnect)')
(Background on this error at: https://sqlalche.me/e/20/rvf5)
2026-04-27 13:32:49 | INFO     | app.services.patrol_service | === VIP车位巡检结束 ===
2026-04-27 13:33:19 | INFO     | app.services.patrol_service | === 开始VIP车位巡检 ===
2026-04-27 13:33:19 | ERROR    | app.services.external_db_service | 查询SQL Server失败, 车位=0677, 错误=(pyodbc.InterfaceError) ('IM002', '[IM002] [Microsoft][ODBC 驱动程序管理器] 未发现数据源名称并且未指定默认驱动程序 (0) (SQLDriverConnect)')
(Background on this error at: https://sqlalche.me/e/20/rvf5)
2026-04-27 13:33:19 | INFO     | app.services.patrol_service | === VIP车位巡检结束 ===
2026-04-27 13:33:49 | INFO     | app.services.patrol_service | === 开始VIP车位巡检 ===
2026-04-27 13:33:49 | ERROR    | app.services.external_db_service | 查询SQL Server失败, 车位=0677, 错误=(pyodbc.InterfaceError) ('IM002', '[IM002] [Microsoft][ODBC 驱动程序管理器] 未发现数据源名称并且未指定默认驱动程序 (0) (SQLDriverConnect)')
(Background on this error at: https://sqlalche.me/e/20/rvf5)
2026-04-27 13:33:49 | INFO     | app.services.patrol_service | === VIP车位巡检结束 ===
2026-04-27 13:34:19 | INFO     | app.services.patrol_service | === 开始VIP车位巡检 ===
2026-04-27 13:34:19 | ERROR    | app.services.external_db_service | 查询SQL Server失败, 车位=0677, 错误=(pyodbc.InterfaceError) ('IM002', '[IM002] [Microsoft][ODBC 驱动程序管理器] 未发现数据源名称并且未指定默认驱动程序 (0) (SQLDriverConnect)')
(Background on this error at: https://sqlalche.me/e/20/rvf5)
2026-04-27 13:34:19 | INFO     | app.services.patrol_service | === VIP车位巡检结束 ===
2026-04-27 13:34:49 | INFO     | app.services.patrol_service | === 开始VIP车位巡检 ===
2026-04-27 13:34:49 | ERROR    | app.services.external_db_service | 查询SQL Server失败, 车位=0677, 错误=(pyodbc.InterfaceError) ('IM002', '[IM002] [Microsoft][ODBC 驱动程序管理器] 未发现数据源名称并且未指定默认驱动程序 (0) (SQLDriverConnect)')
(Background on this error at: https://sqlalche.me/e/20/rvf5)
2026-04-27 13:34:49 | INFO     | app.services.patrol_service | === VIP车位巡检结束 ===
2026-04-27 13:35:19 | INFO     | app.services.patrol_service | === 开始VIP车位巡检 ===
2026-04-27 13:35:19 | ERROR    | app.services.external_db_service | 查询SQL Server失败, 车位=0677, 错误=(pyodbc.InterfaceError) ('IM002', '[IM002] [Microsoft][ODBC 驱动程序管理器] 未发现数据源名称并且未指定默认驱动程序 (0) (SQLDriverConnect)')
(Background on this error at: https://sqlalche.me/e/20/rvf5)
2026-04-27 13:35:19 | INFO     | app.services.patrol_service | === VIP车位巡检结束 ===
2026-04-27 13:35:49 | INFO     | app.services.patrol_service | === 开始VIP车位巡检 ===
2026-04-27 13:35:49 | ERROR    | app.services.external_db_service | 查询SQL Server失败, 车位=0677, 错误=(pyodbc.InterfaceError) ('IM002', '[IM002] [Microsoft][ODBC 驱动程序管理器] 未发现数据源名称并且未指定默认驱动程序 (0) (SQLDriverConnect)')
(Background on this error at: https://sqlalche.me/e/20/rvf5)
2026-04-27 13:35:49 | INFO     | app.services.patrol_service | === VIP车位巡检结束 ===
2026-04-27 13:36:19 | INFO     | app.services.patrol_service | === 开始VIP车位巡检 ===
2026-04-27 13:36:19 | ERROR    | app.services.external_db_service | 查询SQL Server失败, 车位=0677, 错误=(pyodbc.InterfaceError) ('IM002', '[IM002] [Microsoft][ODBC 驱动程序管理器] 未发现数据源名称并且未指定默认驱动程序 (0) (SQLDriverConnect)')
(Background on this error at: https://sqlalche.me/e/20/rvf5)
2026-04-27 13:36:19 | INFO     | app.services.patrol_service | === VIP车位巡检结束 ===
2026-04-27 13:36:49 | INFO     | app.services.patrol_service | === 开始VIP车位巡检 ===
2026-04-27 13:36:49 | ERROR    | app.services.external_db_service | 查询SQL Server失败, 车位=0677, 错误=(pyodbc.InterfaceError) ('IM002', '[IM002] [Microsoft][ODBC 驱动程序管理器] 未发现数据源名称并且未指定默认驱动程序 (0) (SQLDriverConnect)')
(Background on this error at: https://sqlalche.me/e/20/rvf5)
2026-04-27 13:36:49 | INFO     | app.services.patrol_service | === VIP车位巡检结束 ===
2026-04-27 13:37:19 | INFO     | app.services.patrol_service | === 开始VIP车位巡检 ===
2026-04-27 13:37:19 | ERROR    | app.services.external_db_service | 查询SQL Server失败, 车位=0677, 错误=(pyodbc.InterfaceError) ('IM002', '[IM002] [Microsoft][ODBC 驱动程序管理器] 未发现数据源名称并且未指定默认驱动程序 (0) (SQLDriverConnect)')
(Background on this error at: https://sqlalche.me/e/20/rvf5)
2026-04-27 13:37:19 | INFO     | app.services.patrol_service | === VIP车位巡检结束 ===
2026-04-27 13:37:49 | INFO     | app.services.patrol_service | === 开始VIP车位巡检 ===
2026-04-27 13:37:49 | ERROR    | app.services.external_db_service | 查询SQL Server失败, 车位=0677, 错误=(pyodbc.InterfaceError) ('IM002', '[IM002] [Microsoft][ODBC 驱动程序管理器] 未发现数据源名称并且未指定默认驱动程序 (0) (SQLDriverConnect)')
(Background on this error at: https://sqlalche.me/e/20/rvf5)
2026-04-27 13:37:49 | INFO     | app.services.patrol_service | === VIP车位巡检结束 ===
2026-04-27 13:38:19 | INFO     | app.services.patrol_service | === 开始VIP车位巡检 ===
2026-04-27 13:38:19 | ERROR    | app.services.external_db_service | 查询SQL Server失败, 车位=0677, 错误=(pyodbc.InterfaceError) ('IM002', '[IM002] [Microsoft][ODBC 驱动程序管理器] 未发现数据源名称并且未指定默认驱动程序 (0) (SQLDriverConnect)')
(Background on this error at: https://sqlalche.me/e/20/rvf5)
2026-04-27 13:38:19 | INFO     | app.services.patrol_service | === VIP车位巡检结束 ===
2026-04-27 13:38:49 | INFO     | app.services.patrol_service | === 开始VIP车位巡检 ===
2026-04-27 13:38:49 | ERROR    | app.services.external_db_service | 查询SQL Server失败, 车位=0677, 错误=(pyodbc.InterfaceError) ('IM002', '[IM002] [Microsoft][ODBC 驱动程序管理器] 未发现数据源名称并且未指定默认驱动程序 (0) (SQLDriverConnect)')
(Background on this error at: https://sqlalche.me/e/20/rvf5)
2026-04-27 13:38:49 | INFO     | app.services.patrol_service | === VIP车位巡检结束 ===
2026-04-27 13:39:19 | INFO     | app.services.patrol_service | === 开始VIP车位巡检 ===
2026-04-27 13:39:19 | ERROR    | app.services.external_db_service | 查询SQL Server失败, 车位=0677, 错误=(pyodbc.InterfaceError) ('IM002', '[IM002] [Microsoft][ODBC 驱动程序管理器] 未发现数据源名称并且未指定默认驱动程序 (0) (SQLDriverConnect)')
(Background on this error at: https://sqlalche.me/e/20/rvf5)
2026-04-27 13:39:19 | INFO     | app.services.patrol_service | === VIP车位巡检结束 ===
2026-04-27 13:39:49 | INFO     | app.services.patrol_service | === 开始VIP车位巡检 ===
2026-04-27 13:39:49 | ERROR    | app.services.external_db_service | 查询SQL Server失败, 车位=0677, 错误=(pyodbc.InterfaceError) ('IM002', '[IM002] [Microsoft][ODBC 驱动程序管理器] 未发现数据源名称并且未指定默认驱动程序 (0) (SQLDriverConnect)')
(Background on this error at: https://sqlalche.me/e/20/rvf5)
2026-04-27 13:39:49 | INFO     | app.services.patrol_service | === VIP车位巡检结束 ===
2026-04-27 13:40:19 | INFO     | app.services.patrol_service | === 开始VIP车位巡检 ===
2026-04-27 13:40:19 | ERROR    | app.services.external_db_service | 查询SQL Server失败, 车位=0677, 错误=(pyodbc.InterfaceError) ('IM002', '[IM002] [Microsoft][ODBC 驱动程序管理器] 未发现数据源名称并且未指定默认驱动程序 (0) (SQLDriverConnect)')
(Background on this error at: https://sqlalche.me/e/20/rvf5)
2026-04-27 13:40:19 | INFO     | app.services.patrol_service | === VIP车位巡检结束 ===
2026-04-27 13:40:49 | INFO     | app.services.patrol_service | === 开始VIP车位巡检 ===
2026-04-27 13:40:49 | ERROR    | app.services.external_db_service | 查询SQL Server失败, 车位=0677, 错误=(pyodbc.InterfaceError) ('IM002', '[IM002] [Microsoft][ODBC 驱动程序管理器] 未发现数据源名称并且未指定默认驱动程序 (0) (SQLDriverConnect)')
(Background on this error at: https://sqlalche.me/e/20/rvf5)
2026-04-27 13:40:49 | INFO     | app.services.patrol_service | === VIP车位巡检结束 ===
2026-04-27 13:41:19 | INFO     | app.services.patrol_service | === 开始VIP车位巡检 ===
2026-04-27 13:41:19 | ERROR    | app.services.external_db_service | 查询SQL Server失败, 车位=0677, 错误=(pyodbc.InterfaceError) ('IM002', '[IM002] [Microsoft][ODBC 驱动程序管理器] 未发现数据源名称并且未指定默认驱动程序 (0) (SQLDriverConnect)')
(Background on this error at: https://sqlalche.me/e/20/rvf5)
2026-04-27 13:41:19 | INFO     | app.services.patrol_service | === VIP车位巡检结束 ===
2026-04-27 13:41:49 | INFO     | app.services.patrol_service | === 开始VIP车位巡检 ===
2026-04-27 13:41:49 | ERROR    | app.services.external_db_service | 查询SQL Server失败, 车位=0677, 错误=(pyodbc.InterfaceError) ('IM002', '[IM002] [Microsoft][ODBC 驱动程序管理器] 未发现数据源名称并且未指定默认驱动程序 (0) (SQLDriverConnect)')
(Background on this error at: https://sqlalche.me/e/20/rvf5)
2026-04-27 13:41:49 | INFO     | app.services.patrol_service | === VIP车位巡检结束 ===
2026-04-27 13:42:19 | INFO     | app.services.patrol_service | === 开始VIP车位巡检 ===
2026-04-27 13:42:19 | ERROR    | app.services.external_db_service | 查询SQL Server失败, 车位=0677, 错误=(pyodbc.InterfaceError) ('IM002', '[IM002] [Microsoft][ODBC 驱动程序管理器] 未发现数据源名称并且未指定默认驱动程序 (0) (SQLDriverConnect)')
(Background on this error at: https://sqlalche.me/e/20/rvf5)
2026-04-27 13:42:19 | INFO     | app.services.patrol_service | === VIP车位巡检结束 ===
2026-04-27 13:42:49 | INFO     | app.services.patrol_service | === 开始VIP车位巡检 ===
2026-04-27 13:42:49 | ERROR    | app.services.external_db_service | 查询SQL Server失败, 车位=0677, 错误=(pyodbc.InterfaceError) ('IM002', '[IM002] [Microsoft][ODBC 驱动程序管理器] 未发现数据源名称并且未指定默认驱动程序 (0) (SQLDriverConnect)')
(Background on this error at: https://sqlalche.me/e/20/rvf5)
2026-04-27 13:42:49 | INFO     | app.services.patrol_service | === VIP车位巡检结束 ===
2026-04-27 13:43:19 | INFO     | app.services.patrol_service | === 开始VIP车位巡检 ===
2026-04-27 13:43:19 | ERROR    | app.services.external_db_service | 查询SQL Server失败, 车位=0677, 错误=(pyodbc.InterfaceError) ('IM002', '[IM002] [Microsoft][ODBC 驱动程序管理器] 未发现数据源名称并且未指定默认驱动程序 (0) (SQLDriverConnect)')
(Background on this error at: https://sqlalche.me/e/20/rvf5)
2026-04-27 13:43:19 | INFO     | app.services.patrol_service | === VIP车位巡检结束 ===
2026-04-27 13:43:49 | INFO     | app.services.patrol_service | === 开始VIP车位巡检 ===
2026-04-27 13:43:49 | ERROR    | app.services.external_db_service | 查询SQL Server失败, 车位=0677, 错误=(pyodbc.InterfaceError) ('IM002', '[IM002] [Microsoft][ODBC 驱动程序管理器] 未发现数据源名称并且未指定默认驱动程序 (0) (SQLDriverConnect)')
(Background on this error at: https://sqlalche.me/e/20/rvf5)
2026-04-27 13:43:49 | INFO     | app.services.patrol_service | === VIP车位巡检结束 ===
2026-04-27 13:44:19 | INFO     | app.services.patrol_service | === 开始VIP车位巡检 ===
2026-04-27 13:44:19 | ERROR    | app.services.external_db_service | 查询SQL Server失败, 车位=0677, 错误=(pyodbc.InterfaceError) ('IM002', '[IM002] [Microsoft][ODBC 驱动程序管理器] 未发现数据源名称并且未指定默认驱动程序 (0) (SQLDriverConnect)')
(Background on this error at: https://sqlalche.me/e/20/rvf5)
2026-04-27 13:44:19 | INFO     | app.services.patrol_service | === VIP车位巡检结束 ===
2026-04-27 13:44:49 | INFO     | app.services.patrol_service | === 开始VIP车位巡检 ===
2026-04-27 13:44:49 | ERROR    | app.services.external_db_service | 查询SQL Server失败, 车位=0677, 错误=(pyodbc.InterfaceError) ('IM002', '[IM002] [Microsoft][ODBC 驱动程序管理器] 未发现数据源名称并且未指定默认驱动程序 (0) (SQLDriverConnect)')
(Background on this error at: https://sqlalche.me/e/20/rvf5)
2026-04-27 13:44:49 | INFO     | app.services.patrol_service | === VIP车位巡检结束 ===
2026-04-27 13:45:19 | INFO     | app.services.patrol_service | === 开始VIP车位巡检 ===
2026-04-27 13:45:19 | ERROR    | app.services.external_db_service | 查询SQL Server失败, 车位=0677, 错误=(pyodbc.InterfaceError) ('IM002', '[IM002] [Microsoft][ODBC 驱动程序管理器] 未发现数据源名称并且未指定默认驱动程序 (0) (SQLDriverConnect)')
(Background on this error at: https://sqlalche.me/e/20/rvf5)
2026-04-27 13:45:19 | INFO     | app.services.patrol_service | === VIP车位巡检结束 ===
2026-04-27 13:45:49 | INFO     | app.services.patrol_service | === 开始VIP车位巡检 ===
2026-04-27 13:45:49 | ERROR    | app.services.external_db_service | 查询SQL Server失败, 车位=0677, 错误=(pyodbc.InterfaceError) ('IM002', '[IM002] [Microsoft][ODBC 驱动程序管理器] 未发现数据源名称并且未指定默认驱动程序 (0) (SQLDriverConnect)')
(Background on this error at: https://sqlalche.me/e/20/rvf5)
2026-04-27 13:45:49 | INFO     | app.services.patrol_service | === VIP车位巡检结束 ===
2026-04-27 13:46:19 | INFO     | app.services.patrol_service | === 开始VIP车位巡检 ===
2026-04-27 13:46:19 | ERROR    | app.services.external_db_service | 查询SQL Server失败, 车位=0677, 错误=(pyodbc.InterfaceError) ('IM002', '[IM002] [Microsoft][ODBC 驱动程序管理器] 未发现数据源名称并且未指定默认驱动程序 (0) (SQLDriverConnect)')
(Background on this error at: https://sqlalche.me/e/20/rvf5)
2026-04-27 13:46:19 | INFO     | app.services.patrol_service | === VIP车位巡检结束 ===
2026-04-27 13:46:49 | INFO     | app.services.patrol_service | === 开始VIP车位巡检 ===
2026-04-27 13:46:49 | ERROR    | app.services.external_db_service | 查询SQL Server失败, 车位=0677, 错误=(pyodbc.InterfaceError) ('IM002', '[IM002] [Microsoft][ODBC 驱动程序管理器] 未发现数据源名称并且未指定默认驱动程序 (0) (SQLDriverConnect)')
(Background on this error at: https://sqlalche.me/e/20/rvf5)
2026-04-27 13:46:49 | INFO     | app.services.patrol_service | === VIP车位巡检结束 ===
2026-04-27 13:47:19 | INFO     | app.services.patrol_service | === 开始VIP车位巡检 ===
2026-04-27 13:47:19 | ERROR    | app.services.external_db_service | 查询SQL Server失败, 车位=0677, 错误=(pyodbc.InterfaceError) ('IM002', '[IM002] [Microsoft][ODBC 驱动程序管理器] 未发现数据源名称并且未指定默认驱动程序 (0) (SQLDriverConnect)')
(Background on this error at: https://sqlalche.me/e/20/rvf5)
2026-04-27 13:47:19 | INFO     | app.services.patrol_service | === VIP车位巡检结束 ===
2026-04-27 13:47:49 | INFO     | app.services.patrol_service | === 开始VIP车位巡检 ===
2026-04-27 13:47:49 | ERROR    | app.services.external_db_service | 查询SQL Server失败, 车位=0677, 错误=(pyodbc.InterfaceError) ('IM002', '[IM002] [Microsoft][ODBC 驱动程序管理器] 未发现数据源名称并且未指定默认驱动程序 (0) (SQLDriverConnect)')
(Background on this error at: https://sqlalche.me/e/20/rvf5)
2026-04-27 13:47:49 | INFO     | app.services.patrol_service | === VIP车位巡检结束 ===
2026-04-27 13:48:19 | INFO     | app.services.patrol_service | === 开始VIP车位巡检 ===
2026-04-27 13:48:19 | ERROR    | app.services.external_db_service | 查询SQL Server失败, 车位=0677, 错误=(pyodbc.InterfaceError) ('IM002', '[IM002] [Microsoft][ODBC 驱动程序管理器] 未发现数据源名称并且未指定默认驱动程序 (0) (SQLDriverConnect)')
(Background on this error at: https://sqlalche.me/e/20/rvf5)
2026-04-27 13:48:19 | INFO     | app.services.patrol_service | === VIP车位巡检结束 ===
2026-04-27 13:48:49 | INFO     | app.services.patrol_service | === 开始VIP车位巡检 ===
2026-04-27 13:48:49 | ERROR    | app.services.external_db_service | 查询SQL Server失败, 车位=0677, 错误=(pyodbc.InterfaceError) ('IM002', '[IM002] [Microsoft][ODBC 驱动程序管理器] 未发现数据源名称并且未指定默认驱动程序 (0) (SQLDriverConnect)')
(Background on this error at: https://sqlalche.me/e/20/rvf5)
2026-04-27 13:48:49 | INFO     | app.services.patrol_service | === VIP车位巡检结束 ===
2026-04-27 13:49:19 | INFO     | app.services.patrol_service | === 开始VIP车位巡检 ===
2026-04-27 13:49:19 | ERROR    | app.services.external_db_service | 查询SQL Server失败, 车位=0677, 错误=(pyodbc.InterfaceError) ('IM002', '[IM002] [Microsoft][ODBC 驱动程序管理器] 未发现数据源名称并且未指定默认驱动程序 (0) (SQLDriverConnect)')
(Background on this error at: https://sqlalche.me/e/20/rvf5)
2026-04-27 13:49:19 | INFO     | app.services.patrol_service | === VIP车位巡检结束 ===
2026-04-27 13:49:49 | INFO     | app.services.patrol_service | === 开始VIP车位巡检 ===
2026-04-27 13:49:49 | ERROR    | app.services.external_db_service | 查询SQL Server失败, 车位=0677, 错误=(pyodbc.InterfaceError) ('IM002', '[IM002] [Microsoft][ODBC 驱动程序管理器] 未发现数据源名称并且未指定默认驱动程序 (0) (SQLDriverConnect)')
(Background on this error at: https://sqlalche.me/e/20/rvf5)
2026-04-27 13:49:49 | INFO     | app.services.patrol_service | === VIP车位巡检结束 ===
2026-04-27 13:50:19 | INFO     | app.services.patrol_service | === 开始VIP车位巡检 ===
2026-04-27 13:50:19 | ERROR    | app.services.external_db_service | 查询SQL Server失败, 车位=0677, 错误=(pyodbc.InterfaceError) ('IM002', '[IM002] [Microsoft][ODBC 驱动程序管理器] 未发现数据源名称并且未指定默认驱动程序 (0) (SQLDriverConnect)')
(Background on this error at: https://sqlalche.me/e/20/rvf5)
2026-04-27 13:50:19 | INFO     | app.services.patrol_service | === VIP车位巡检结束 ===
2026-04-27 13:50:49 | INFO     | app.services.patrol_service | === 开始VIP车位巡检 ===
2026-04-27 13:50:49 | ERROR    | app.services.external_db_service | 查询SQL Server失败, 车位=0677, 错误=(pyodbc.InterfaceError) ('IM002', '[IM002] [Microsoft][ODBC 驱动程序管理器] 未发现数据源名称并且未指定默认驱动程序 (0) (SQLDriverConnect)')
(Background on this error at: https://sqlalche.me/e/20/rvf5)
2026-04-27 13:50:49 | INFO     | app.services.patrol_service | === VIP车位巡检结束 ===
2026-04-27 13:51:19 | INFO     | app.services.patrol_service | === 开始VIP车位巡检 ===
2026-04-27 13:51:19 | ERROR    | app.services.external_db_service | 查询SQL Server失败, 车位=0677, 错误=(pyodbc.InterfaceError) ('IM002', '[IM002] [Microsoft][ODBC 驱动程序管理器] 未发现数据源名称并且未指定默认驱动程序 (0) (SQLDriverConnect)')
(Background on this error at: https://sqlalche.me/e/20/rvf5)
2026-04-27 13:51:19 | INFO     | app.services.patrol_service | === VIP车位巡检结束 ===
2026-04-27 13:51:49 | INFO     | app.services.patrol_service | === 开始VIP车位巡检 ===
2026-04-27 13:51:49 | ERROR    | app.services.external_db_service | 查询SQL Server失败, 车位=0677, 错误=(pyodbc.InterfaceError) ('IM002', '[IM002] [Microsoft][ODBC 驱动程序管理器] 未发现数据源名称并且未指定默认驱动程序 (0) (SQLDriverConnect)')
(Background on this error at: https://sqlalche.me/e/20/rvf5)
2026-04-27 13:51:49 | INFO     | app.services.patrol_service | === VIP车位巡检结束 ===
2026-04-27 13:52:19 | INFO     | app.services.patrol_service | === 开始VIP车位巡检 ===
2026-04-27 13:52:19 | ERROR    | app.services.external_db_service | 查询SQL Server失败, 车位=0677, 错误=(pyodbc.InterfaceError) ('IM002', '[IM002] [Microsoft][ODBC 驱动程序管理器] 未发现数据源名称并且未指定默认驱动程序 (0) (SQLDriverConnect)')
(Background on this error at: https://sqlalche.me/e/20/rvf5)
2026-04-27 13:52:19 | INFO     | app.services.patrol_service | === VIP车位巡检结束 ===
2026-04-27 13:52:49 | INFO     | app.services.patrol_service | === 开始VIP车位巡检 ===
2026-04-27 13:52:49 | ERROR    | app.services.external_db_service | 查询SQL Server失败, 车位=0677, 错误=(pyodbc.InterfaceError) ('IM002', '[IM002] [Microsoft][ODBC 驱动程序管理器] 未发现数据源名称并且未指定默认驱动程序 (0) (SQLDriverConnect)')
(Background on this error at: https://sqlalche.me/e/20/rvf5)
2026-04-27 13:52:49 | INFO     | app.services.patrol_service | === VIP车位巡检结束 ===
2026-04-27 13:53:19 | INFO     | app.services.patrol_service | === 开始VIP车位巡检 ===
2026-04-27 13:53:19 | ERROR    | app.services.external_db_service | 查询SQL Server失败, 车位=0677, 错误=(pyodbc.InterfaceError) ('IM002', '[IM002] [Microsoft][ODBC 驱动程序管理器] 未发现数据源名称并且未指定默认驱动程序 (0) (SQLDriverConnect)')
(Background on this error at: https://sqlalche.me/e/20/rvf5)
2026-04-27 13:53:19 | INFO     | app.services.patrol_service | === VIP车位巡检结束 ===
2026-04-27 13:53:49 | INFO     | app.services.patrol_service | === 开始VIP车位巡检 ===
2026-04-27 13:53:49 | ERROR    | app.services.external_db_service | 查询SQL Server失败, 车位=0677, 错误=(pyodbc.InterfaceError) ('IM002', '[IM002] [Microsoft][ODBC 驱动程序管理器] 未发现数据源名称并且未指定默认驱动程序 (0) (SQLDriverConnect)')
(Background on this error at: https://sqlalche.me/e/20/rvf5)
2026-04-27 13:53:49 | INFO     | app.services.patrol_service | === VIP车位巡检结束 ===
2026-04-27 13:54:19 | INFO     | app.services.patrol_service | === 开始VIP车位巡检 ===
2026-04-27 13:54:19 | ERROR    | app.services.external_db_service | 查询SQL Server失败, 车位=0677, 错误=(pyodbc.InterfaceError) ('IM002', '[IM002] [Microsoft][ODBC 驱动程序管理器] 未发现数据源名称并且未指定默认驱动程序 (0) (SQLDriverConnect)')
(Background on this error at: https://sqlalche.me/e/20/rvf5)
2026-04-27 13:54:19 | INFO     | app.services.patrol_service | === VIP车位巡检结束 ===
2026-04-27 13:54:49 | INFO     | app.services.patrol_service | === 开始VIP车位巡检 ===
2026-04-27 13:54:49 | ERROR    | app.services.external_db_service | 查询SQL Server失败, 车位=0677, 错误=(pyodbc.InterfaceError) ('IM002', '[IM002] [Microsoft][ODBC 驱动程序管理器] 未发现数据源名称并且未指定默认驱动程序 (0) (SQLDriverConnect)')
(Background on this error at: https://sqlalche.me/e/20/rvf5)
2026-04-27 13:54:49 | INFO     | app.services.patrol_service | === VIP车位巡检结束 ===
2026-04-27 13:55:19 | INFO     | app.services.patrol_service | === 开始VIP车位巡检 ===
2026-04-27 13:55:19 | ERROR    | app.services.external_db_service | 查询SQL Server失败, 车位=0677, 错误=(pyodbc.InterfaceError) ('IM002', '[IM002] [Microsoft][ODBC 驱动程序管理器] 未发现数据源名称并且未指定默认驱动程序 (0) (SQLDriverConnect)')
(Background on this error at: https://sqlalche.me/e/20/rvf5)
2026-04-27 13:55:19 | INFO     | app.services.patrol_service | === VIP车位巡检结束 ===
2026-04-27 13:55:49 | INFO     | app.services.patrol_service | === 开始VIP车位巡检 ===
2026-04-27 13:55:49 | ERROR    | app.services.external_db_service | 查询SQL Server失败, 车位=0677, 错误=(pyodbc.InterfaceError) ('IM002', '[IM002] [Microsoft][ODBC 驱动程序管理器] 未发现数据源名称并且未指定默认驱动程序 (0) (SQLDriverConnect)')
(Background on this error at: https://sqlalche.me/e/20/rvf5)
2026-04-27 13:55:49 | INFO     | app.services.patrol_service | === VIP车位巡检结束 ===
2026-04-27 13:56:19 | INFO     | app.services.patrol_service | === 开始VIP车位巡检 ===
2026-04-27 13:56:19 | ERROR    | app.services.external_db_service | 查询SQL Server失败, 车位=0677, 错误=(pyodbc.InterfaceError) ('IM002', '[IM002] [Microsoft][ODBC 驱动程序管理器] 未发现数据源名称并且未指定默认驱动程序 (0) (SQLDriverConnect)')
(Background on this error at: https://sqlalche.me/e/20/rvf5)
2026-04-27 13:56:19 | INFO     | app.services.patrol_service | === VIP车位巡检结束 ===
2026-04-27 13:56:49 | INFO     | app.services.patrol_service | === 开始VIP车位巡检 ===
2026-04-27 13:56:49 | ERROR    | app.services.external_db_service | 查询SQL Server失败, 车位=0677, 错误=(pyodbc.InterfaceError) ('IM002', '[IM002] [Microsoft][ODBC 驱动程序管理器] 未发现数据源名称并且未指定默认驱动程序 (0) (SQLDriverConnect)')
(Background on this error at: https://sqlalche.me/e/20/rvf5)
2026-04-27 13:56:49 | INFO     | app.services.patrol_service | === VIP车位巡检结束 ===
2026-04-27 13:57:19 | INFO     | app.services.patrol_service | === 开始VIP车位巡检 ===
2026-04-27 13:57:19 | ERROR    | app.services.external_db_service | 查询SQL Server失败, 车位=0677, 错误=(pyodbc.InterfaceError) ('IM002', '[IM002] [Microsoft][ODBC 驱动程序管理器] 未发现数据源名称并且未指定默认驱动程序 (0) (SQLDriverConnect)')
(Background on this error at: https://sqlalche.me/e/20/rvf5)
2026-04-27 13:57:19 | INFO     | app.services.patrol_service | === VIP车位巡检结束 ===
2026-04-27 13:57:49 | INFO     | app.services.patrol_service | === 开始VIP车位巡检 ===
2026-04-27 13:57:49 | ERROR    | app.services.external_db_service | 查询SQL Server失败, 车位=0677, 错误=(pyodbc.InterfaceError) ('IM002', '[IM002] [Microsoft][ODBC 驱动程序管理器] 未发现数据源名称并且未指定默认驱动程序 (0) (SQLDriverConnect)')
(Background on this error at: https://sqlalche.me/e/20/rvf5)
2026-04-27 13:57:49 | INFO     | app.services.patrol_service | === VIP车位巡检结束 ===
2026-04-27 13:58:19 | INFO     | app.services.patrol_service | === 开始VIP车位巡检 ===
2026-04-27 13:58:19 | ERROR    | app.services.external_db_service | 查询SQL Server失败, 车位=0677, 错误=(pyodbc.InterfaceError) ('IM002', '[IM002] [Microsoft][ODBC 驱动程序管理器] 未发现数据源名称并且未指定默认驱动程序 (0) (SQLDriverConnect)')
(Background on this error at: https://sqlalche.me/e/20/rvf5)
2026-04-27 13:58:19 | INFO     | app.services.patrol_service | === VIP车位巡检结束 ===
2026-04-27 13:58:49 | INFO     | app.services.patrol_service | === 开始VIP车位巡检 ===
2026-04-27 13:58:49 | ERROR    | app.services.external_db_service | 查询SQL Server失败, 车位=0677, 错误=(pyodbc.InterfaceError) ('IM002', '[IM002] [Microsoft][ODBC 驱动程序管理器] 未发现数据源名称并且未指定默认驱动程序 (0) (SQLDriverConnect)')
(Background on this error at: https://sqlalche.me/e/20/rvf5)
2026-04-27 13:58:49 | INFO     | app.services.patrol_service | === VIP车位巡检结束 ===
2026-04-27 13:59:19 | INFO     | app.services.patrol_service | === 开始VIP车位巡检 ===
2026-04-27 13:59:19 | ERROR    | app.services.external_db_service | 查询SQL Server失败, 车位=0677, 错误=(pyodbc.InterfaceError) ('IM002', '[IM002] [Microsoft][ODBC 驱动程序管理器] 未发现数据源名称并且未指定默认驱动程序 (0) (SQLDriverConnect)')
(Background on this error at: https://sqlalche.me/e/20/rvf5)
2026-04-27 13:59:19 | INFO     | app.services.patrol_service | === VIP车位巡检结束 ===
2026-04-27 13:59:49 | INFO     | app.services.patrol_service | === 开始VIP车位巡检 ===
2026-04-27 13:59:49 | ERROR    | app.services.external_db_service | 查询SQL Server失败, 车位=0677, 错误=(pyodbc.InterfaceError) ('IM002', '[IM002] [Microsoft][ODBC 驱动程序管理器] 未发现数据源名称并且未指定默认驱动程序 (0) (SQLDriverConnect)')
(Background on this error at: https://sqlalche.me/e/20/rvf5)
2026-04-27 13:59:49 | INFO     | app.services.patrol_service | === VIP车位巡检结束 ===
2026-04-27 14:00:19 | INFO     | app.services.patrol_service | === 开始VIP车位巡检 ===
2026-04-27 14:00:19 | ERROR    | app.services.external_db_service | 查询SQL Server失败, 车位=0677, 错误=(pyodbc.InterfaceError) ('IM002', '[IM002] [Microsoft][ODBC 驱动程序管理器] 未发现数据源名称并且未指定默认驱动程序 (0) (SQLDriverConnect)')
(Background on this error at: https://sqlalche.me/e/20/rvf5)
2026-04-27 14:00:19 | INFO     | app.services.patrol_service | === VIP车位巡检结束 ===
2026-04-27 14:00:49 | INFO     | app.services.patrol_service | === 开始VIP车位巡检 ===
2026-04-27 14:00:49 | ERROR    | app.services.external_db_service | 查询SQL Server失败, 车位=0677, 错误=(pyodbc.InterfaceError) ('IM002', '[IM002] [Microsoft][ODBC 驱动程序管理器] 未发现数据源名称并且未指定默认驱动程序 (0) (SQLDriverConnect)')
(Background on this error at: https://sqlalche.me/e/20/rvf5)
2026-04-27 14:00:49 | INFO     | app.services.patrol_service | === VIP车位巡检结束 ===
2026-04-27 14:01:19 | INFO     | app.services.patrol_service | === 开始VIP车位巡检 ===
2026-04-27 14:01:19 | ERROR    | app.services.external_db_service | 查询SQL Server失败, 车位=0677, 错误=(pyodbc.InterfaceError) ('IM002', '[IM002] [Microsoft][ODBC 驱动程序管理器] 未发现数据源名称并且未指定默认驱动程序 (0) (SQLDriverConnect)')
(Background on this error at: https://sqlalche.me/e/20/rvf5)
2026-04-27 14:01:19 | INFO     | app.services.patrol_service | === VIP车位巡检结束 ===
2026-04-27 14:01:49 | INFO     | app.services.patrol_service | === 开始VIP车位巡检 ===
2026-04-27 14:01:49 | ERROR    | app.services.external_db_service | 查询SQL Server失败, 车位=0677, 错误=(pyodbc.InterfaceError) ('IM002', '[IM002] [Microsoft][ODBC 驱动程序管理器] 未发现数据源名称并且未指定默认驱动程序 (0) (SQLDriverConnect)')
(Background on this error at: https://sqlalche.me/e/20/rvf5)
2026-04-27 14:01:49 | INFO     | app.services.patrol_service | === VIP车位巡检结束 ===
2026-04-27 14:02:19 | INFO     | app.services.patrol_service | === 开始VIP车位巡检 ===
2026-04-27 14:02:19 | ERROR    | app.services.external_db_service | 查询SQL Server失败, 车位=0677, 错误=(pyodbc.InterfaceError) ('IM002', '[IM002] [Microsoft][ODBC 驱动程序管理器] 未发现数据源名称并且未指定默认驱动程序 (0) (SQLDriverConnect)')
(Background on this error at: https://sqlalche.me/e/20/rvf5)
2026-04-27 14:02:19 | INFO     | app.services.patrol_service | === VIP车位巡检结束 ===
2026-04-27 14:02:49 | INFO     | app.services.patrol_service | === 开始VIP车位巡检 ===
2026-04-27 14:02:49 | ERROR    | app.services.external_db_service | 查询SQL Server失败, 车位=0677, 错误=(pyodbc.InterfaceError) ('IM002', '[IM002] [Microsoft][ODBC 驱动程序管理器] 未发现数据源名称并且未指定默认驱动程序 (0) (SQLDriverConnect)')
(Background on this error at: https://sqlalche.me/e/20/rvf5)
2026-04-27 14:02:49 | INFO     | app.services.patrol_service | === VIP车位巡检结束 ===
2026-04-27 14:03:19 | INFO     | app.services.patrol_service | === 开始VIP车位巡检 ===
2026-04-27 14:03:19 | ERROR    | app.services.external_db_service | 查询SQL Server失败, 车位=0677, 错误=(pyodbc.InterfaceError) ('IM002', '[IM002] [Microsoft][ODBC 驱动程序管理器] 未发现数据源名称并且未指定默认驱动程序 (0) (SQLDriverConnect)')
(Background on this error at: https://sqlalche.me/e/20/rvf5)
2026-04-27 14:03:19 | INFO     | app.services.patrol_service | === VIP车位巡检结束 ===
2026-04-27 14:03:49 | INFO     | app.services.patrol_service | === 开始VIP车位巡检 ===
2026-04-27 14:03:49 | ERROR    | app.services.external_db_service | 查询SQL Server失败, 车位=0677, 错误=(pyodbc.InterfaceError) ('IM002', '[IM002] [Microsoft][ODBC 驱动程序管理器] 未发现数据源名称并且未指定默认驱动程序 (0) (SQLDriverConnect)')
(Background on this error at: https://sqlalche.me/e/20/rvf5)
2026-04-27 14:03:49 | INFO     | app.services.patrol_service | === VIP车位巡检结束 ===
2026-04-27 14:04:19 | INFO     | app.services.patrol_service | === 开始VIP车位巡检 ===
2026-04-27 14:04:19 | ERROR    | app.services.external_db_service | 查询SQL Server失败, 车位=0677, 错误=(pyodbc.InterfaceError) ('IM002', '[IM002] [Microsoft][ODBC 驱动程序管理器] 未发现数据源名称并且未指定默认驱动程序 (0) (SQLDriverConnect)')
(Background on this error at: https://sqlalche.me/e/20/rvf5)
2026-04-27 14:04:19 | INFO     | app.services.patrol_service | === VIP车位巡检结束 ===
2026-04-27 14:04:49 | INFO     | app.services.patrol_service | === 开始VIP车位巡检 ===
2026-04-27 14:04:49 | ERROR    | app.services.external_db_service | 查询SQL Server失败, 车位=0677, 错误=(pyodbc.InterfaceError) ('IM002', '[IM002] [Microsoft][ODBC 驱动程序管理器] 未发现数据源名称并且未指定默认驱动程序 (0) (SQLDriverConnect)')
(Background on this error at: https://sqlalche.me/e/20/rvf5)
2026-04-27 14:04:49 | INFO     | app.services.patrol_service | === VIP车位巡检结束 ===
2026-04-27 14:05:19 | INFO     | app.services.patrol_service | === 开始VIP车位巡检 ===
2026-04-27 14:05:19 | ERROR    | app.services.external_db_service | 查询SQL Server失败, 车位=0677, 错误=(pyodbc.InterfaceError) ('IM002', '[IM002] [Microsoft][ODBC 驱动程序管理器] 未发现数据源名称并且未指定默认驱动程序 (0) (SQLDriverConnect)')
(Background on this error at: https://sqlalche.me/e/20/rvf5)
2026-04-27 14:05:19 | INFO     | app.services.patrol_service | === VIP车位巡检结束 ===
2026-04-27 14:05:49 | INFO     | app.services.patrol_service | === 开始VIP车位巡检 ===
2026-04-27 14:05:49 | ERROR    | app.services.external_db_service | 查询SQL Server失败, 车位=0677, 错误=(pyodbc.InterfaceError) ('IM002', '[IM002] [Microsoft][ODBC 驱动程序管理器] 未发现数据源名称并且未指定默认驱动程序 (0) (SQLDriverConnect)')
(Background on this error at: https://sqlalche.me/e/20/rvf5)
2026-04-27 14:05:49 | INFO     | app.services.patrol_service | === VIP车位巡检结束 ===
2026-04-27 14:06:19 | INFO     | app.services.patrol_service | === 开始VIP车位巡检 ===
2026-04-27 14:06:19 | ERROR    | app.services.external_db_service | 查询SQL Server失败, 车位=0677, 错误=(pyodbc.InterfaceError) ('IM002', '[IM002] [Microsoft][ODBC 驱动程序管理器] 未发现数据源名称并且未指定默认驱动程序 (0) (SQLDriverConnect)')
(Background on this error at: https://sqlalche.me/e/20/rvf5)
2026-04-27 14:06:19 | INFO     | app.services.patrol_service | === VIP车位巡检结束 ===
2026-04-27 14:06:49 | INFO     | app.services.patrol_service | === 开始VIP车位巡检 ===
2026-04-27 14:06:49 | ERROR    | app.services.external_db_service | 查询SQL Server失败, 车位=0677, 错误=(pyodbc.InterfaceError) ('IM002', '[IM002] [Microsoft][ODBC 驱动程序管理器] 未发现数据源名称并且未指定默认驱动程序 (0) (SQLDriverConnect)')
(Background on this error at: https://sqlalche.me/e/20/rvf5)
2026-04-27 14:06:49 | INFO     | app.services.patrol_service | === VIP车位巡检结束 ===
2026-04-27 14:07:19 | INFO     | app.services.patrol_service | === 开始VIP车位巡检 ===
2026-04-27 14:07:19 | ERROR    | app.services.external_db_service | 查询SQL Server失败, 车位=0677, 错误=(pyodbc.InterfaceError) ('IM002', '[IM002] [Microsoft][ODBC 驱动程序管理器] 未发现数据源名称并且未指定默认驱动程序 (0) (SQLDriverConnect)')
(Background on this error at: https://sqlalche.me/e/20/rvf5)
2026-04-27 14:07:19 | INFO     | app.services.patrol_service | === VIP车位巡检结束 ===
2026-04-27 14:07:49 | INFO     | app.services.patrol_service | === 开始VIP车位巡检 ===
2026-04-27 14:07:49 | ERROR    | app.services.external_db_service | 查询SQL Server失败, 车位=0677, 错误=(pyodbc.InterfaceError) ('IM002', '[IM002] [Microsoft][ODBC 驱动程序管理器] 未发现数据源名称并且未指定默认驱动程序 (0) (SQLDriverConnect)')
(Background on this error at: https://sqlalche.me/e/20/rvf5)
2026-04-27 14:07:49 | INFO     | app.services.patrol_service | === VIP车位巡检结束 ===
2026-04-27 14:08:19 | INFO     | app.services.patrol_service | === 开始VIP车位巡检 ===
2026-04-27 14:08:19 | ERROR    | app.services.external_db_service | 查询SQL Server失败, 车位=0677, 错误=(pyodbc.InterfaceError) ('IM002', '[IM002] [Microsoft][ODBC 驱动程序管理器] 未发现数据源名称并且未指定默认驱动程序 (0) (SQLDriverConnect)')
(Background on this error at: https://sqlalche.me/e/20/rvf5)
2026-04-27 14:08:19 | INFO     | app.services.patrol_service | === VIP车位巡检结束 ===
2026-04-27 14:08:49 | INFO     | app.services.patrol_service | === 开始VIP车位巡检 ===
2026-04-27 14:08:49 | ERROR    | app.services.external_db_service | 查询SQL Server失败, 车位=0677, 错误=(pyodbc.InterfaceError) ('IM002', '[IM002] [Microsoft][ODBC 驱动程序管理器] 未发现数据源名称并且未指定默认驱动程序 (0) (SQLDriverConnect)')
(Background on this error at: https://sqlalche.me/e/20/rvf5)
2026-04-27 14:08:49 | INFO     | app.services.patrol_service | === VIP车位巡检结束 ===
2026-04-27 14:09:19 | INFO     | app.services.patrol_service | === 开始VIP车位巡检 ===
2026-04-27 14:09:19 | ERROR    | app.services.external_db_service | 查询SQL Server失败, 车位=0677, 错误=(pyodbc.InterfaceError) ('IM002', '[IM002] [Microsoft][ODBC 驱动程序管理器] 未发现数据源名称并且未指定默认驱动程序 (0) (SQLDriverConnect)')
(Background on this error at: https://sqlalche.me/e/20/rvf5)
2026-04-27 14:09:19 | INFO     | app.services.patrol_service | === VIP车位巡检结束 ===
2026-04-27 14:09:49 | INFO     | app.services.patrol_service | === 开始VIP车位巡检 ===
2026-04-27 14:09:49 | ERROR    | app.services.external_db_service | 查询SQL Server失败, 车位=0677, 错误=(pyodbc.InterfaceError) ('IM002', '[IM002] [Microsoft][ODBC 驱动程序管理器] 未发现数据源名称并且未指定默认驱动程序 (0) (SQLDriverConnect)')
(Background on this error at: https://sqlalche.me/e/20/rvf5)
2026-04-27 14:09:49 | INFO     | app.services.patrol_service | === VIP车位巡检结束 ===
2026-04-27 14:10:19 | INFO     | app.services.patrol_service | === 开始VIP车位巡检 ===
2026-04-27 14:10:19 | ERROR    | app.services.external_db_service | 查询SQL Server失败, 车位=0677, 错误=(pyodbc.InterfaceError) ('IM002', '[IM002] [Microsoft][ODBC 驱动程序管理器] 未发现数据源名称并且未指定默认驱动程序 (0) (SQLDriverConnect)')
(Background on this error at: https://sqlalche.me/e/20/rvf5)
2026-04-27 14:10:19 | INFO     | app.services.patrol_service | === VIP车位巡检结束 ===
2026-04-27 14:10:49 | INFO     | app.services.patrol_service | === 开始VIP车位巡检 ===
2026-04-27 14:10:49 | ERROR    | app.services.external_db_service | 查询SQL Server失败, 车位=0677, 错误=(pyodbc.InterfaceError) ('IM002', '[IM002] [Microsoft][ODBC 驱动程序管理器] 未发现数据源名称并且未指定默认驱动程序 (0) (SQLDriverConnect)')
(Background on this error at: https://sqlalche.me/e/20/rvf5)
2026-04-27 14:10:49 | INFO     | app.services.patrol_service | === VIP车位巡检结束 ===
2026-04-27 14:11:19 | INFO     | app.services.patrol_service | === 开始VIP车位巡检 ===
2026-04-27 14:11:19 | ERROR    | app.services.external_db_service | 查询SQL Server失败, 车位=0677, 错误=(pyodbc.InterfaceError) ('IM002', '[IM002] [Microsoft][ODBC 驱动程序管理器] 未发现数据源名称并且未指定默认驱动程序 (0) (SQLDriverConnect)')
(Background on this error at: https://sqlalche.me/e/20/rvf5)
2026-04-27 14:11:19 | INFO     | app.services.patrol_service | === VIP车位巡检结束 ===
2026-04-27 14:11:49 | INFO     | app.services.patrol_service | === 开始VIP车位巡检 ===
2026-04-27 14:11:49 | ERROR    | app.services.external_db_service | 查询SQL Server失败, 车位=0677, 错误=(pyodbc.InterfaceError) ('IM002', '[IM002] [Microsoft][ODBC 驱动程序管理器] 未发现数据源名称并且未指定默认驱动程序 (0) (SQLDriverConnect)')
(Background on this error at: https://sqlalche.me/e/20/rvf5)
2026-04-27 14:11:49 | INFO     | app.services.patrol_service | === VIP车位巡检结束 ===
2026-04-27 14:12:19 | INFO     | app.services.patrol_service | === 开始VIP车位巡检 ===
2026-04-27 14:12:19 | ERROR    | app.services.external_db_service | 查询SQL Server失败, 车位=0677, 错误=(pyodbc.InterfaceError) ('IM002', '[IM002] [Microsoft][ODBC 驱动程序管理器] 未发现数据源名称并且未指定默认驱动程序 (0) (SQLDriverConnect)')
(Background on this error at: https://sqlalche.me/e/20/rvf5)
2026-04-27 14:12:19 | INFO     | app.services.patrol_service | === VIP车位巡检结束 ===
2026-04-27 14:12:49 | INFO     | app.services.patrol_service | === 开始VIP车位巡检 ===
2026-04-27 14:12:49 | ERROR    | app.services.external_db_service | 查询SQL Server失败, 车位=0677, 错误=(pyodbc.InterfaceError) ('IM002', '[IM002] [Microsoft][ODBC 驱动程序管理器] 未发现数据源名称并且未指定默认驱动程序 (0) (SQLDriverConnect)')
(Background on this error at: https://sqlalche.me/e/20/rvf5)
2026-04-27 14:12:49 | INFO     | app.services.patrol_service | === VIP车位巡检结束 ===
2026-04-27 14:13:19 | INFO     | app.services.patrol_service | === 开始VIP车位巡检 ===
2026-04-27 14:13:19 | ERROR    | app.services.external_db_service | 查询SQL Server失败, 车位=0677, 错误=(pyodbc.InterfaceError) ('IM002', '[IM002] [Microsoft][ODBC 驱动程序管理器] 未发现数据源名称并且未指定默认驱动程序 (0) (SQLDriverConnect)')
(Background on this error at: https://sqlalche.me/e/20/rvf5)
2026-04-27 14:13:19 | INFO     | app.services.patrol_service | === VIP车位巡检结束 ===
2026-04-27 14:13:49 | INFO     | app.services.patrol_service | === 开始VIP车位巡检 ===
2026-04-27 14:13:49 | ERROR    | app.services.external_db_service | 查询SQL Server失败, 车位=0677, 错误=(pyodbc.InterfaceError) ('IM002', '[IM002] [Microsoft][ODBC 驱动程序管理器] 未发现数据源名称并且未指定默认驱动程序 (0) (SQLDriverConnect)')
(Background on this error at: https://sqlalche.me/e/20/rvf5)
2026-04-27 14:13:49 | INFO     | app.services.patrol_service | === VIP车位巡检结束 ===
2026-04-27 14:14:19 | INFO     | app.services.patrol_service | === 开始VIP车位巡检 ===
2026-04-27 14:14:19 | ERROR    | app.services.external_db_service | 查询SQL Server失败, 车位=0677, 错误=(pyodbc.InterfaceError) ('IM002', '[IM002] [Microsoft][ODBC 驱动程序管理器] 未发现数据源名称并且未指定默认驱动程序 (0) (SQLDriverConnect)')
(Background on this error at: https://sqlalche.me/e/20/rvf5)
2026-04-27 14:14:19 | INFO     | app.services.patrol_service | === VIP车位巡检结束 ===
2026-04-27 14:14:49 | INFO     | app.services.patrol_service | === 开始VIP车位巡检 ===
2026-04-27 14:14:49 | ERROR    | app.services.external_db_service | 查询SQL Server失败, 车位=0677, 错误=(pyodbc.InterfaceError) ('IM002', '[IM002] [Microsoft][ODBC 驱动程序管理器] 未发现数据源名称并且未指定默认驱动程序 (0) (SQLDriverConnect)')
(Background on this error at: https://sqlalche.me/e/20/rvf5)
2026-04-27 14:14:49 | INFO     | app.services.patrol_service | === VIP车位巡检结束 ===
2026-04-27 14:15:19 | INFO     | app.services.patrol_service | === 开始VIP车位巡检 ===
2026-04-27 14:15:19 | ERROR    | app.services.external_db_service | 查询SQL Server失败, 车位=0677, 错误=(pyodbc.InterfaceError) ('IM002', '[IM002] [Microsoft][ODBC 驱动程序管理器] 未发现数据源名称并且未指定默认驱动程序 (0) (SQLDriverConnect)')
(Background on this error at: https://sqlalche.me/e/20/rvf5)
2026-04-27 14:15:19 | INFO     | app.services.patrol_service | === VIP车位巡检结束 ===
2026-04-27 14:15:49 | INFO     | app.services.patrol_service | === 开始VIP车位巡检 ===
2026-04-27 14:15:49 | ERROR    | app.services.external_db_service | 查询SQL Server失败, 车位=0677, 错误=(pyodbc.InterfaceError) ('IM002', '[IM002] [Microsoft][ODBC 驱动程序管理器] 未发现数据源名称并且未指定默认驱动程序 (0) (SQLDriverConnect)')
(Background on this error at: https://sqlalche.me/e/20/rvf5)
2026-04-27 14:15:49 | INFO     | app.services.patrol_service | === VIP车位巡检结束 ===
2026-04-27 14:16:19 | INFO     | app.services.patrol_service | === 开始VIP车位巡检 ===
2026-04-27 14:16:19 | ERROR    | app.services.external_db_service | 查询SQL Server失败, 车位=0677, 错误=(pyodbc.InterfaceError) ('IM002', '[IM002] [Microsoft][ODBC 驱动程序管理器] 未发现数据源名称并且未指定默认驱动程序 (0) (SQLDriverConnect)')
(Background on this error at: https://sqlalche.me/e/20/rvf5)
2026-04-27 14:16:19 | INFO     | app.services.patrol_service | === VIP车位巡检结束 ===
2026-04-27 14:16:49 | INFO     | app.services.patrol_service | === 开始VIP车位巡检 ===
2026-04-27 14:16:49 | ERROR    | app.services.external_db_service | 查询SQL Server失败, 车位=0677, 错误=(pyodbc.InterfaceError) ('IM002', '[IM002] [Microsoft][ODBC 驱动程序管理器] 未发现数据源名称并且未指定默认驱动程序 (0) (SQLDriverConnect)')
(Background on this error at: https://sqlalche.me/e/20/rvf5)
2026-04-27 14:16:49 | INFO     | app.services.patrol_service | === VIP车位巡检结束 ===
2026-04-27 14:17:19 | INFO     | app.services.patrol_service | === 开始VIP车位巡检 ===
2026-04-27 14:17:19 | ERROR    | app.services.external_db_service | 查询SQL Server失败, 车位=0677, 错误=(pyodbc.InterfaceError) ('IM002', '[IM002] [Microsoft][ODBC 驱动程序管理器] 未发现数据源名称并且未指定默认驱动程序 (0) (SQLDriverConnect)')
(Background on this error at: https://sqlalche.me/e/20/rvf5)
2026-04-27 14:17:19 | INFO     | app.services.patrol_service | === VIP车位巡检结束 ===
2026-04-27 14:17:49 | INFO     | app.services.patrol_service | === 开始VIP车位巡检 ===
2026-04-27 14:17:49 | ERROR    | app.services.external_db_service | 查询SQL Server失败, 车位=0677, 错误=(pyodbc.InterfaceError) ('IM002', '[IM002] [Microsoft][ODBC 驱动程序管理器] 未发现数据源名称并且未指定默认驱动程序 (0) (SQLDriverConnect)')
(Background on this error at: https://sqlalche.me/e/20/rvf5)
2026-04-27 14:17:49 | INFO     | app.services.patrol_service | === VIP车位巡检结束 ===
2026-04-27 14:18:19 | INFO     | app.services.patrol_service | === 开始VIP车位巡检 ===
2026-04-27 14:18:19 | ERROR    | app.services.external_db_service | 查询SQL Server失败, 车位=0677, 错误=(pyodbc.InterfaceError) ('IM002', '[IM002] [Microsoft][ODBC 驱动程序管理器] 未发现数据源名称并且未指定默认驱动程序 (0) (SQLDriverConnect)')
(Background on this error at: https://sqlalche.me/e/20/rvf5)
2026-04-27 14:18:19 | INFO     | app.services.patrol_service | === VIP车位巡检结束 ===
2026-04-27 14:18:49 | INFO     | app.services.patrol_service | === 开始VIP车位巡检 ===
2026-04-27 14:18:49 | ERROR    | app.services.external_db_service | 查询SQL Server失败, 车位=0677, 错误=(pyodbc.InterfaceError) ('IM002', '[IM002] [Microsoft][ODBC 驱动程序管理器] 未发现数据源名称并且未指定默认驱动程序 (0) (SQLDriverConnect)')
(Background on this error at: https://sqlalche.me/e/20/rvf5)
2026-04-27 14:18:49 | INFO     | app.services.patrol_service | === VIP车位巡检结束 ===
2026-04-27 14:19:19 | INFO     | app.services.patrol_service | === 开始VIP车位巡检 ===
2026-04-27 14:19:19 | ERROR    | app.services.external_db_service | 查询SQL Server失败, 车位=0677, 错误=(pyodbc.InterfaceError) ('IM002', '[IM002] [Microsoft][ODBC 驱动程序管理器] 未发现数据源名称并且未指定默认驱动程序 (0) (SQLDriverConnect)')
(Background on this error at: https://sqlalche.me/e/20/rvf5)
2026-04-27 14:19:19 | INFO     | app.services.patrol_service | === VIP车位巡检结束 ===
2026-04-27 14:19:49 | INFO     | app.services.patrol_service | === 开始VIP车位巡检 ===
2026-04-27 14:19:49 | ERROR    | app.services.external_db_service | 查询SQL Server失败, 车位=0677, 错误=(pyodbc.InterfaceError) ('IM002', '[IM002] [Microsoft][ODBC 驱动程序管理器] 未发现数据源名称并且未指定默认驱动程序 (0) (SQLDriverConnect)')
(Background on this error at: https://sqlalche.me/e/20/rvf5)
2026-04-27 14:19:49 | INFO     | app.services.patrol_service | === VIP车位巡检结束 ===
2026-04-27 14:20:19 | INFO     | app.services.patrol_service | === 开始VIP车位巡检 ===
2026-04-27 14:20:19 | ERROR    | app.services.external_db_service | 查询SQL Server失败, 车位=0677, 错误=(pyodbc.InterfaceError) ('IM002', '[IM002] [Microsoft][ODBC 驱动程序管理器] 未发现数据源名称并且未指定默认驱动程序 (0) (SQLDriverConnect)')
(Background on this error at: https://sqlalche.me/e/20/rvf5)
2026-04-27 14:20:19 | INFO     | app.services.patrol_service | === VIP车位巡检结束 ===
2026-04-27 14:20:49 | INFO     | app.services.patrol_service | === 开始VIP车位巡检 ===
2026-04-27 14:20:49 | ERROR    | app.services.external_db_service | 查询SQL Server失败, 车位=0677, 错误=(pyodbc.InterfaceError) ('IM002', '[IM002] [Microsoft][ODBC 驱动程序管理器] 未发现数据源名称并且未指定默认驱动程序 (0) (SQLDriverConnect)')
(Background on this error at: https://sqlalche.me/e/20/rvf5)
2026-04-27 14:20:49 | INFO     | app.services.patrol_service | === VIP车位巡检结束 ===
2026-04-27 14:21:19 | INFO     | app.services.patrol_service | === 开始VIP车位巡检 ===
2026-04-27 14:21:19 | ERROR    | app.services.external_db_service | 查询SQL Server失败, 车位=0677, 错误=(pyodbc.InterfaceError) ('IM002', '[IM002] [Microsoft][ODBC 驱动程序管理器] 未发现数据源名称并且未指定默认驱动程序 (0) (SQLDriverConnect)')
(Background on this error at: https://sqlalche.me/e/20/rvf5)
2026-04-27 14:21:19 | INFO     | app.services.patrol_service | === VIP车位巡检结束 ===
2026-04-27 14:21:49 | INFO     | app.services.patrol_service | === 开始VIP车位巡检 ===
2026-04-27 14:21:49 | ERROR    | app.services.external_db_service | 查询SQL Server失败, 车位=0677, 错误=(pyodbc.InterfaceError) ('IM002', '[IM002] [Microsoft][ODBC 驱动程序管理器] 未发现数据源名称并且未指定默认驱动程序 (0) (SQLDriverConnect)')
(Background on this error at: https://sqlalche.me/e/20/rvf5)
2026-04-27 14:21:49 | INFO     | app.services.patrol_service | === VIP车位巡检结束 ===
2026-04-27 14:22:19 | INFO     | app.services.patrol_service | === 开始VIP车位巡检 ===
2026-04-27 14:22:19 | ERROR    | app.services.external_db_service | 查询SQL Server失败, 车位=0677, 错误=(pyodbc.InterfaceError) ('IM002', '[IM002] [Microsoft][ODBC 驱动程序管理器] 未发现数据源名称并且未指定默认驱动程序 (0) (SQLDriverConnect)')
(Background on this error at: https://sqlalche.me/e/20/rvf5)
2026-04-27 14:22:19 | INFO     | app.services.patrol_service | === VIP车位巡检结束 ===
2026-04-27 14:22:49 | INFO     | app.services.patrol_service | === 开始VIP车位巡检 ===
2026-04-27 14:22:49 | ERROR    | app.services.external_db_service | 查询SQL Server失败, 车位=0677, 错误=(pyodbc.InterfaceError) ('IM002', '[IM002] [Microsoft][ODBC 驱动程序管理器] 未发现数据源名称并且未指定默认驱动程序 (0) (SQLDriverConnect)')
(Background on this error at: https://sqlalche.me/e/20/rvf5)
2026-04-27 14:22:49 | INFO     | app.services.patrol_service | === VIP车位巡检结束 ===
2026-04-27 14:23:19 | INFO     | app.services.patrol_service | === 开始VIP车位巡检 ===
2026-04-27 14:23:19 | ERROR    | app.services.external_db_service | 查询SQL Server失败, 车位=0677, 错误=(pyodbc.InterfaceError) ('IM002', '[IM002] [Microsoft][ODBC 驱动程序管理器] 未发现数据源名称并且未指定默认驱动程序 (0) (SQLDriverConnect)')
(Background on this error at: https://sqlalche.me/e/20/rvf5)
2026-04-27 14:23:19 | INFO     | app.services.patrol_service | === VIP车位巡检结束 ===
2026-04-27 14:23:49 | INFO     | app.services.patrol_service | === 开始VIP车位巡检 ===
2026-04-27 14:23:49 | ERROR    | app.services.external_db_service | 查询SQL Server失败, 车位=0677, 错误=(pyodbc.InterfaceError) ('IM002', '[IM002] [Microsoft][ODBC 驱动程序管理器] 未发现数据源名称并且未指定默认驱动程序 (0) (SQLDriverConnect)')
(Background on this error at: https://sqlalche.me/e/20/rvf5)
2026-04-27 14:23:49 | INFO     | app.services.patrol_service | === VIP车位巡检结束 ===
2026-04-27 14:24:19 | INFO     | app.services.patrol_service | === 开始VIP车位巡检 ===
2026-04-27 14:24:19 | ERROR    | app.services.external_db_service | 查询SQL Server失败, 车位=0677, 错误=(pyodbc.InterfaceError) ('IM002', '[IM002] [Microsoft][ODBC 驱动程序管理器] 未发现数据源名称并且未指定默认驱动程序 (0) (SQLDriverConnect)')
(Background on this error at: https://sqlalche.me/e/20/rvf5)
2026-04-27 14:24:19 | INFO     | app.services.patrol_service | === VIP车位巡检结束 ===
2026-04-27 14:24:49 | INFO     | app.services.patrol_service | === 开始VIP车位巡检 ===
2026-04-27 14:24:49 | ERROR    | app.services.external_db_service | 查询SQL Server失败, 车位=0677, 错误=(pyodbc.InterfaceError) ('IM002', '[IM002] [Microsoft][ODBC 驱动程序管理器] 未发现数据源名称并且未指定默认驱动程序 (0) (SQLDriverConnect)')
(Background on this error at: https://sqlalche.me/e/20/rvf5)
2026-04-27 14:24:49 | INFO     | app.services.patrol_service | === VIP车位巡检结束 ===
2026-04-27 14:25:19 | INFO     | app.services.patrol_service | === 开始VIP车位巡检 ===
2026-04-27 14:25:19 | ERROR    | app.services.external_db_service | 查询SQL Server失败, 车位=0677, 错误=(pyodbc.InterfaceError) ('IM002', '[IM002] [Microsoft][ODBC 驱动程序管理器] 未发现数据源名称并且未指定默认驱动程序 (0) (SQLDriverConnect)')
(Background on this error at: https://sqlalche.me/e/20/rvf5)
2026-04-27 14:25:19 | INFO     | app.services.patrol_service | === VIP车位巡检结束 ===
2026-04-27 14:25:49 | INFO     | app.services.patrol_service | === 开始VIP车位巡检 ===
2026-04-27 14:25:49 | ERROR    | app.services.external_db_service | 查询SQL Server失败, 车位=0677, 错误=(pyodbc.InterfaceError) ('IM002', '[IM002] [Microsoft][ODBC 驱动程序管理器] 未发现数据源名称并且未指定默认驱动程序 (0) (SQLDriverConnect)')
(Background on this error at: https://sqlalche.me/e/20/rvf5)
2026-04-27 14:25:49 | INFO     | app.services.patrol_service | === VIP车位巡检结束 ===
2026-04-27 14:26:19 | INFO     | app.services.patrol_service | === 开始VIP车位巡检 ===
2026-04-27 14:26:19 | ERROR    | app.services.external_db_service | 查询SQL Server失败, 车位=0677, 错误=(pyodbc.InterfaceError) ('IM002', '[IM002] [Microsoft][ODBC 驱动程序管理器] 未发现数据源名称并且未指定默认驱动程序 (0) (SQLDriverConnect)')
(Background on this error at: https://sqlalche.me/e/20/rvf5)
2026-04-27 14:26:19 | INFO     | app.services.patrol_service | === VIP车位巡检结束 ===
2026-04-27 14:26:49 | INFO     | app.services.patrol_service | === 开始VIP车位巡检 ===
2026-04-27 14:26:49 | ERROR    | app.services.external_db_service | 查询SQL Server失败, 车位=0677, 错误=(pyodbc.InterfaceError) ('IM002', '[IM002] [Microsoft][ODBC 驱动程序管理器] 未发现数据源名称并且未指定默认驱动程序 (0) (SQLDriverConnect)')
(Background on this error at: https://sqlalche.me/e/20/rvf5)
2026-04-27 14:26:49 | INFO     | app.services.patrol_service | === VIP车位巡检结束 ===
2026-04-27 14:27:19 | INFO     | app.services.patrol_service | === 开始VIP车位巡检 ===
2026-04-27 14:27:19 | ERROR    | app.services.external_db_service | 查询SQL Server失败, 车位=0677, 错误=(pyodbc.InterfaceError) ('IM002', '[IM002] [Microsoft][ODBC 驱动程序管理器] 未发现数据源名称并且未指定默认驱动程序 (0) (SQLDriverConnect)')
(Background on this error at: https://sqlalche.me/e/20/rvf5)
2026-04-27 14:27:19 | INFO     | app.services.patrol_service | === VIP车位巡检结束 ===
2026-04-27 14:27:49 | INFO     | app.services.patrol_service | === 开始VIP车位巡检 ===
2026-04-27 14:27:49 | ERROR    | app.services.external_db_service | 查询SQL Server失败, 车位=0677, 错误=(pyodbc.InterfaceError) ('IM002', '[IM002] [Microsoft][ODBC 驱动程序管理器] 未发现数据源名称并且未指定默认驱动程序 (0) (SQLDriverConnect)')
(Background on this error at: https://sqlalche.me/e/20/rvf5)
2026-04-27 14:27:49 | INFO     | app.services.patrol_service | === VIP车位巡检结束 ===
2026-04-27 14:28:19 | INFO     | app.services.patrol_service | === 开始VIP车位巡检 ===
2026-04-27 14:28:19 | ERROR    | app.services.external_db_service | 查询SQL Server失败, 车位=0677, 错误=(pyodbc.InterfaceError) ('IM002', '[IM002] [Microsoft][ODBC 驱动程序管理器] 未发现数据源名称并且未指定默认驱动程序 (0) (SQLDriverConnect)')
(Background on this error at: https://sqlalche.me/e/20/rvf5)
2026-04-27 14:28:19 | INFO     | app.services.patrol_service | === VIP车位巡检结束 ===
2026-04-27 14:28:49 | INFO     | app.services.patrol_service | === 开始VIP车位巡检 ===
2026-04-27 14:28:49 | ERROR    | app.services.external_db_service | 查询SQL Server失败, 车位=0677, 错误=(pyodbc.InterfaceError) ('IM002', '[IM002] [Microsoft][ODBC 驱动程序管理器] 未发现数据源名称并且未指定默认驱动程序 (0) (SQLDriverConnect)')
(Background on this error at: https://sqlalche.me/e/20/rvf5)
2026-04-27 14:28:49 | INFO     | app.services.patrol_service | === VIP车位巡检结束 ===
2026-04-27 14:29:19 | INFO     | app.services.patrol_service | === 开始VIP车位巡检 ===
2026-04-27 14:29:19 | ERROR    | app.services.external_db_service | 查询SQL Server失败, 车位=0677, 错误=(pyodbc.InterfaceError) ('IM002', '[IM002] [Microsoft][ODBC 驱动程序管理器] 未发现数据源名称并且未指定默认驱动程序 (0) (SQLDriverConnect)')
(Background on this error at: https://sqlalche.me/e/20/rvf5)
2026-04-27 14:29:19 | INFO     | app.services.patrol_service | === VIP车位巡检结束 ===
2026-04-27 14:29:49 | INFO     | app.services.patrol_service | === 开始VIP车位巡检 ===
2026-04-27 14:29:49 | ERROR    | app.services.external_db_service | 查询SQL Server失败, 车位=0677, 错误=(pyodbc.InterfaceError) ('IM002', '[IM002] [Microsoft][ODBC 驱动程序管理器] 未发现数据源名称并且未指定默认驱动程序 (0) (SQLDriverConnect)')
(Background on this error at: https://sqlalche.me/e/20/rvf5)
2026-04-27 14:29:49 | INFO     | app.services.patrol_service | === VIP车位巡检结束 ===
2026-04-27 14:30:19 | INFO     | app.services.patrol_service | === 开始VIP车位巡检 ===
2026-04-27 14:30:19 | ERROR    | app.services.external_db_service | 查询SQL Server失败, 车位=0677, 错误=(pyodbc.InterfaceError) ('IM002', '[IM002] [Microsoft][ODBC 驱动程序管理器] 未发现数据源名称并且未指定默认驱动程序 (0) (SQLDriverConnect)')
(Background on this error at: https://sqlalche.me/e/20/rvf5)
2026-04-27 14:30:19 | INFO     | app.services.patrol_service | === VIP车位巡检结束 ===
2026-04-27 14:30:49 | INFO     | app.services.patrol_service | === 开始VIP车位巡检 ===
2026-04-27 14:30:49 | ERROR    | app.services.external_db_service | 查询SQL Server失败, 车位=0677, 错误=(pyodbc.InterfaceError) ('IM002', '[IM002] [Microsoft][ODBC 驱动程序管理器] 未发现数据源名称并且未指定默认驱动程序 (0) (SQLDriverConnect)')
(Background on this error at: https://sqlalche.me/e/20/rvf5)
2026-04-27 14:30:49 | INFO     | app.services.patrol_service | === VIP车位巡检结束 ===
2026-04-27 14:31:19 | INFO     | app.services.patrol_service | === 开始VIP车位巡检 ===
2026-04-27 14:31:19 | ERROR    | app.services.external_db_service | 查询SQL Server失败, 车位=0677, 错误=(pyodbc.InterfaceError) ('IM002', '[IM002] [Microsoft][ODBC 驱动程序管理器] 未发现数据源名称并且未指定默认驱动程序 (0) (SQLDriverConnect)')
(Background on this error at: https://sqlalche.me/e/20/rvf5)
2026-04-27 14:31:19 | INFO     | app.services.patrol_service | === VIP车位巡检结束 ===
2026-04-27 14:31:49 | INFO     | app.services.patrol_service | === 开始VIP车位巡检 ===
2026-04-27 14:31:49 | ERROR    | app.services.external_db_service | 查询SQL Server失败, 车位=0677, 错误=(pyodbc.InterfaceError) ('IM002', '[IM002] [Microsoft][ODBC 驱动程序管理器] 未发现数据源名称并且未指定默认驱动程序 (0) (SQLDriverConnect)')
(Background on this error at: https://sqlalche.me/e/20/rvf5)
2026-04-27 14:31:49 | INFO     | app.services.patrol_service | === VIP车位巡检结束 ===
2026-04-27 14:32:19 | INFO     | app.services.patrol_service | === 开始VIP车位巡检 ===
2026-04-27 14:32:19 | ERROR    | app.services.external_db_service | 查询SQL Server失败, 车位=0677, 错误=(pyodbc.InterfaceError) ('IM002', '[IM002] [Microsoft][ODBC 驱动程序管理器] 未发现数据源名称并且未指定默认驱动程序 (0) (SQLDriverConnect)')
(Background on this error at: https://sqlalche.me/e/20/rvf5)
2026-04-27 14:32:19 | INFO     | app.services.patrol_service | === VIP车位巡检结束 ===
2026-04-27 14:32:49 | INFO     | app.services.patrol_service | === 开始VIP车位巡检 ===
2026-04-27 14:32:49 | ERROR    | app.services.external_db_service | 查询SQL Server失败, 车位=0677, 错误=(pyodbc.InterfaceError) ('IM002', '[IM002] [Microsoft][ODBC 驱动程序管理器] 未发现数据源名称并且未指定默认驱动程序 (0) (SQLDriverConnect)')
(Background on this error at: https://sqlalche.me/e/20/rvf5)
2026-04-27 14:32:49 | INFO     | app.services.patrol_service | === VIP车位巡检结束 ===
2026-04-27 14:33:19 | INFO     | app.services.patrol_service | === 开始VIP车位巡检 ===
2026-04-27 14:33:19 | ERROR    | app.services.external_db_service | 查询SQL Server失败, 车位=0677, 错误=(pyodbc.InterfaceError) ('IM002', '[IM002] [Microsoft][ODBC 驱动程序管理器] 未发现数据源名称并且未指定默认驱动程序 (0) (SQLDriverConnect)')
(Background on this error at: https://sqlalche.me/e/20/rvf5)
2026-04-27 14:33:19 | INFO     | app.services.patrol_service | === VIP车位巡检结束 ===
2026-04-27 14:33:49 | INFO     | app.services.patrol_service | === 开始VIP车位巡检 ===
2026-04-27 14:33:49 | ERROR    | app.services.external_db_service | 查询SQL Server失败, 车位=0677, 错误=(pyodbc.InterfaceError) ('IM002', '[IM002] [Microsoft][ODBC 驱动程序管理器] 未发现数据源名称并且未指定默认驱动程序 (0) (SQLDriverConnect)')
(Background on this error at: https://sqlalche.me/e/20/rvf5)
2026-04-27 14:33:49 | INFO     | app.services.patrol_service | === VIP车位巡检结束 ===
2026-04-27 14:34:19 | INFO     | app.services.patrol_service | === 开始VIP车位巡检 ===
2026-04-27 14:34:19 | ERROR    | app.services.external_db_service | 查询SQL Server失败, 车位=0677, 错误=(pyodbc.InterfaceError) ('IM002', '[IM002] [Microsoft][ODBC 驱动程序管理器] 未发现数据源名称并且未指定默认驱动程序 (0) (SQLDriverConnect)')
(Background on this error at: https://sqlalche.me/e/20/rvf5)
2026-04-27 14:34:19 | INFO     | app.services.patrol_service | === VIP车位巡检结束 ===
2026-04-27 14:34:49 | INFO     | app.services.patrol_service | === 开始VIP车位巡检 ===
2026-04-27 14:34:49 | ERROR    | app.services.external_db_service | 查询SQL Server失败, 车位=0677, 错误=(pyodbc.InterfaceError) ('IM002', '[IM002] [Microsoft][ODBC 驱动程序管理器] 未发现数据源名称并且未指定默认驱动程序 (0) (SQLDriverConnect)')
(Background on this error at: https://sqlalche.me/e/20/rvf5)
2026-04-27 14:34:49 | INFO     | app.services.patrol_service | === VIP车位巡检结束 ===
2026-04-27 14:35:19 | INFO     | app.services.patrol_service | === 开始VIP车位巡检 ===
2026-04-27 14:35:19 | ERROR    | app.services.external_db_service | 查询SQL Server失败, 车位=0677, 错误=(pyodbc.InterfaceError) ('IM002', '[IM002] [Microsoft][ODBC 驱动程序管理器] 未发现数据源名称并且未指定默认驱动程序 (0) (SQLDriverConnect)')
(Background on this error at: https://sqlalche.me/e/20/rvf5)
2026-04-27 14:35:19 | INFO     | app.services.patrol_service | === VIP车位巡检结束 ===
2026-04-27 14:35:49 | INFO     | app.services.patrol_service | === 开始VIP车位巡检 ===
2026-04-27 14:35:49 | ERROR    | app.services.external_db_service | 查询SQL Server失败, 车位=0677, 错误=(pyodbc.InterfaceError) ('IM002', '[IM002] [Microsoft][ODBC 驱动程序管理器] 未发现数据源名称并且未指定默认驱动程序 (0) (SQLDriverConnect)')
(Background on this error at: https://sqlalche.me/e/20/rvf5)
2026-04-27 14:35:49 | INFO     | app.services.patrol_service | === VIP车位巡检结束 ===
2026-04-27 14:36:19 | INFO     | app.services.patrol_service | === 开始VIP车位巡检 ===
2026-04-27 14:36:19 | ERROR    | app.services.external_db_service | 查询SQL Server失败, 车位=0677, 错误=(pyodbc.InterfaceError) ('IM002', '[IM002] [Microsoft][ODBC 驱动程序管理器] 未发现数据源名称并且未指定默认驱动程序 (0) (SQLDriverConnect)')
(Background on this error at: https://sqlalche.me/e/20/rvf5)
2026-04-27 14:36:19 | INFO     | app.services.patrol_service | === VIP车位巡检结束 ===
2026-04-27 14:36:49 | INFO     | app.services.patrol_service | === 开始VIP车位巡检 ===
2026-04-27 14:36:49 | ERROR    | app.services.external_db_service | 查询SQL Server失败, 车位=0677, 错误=(pyodbc.InterfaceError) ('IM002', '[IM002] [Microsoft][ODBC 驱动程序管理器] 未发现数据源名称并且未指定默认驱动程序 (0) (SQLDriverConnect)')
(Background on this error at: https://sqlalche.me/e/20/rvf5)
2026-04-27 14:36:49 | INFO     | app.services.patrol_service | === VIP车位巡检结束 ===
2026-04-27 14:37:19 | INFO     | app.services.patrol_service | === 开始VIP车位巡检 ===
2026-04-27 14:37:19 | ERROR    | app.services.external_db_service | 查询SQL Server失败, 车位=0677, 错误=(pyodbc.InterfaceError) ('IM002', '[IM002] [Microsoft][ODBC 驱动程序管理器] 未发现数据源名称并且未指定默认驱动程序 (0) (SQLDriverConnect)')
(Background on this error at: https://sqlalche.me/e/20/rvf5)
2026-04-27 14:37:19 | INFO     | app.services.patrol_service | === VIP车位巡检结束 ===
2026-04-27 14:37:49 | INFO     | app.services.patrol_service | === 开始VIP车位巡检 ===
2026-04-27 14:37:49 | ERROR    | app.services.external_db_service | 查询SQL Server失败, 车位=0677, 错误=(pyodbc.InterfaceError) ('IM002', '[IM002] [Microsoft][ODBC 驱动程序管理器] 未发现数据源名称并且未指定默认驱动程序 (0) (SQLDriverConnect)')
(Background on this error at: https://sqlalche.me/e/20/rvf5)
2026-04-27 14:37:49 | INFO     | app.services.patrol_service | === VIP车位巡检结束 ===
2026-04-27 14:38:19 | INFO     | app.services.patrol_service | === 开始VIP车位巡检 ===
2026-04-27 14:38:19 | ERROR    | app.services.external_db_service | 查询SQL Server失败, 车位=0677, 错误=(pyodbc.InterfaceError) ('IM002', '[IM002] [Microsoft][ODBC 驱动程序管理器] 未发现数据源名称并且未指定默认驱动程序 (0) (SQLDriverConnect)')
(Background on this error at: https://sqlalche.me/e/20/rvf5)
2026-04-27 14:38:19 | INFO     | app.services.patrol_service | === VIP车位巡检结束 ===
2026-04-27 14:38:49 | INFO     | app.services.patrol_service | === 开始VIP车位巡检 ===
2026-04-27 14:38:49 | ERROR    | app.services.external_db_service | 查询SQL Server失败, 车位=0677, 错误=(pyodbc.InterfaceError) ('IM002', '[IM002] [Microsoft][ODBC 驱动程序管理器] 未发现数据源名称并且未指定默认驱动程序 (0) (SQLDriverConnect)')
(Background on this error at: https://sqlalche.me/e/20/rvf5)
2026-04-27 14:38:49 | INFO     | app.services.patrol_service | === VIP车位巡检结束 ===
2026-04-27 14:39:19 | INFO     | app.services.patrol_service | === 开始VIP车位巡检 ===
2026-04-27 14:39:19 | ERROR    | app.services.external_db_service | 查询SQL Server失败, 车位=0677, 错误=(pyodbc.InterfaceError) ('IM002', '[IM002] [Microsoft][ODBC 驱动程序管理器] 未发现数据源名称并且未指定默认驱动程序 (0) (SQLDriverConnect)')
(Background on this error at: https://sqlalche.me/e/20/rvf5)
2026-04-27 14:39:19 | INFO     | app.services.patrol_service | === VIP车位巡检结束 ===
2026-04-27 14:39:49 | INFO     | app.services.patrol_service | === 开始VIP车位巡检 ===
2026-04-27 14:39:49 | ERROR    | app.services.external_db_service | 查询SQL Server失败, 车位=0677, 错误=(pyodbc.InterfaceError) ('IM002', '[IM002] [Microsoft][ODBC 驱动程序管理器] 未发现数据源名称并且未指定默认驱动程序 (0) (SQLDriverConnect)')
(Background on this error at: https://sqlalche.me/e/20/rvf5)
2026-04-27 14:39:49 | INFO     | app.services.patrol_service | === VIP车位巡检结束 ===
2026-04-27 14:40:19 | INFO     | app.services.patrol_service | === 开始VIP车位巡检 ===
2026-04-27 14:40:19 | ERROR    | app.services.external_db_service | 查询SQL Server失败, 车位=0677, 错误=(pyodbc.InterfaceError) ('IM002', '[IM002] [Microsoft][ODBC 驱动程序管理器] 未发现数据源名称并且未指定默认驱动程序 (0) (SQLDriverConnect)')
(Background on this error at: https://sqlalche.me/e/20/rvf5)
2026-04-27 14:40:19 | INFO     | app.services.patrol_service | === VIP车位巡检结束 ===
2026-04-27 14:40:49 | INFO     | app.services.patrol_service | === 开始VIP车位巡检 ===
2026-04-27 14:40:49 | ERROR    | app.services.external_db_service | 查询SQL Server失败, 车位=0677, 错误=(pyodbc.InterfaceError) ('IM002', '[IM002] [Microsoft][ODBC 驱动程序管理器] 未发现数据源名称并且未指定默认驱动程序 (0) (SQLDriverConnect)')
(Background on this error at: https://sqlalche.me/e/20/rvf5)
2026-04-27 14:40:49 | INFO     | app.services.patrol_service | === VIP车位巡检结束 ===
2026-04-27 14:41:19 | INFO     | app.services.patrol_service | === 开始VIP车位巡检 ===
2026-04-27 14:41:19 | ERROR    | app.services.external_db_service | 查询SQL Server失败, 车位=0677, 错误=(pyodbc.InterfaceError) ('IM002', '[IM002] [Microsoft][ODBC 驱动程序管理器] 未发现数据源名称并且未指定默认驱动程序 (0) (SQLDriverConnect)')
(Background on this error at: https://sqlalche.me/e/20/rvf5)
2026-04-27 14:41:19 | INFO     | app.services.patrol_service | === VIP车位巡检结束 ===
2026-04-27 14:41:49 | INFO     | app.services.patrol_service | === 开始VIP车位巡检 ===
2026-04-27 14:41:49 | ERROR    | app.services.external_db_service | 查询SQL Server失败, 车位=0677, 错误=(pyodbc.InterfaceError) ('IM002', '[IM002] [Microsoft][ODBC 驱动程序管理器] 未发现数据源名称并且未指定默认驱动程序 (0) (SQLDriverConnect)')
(Background on this error at: https://sqlalche.me/e/20/rvf5)
2026-04-27 14:41:49 | INFO     | app.services.patrol_service | === VIP车位巡检结束 ===
2026-04-27 14:42:19 | INFO     | app.services.patrol_service | === 开始VIP车位巡检 ===
2026-04-27 14:42:19 | ERROR    | app.services.external_db_service | 查询SQL Server失败, 车位=0677, 错误=(pyodbc.InterfaceError) ('IM002', '[IM002] [Microsoft][ODBC 驱动程序管理器] 未发现数据源名称并且未指定默认驱动程序 (0) (SQLDriverConnect)')
(Background on this error at: https://sqlalche.me/e/20/rvf5)
2026-04-27 14:42:19 | INFO     | app.services.patrol_service | === VIP车位巡检结束 ===
2026-04-27 14:42:49 | INFO     | app.services.patrol_service | === 开始VIP车位巡检 ===
2026-04-27 14:42:49 | ERROR    | app.services.external_db_service | 查询SQL Server失败, 车位=0677, 错误=(pyodbc.InterfaceError) ('IM002', '[IM002] [Microsoft][ODBC 驱动程序管理器] 未发现数据源名称并且未指定默认驱动程序 (0) (SQLDriverConnect)')
(Background on this error at: https://sqlalche.me/e/20/rvf5)
2026-04-27 14:42:49 | INFO     | app.services.patrol_service | === VIP车位巡检结束 ===
2026-04-27 14:43:19 | INFO     | app.services.patrol_service | === 开始VIP车位巡检 ===
2026-04-27 14:43:19 | ERROR    | app.services.external_db_service | 查询SQL Server失败, 车位=0677, 错误=(pyodbc.InterfaceError) ('IM002', '[IM002] [Microsoft][ODBC 驱动程序管理器] 未发现数据源名称并且未指定默认驱动程序 (0) (SQLDriverConnect)')
(Background on this error at: https://sqlalche.me/e/20/rvf5)
2026-04-27 14:43:19 | INFO     | app.services.patrol_service | === VIP车位巡检结束 ===
2026-04-27 14:43:49 | INFO     | app.services.patrol_service | === 开始VIP车位巡检 ===
2026-04-27 14:43:49 | ERROR    | app.services.external_db_service | 查询SQL Server失败, 车位=0677, 错误=(pyodbc.InterfaceError) ('IM002', '[IM002] [Microsoft][ODBC 驱动程序管理器] 未发现数据源名称并且未指定默认驱动程序 (0) (SQLDriverConnect)')
(Background on this error at: https://sqlalche.me/e/20/rvf5)
2026-04-27 14:43:49 | INFO     | app.services.patrol_service | === VIP车位巡检结束 ===
2026-04-27 14:44:19 | INFO     | app.services.patrol_service | === 开始VIP车位巡检 ===
2026-04-27 14:44:19 | ERROR    | app.services.external_db_service | 查询SQL Server失败, 车位=0677, 错误=(pyodbc.InterfaceError) ('IM002', '[IM002] [Microsoft][ODBC 驱动程序管理器] 未发现数据源名称并且未指定默认驱动程序 (0) (SQLDriverConnect)')
(Background on this error at: https://sqlalche.me/e/20/rvf5)
2026-04-27 14:44:19 | INFO     | app.services.patrol_service | === VIP车位巡检结束 ===
2026-04-27 14:44:49 | INFO     | app.services.patrol_service | === 开始VIP车位巡检 ===
2026-04-27 14:44:49 | ERROR    | app.services.external_db_service | 查询SQL Server失败, 车位=0677, 错误=(pyodbc.InterfaceError) ('IM002', '[IM002] [Microsoft][ODBC 驱动程序管理器] 未发现数据源名称并且未指定默认驱动程序 (0) (SQLDriverConnect)')
(Background on this error at: https://sqlalche.me/e/20/rvf5)
2026-04-27 14:44:49 | INFO     | app.services.patrol_service | === VIP车位巡检结束 ===
2026-04-27 14:45:19 | INFO     | app.services.patrol_service | === 开始VIP车位巡检 ===
2026-04-27 14:45:19 | ERROR    | app.services.external_db_service | 查询SQL Server失败, 车位=0677, 错误=(pyodbc.InterfaceError) ('IM002', '[IM002] [Microsoft][ODBC 驱动程序管理器] 未发现数据源名称并且未指定默认驱动程序 (0) (SQLDriverConnect)')
(Background on this error at: https://sqlalche.me/e/20/rvf5)
2026-04-27 14:45:19 | INFO     | app.services.patrol_service | === VIP车位巡检结束 ===
2026-04-27 14:45:49 | INFO     | app.services.patrol_service | === 开始VIP车位巡检 ===
2026-04-27 14:45:49 | ERROR    | app.services.external_db_service | 查询SQL Server失败, 车位=0677, 错误=(pyodbc.InterfaceError) ('IM002', '[IM002] [Microsoft][ODBC 驱动程序管理器] 未发现数据源名称并且未指定默认驱动程序 (0) (SQLDriverConnect)')
(Background on this error at: https://sqlalche.me/e/20/rvf5)
2026-04-27 14:45:49 | INFO     | app.services.patrol_service | === VIP车位巡检结束 ===
2026-04-27 14:46:19 | INFO     | app.services.patrol_service | === 开始VIP车位巡检 ===
2026-04-27 14:46:19 | ERROR    | app.services.external_db_service | 查询SQL Server失败, 车位=0677, 错误=(pyodbc.InterfaceError) ('IM002', '[IM002] [Microsoft][ODBC 驱动程序管理器] 未发现数据源名称并且未指定默认驱动程序 (0) (SQLDriverConnect)')
(Background on this error at: https://sqlalche.me/e/20/rvf5)
2026-04-27 14:46:19 | INFO     | app.services.patrol_service | === VIP车位巡检结束 ===
2026-04-27 14:46:49 | INFO     | app.services.patrol_service | === 开始VIP车位巡检 ===
2026-04-27 14:46:49 | ERROR    | app.services.external_db_service | 查询SQL Server失败, 车位=0677, 错误=(pyodbc.InterfaceError) ('IM002', '[IM002] [Microsoft][ODBC 驱动程序管理器] 未发现数据源名称并且未指定默认驱动程序 (0) (SQLDriverConnect)')
(Background on this error at: https://sqlalche.me/e/20/rvf5)
2026-04-27 14:46:49 | INFO     | app.services.patrol_service | === VIP车位巡检结束 ===
2026-04-27 14:47:19 | INFO     | app.services.patrol_service | === 开始VIP车位巡检 ===
2026-04-27 14:47:19 | ERROR    | app.services.external_db_service | 查询SQL Server失败, 车位=0677, 错误=(pyodbc.InterfaceError) ('IM002', '[IM002] [Microsoft][ODBC 驱动程序管理器] 未发现数据源名称并且未指定默认驱动程序 (0) (SQLDriverConnect)')
(Background on this error at: https://sqlalche.me/e/20/rvf5)
2026-04-27 14:47:19 | INFO     | app.services.patrol_service | === VIP车位巡检结束 ===
2026-04-27 14:47:49 | INFO     | app.services.patrol_service | === 开始VIP车位巡检 ===
2026-04-27 14:47:49 | ERROR    | app.services.external_db_service | 查询SQL Server失败, 车位=0677, 错误=(pyodbc.InterfaceError) ('IM002', '[IM002] [Microsoft][ODBC 驱动程序管理器] 未发现数据源名称并且未指定默认驱动程序 (0) (SQLDriverConnect)')
(Background on this error at: https://sqlalche.me/e/20/rvf5)
2026-04-27 14:47:49 | INFO     | app.services.patrol_service | === VIP车位巡检结束 ===
2026-04-27 14:48:19 | INFO     | app.services.patrol_service | === 开始VIP车位巡检 ===
2026-04-27 14:48:19 | ERROR    | app.services.external_db_service | 查询SQL Server失败, 车位=0677, 错误=(pyodbc.InterfaceError) ('IM002', '[IM002] [Microsoft][ODBC 驱动程序管理器] 未发现数据源名称并且未指定默认驱动程序 (0) (SQLDriverConnect)')
(Background on this error at: https://sqlalche.me/e/20/rvf5)
2026-04-27 14:48:19 | INFO     | app.services.patrol_service | === VIP车位巡检结束 ===
2026-04-27 14:48:49 | INFO     | app.services.patrol_service | === 开始VIP车位巡检 ===
2026-04-27 14:48:49 | ERROR    | app.services.external_db_service | 查询SQL Server失败, 车位=0677, 错误=(pyodbc.InterfaceError) ('IM002', '[IM002] [Microsoft][ODBC 驱动程序管理器] 未发现数据源名称并且未指定默认驱动程序 (0) (SQLDriverConnect)')
(Background on this error at: https://sqlalche.me/e/20/rvf5)
2026-04-27 14:48:49 | INFO     | app.services.patrol_service | === VIP车位巡检结束 ===
2026-04-27 14:49:19 | INFO     | app.services.patrol_service | === 开始VIP车位巡检 ===
2026-04-27 14:49:19 | ERROR    | app.services.external_db_service | 查询SQL Server失败, 车位=0677, 错误=(pyodbc.InterfaceError) ('IM002', '[IM002] [Microsoft][ODBC 驱动程序管理器] 未发现数据源名称并且未指定默认驱动程序 (0) (SQLDriverConnect)')
(Background on this error at: https://sqlalche.me/e/20/rvf5)
2026-04-27 14:49:19 | INFO     | app.services.patrol_service | === VIP车位巡检结束 ===
2026-04-27 14:49:49 | INFO     | app.services.patrol_service | === 开始VIP车位巡检 ===
2026-04-27 14:49:49 | ERROR    | app.services.external_db_service | 查询SQL Server失败, 车位=0677, 错误=(pyodbc.InterfaceError) ('IM002', '[IM002] [Microsoft][ODBC 驱动程序管理器] 未发现数据源名称并且未指定默认驱动程序 (0) (SQLDriverConnect)')
(Background on this error at: https://sqlalche.me/e/20/rvf5)
2026-04-27 14:49:49 | INFO     | app.services.patrol_service | === VIP车位巡检结束 ===
2026-04-27 14:50:19 | INFO     | app.services.patrol_service | === 开始VIP车位巡检 ===
2026-04-27 14:50:19 | ERROR    | app.services.external_db_service | 查询SQL Server失败, 车位=0677, 错误=(pyodbc.InterfaceError) ('IM002', '[IM002] [Microsoft][ODBC 驱动程序管理器] 未发现数据源名称并且未指定默认驱动程序 (0) (SQLDriverConnect)')
(Background on this error at: https://sqlalche.me/e/20/rvf5)
2026-04-27 14:50:19 | INFO     | app.services.patrol_service | === VIP车位巡检结束 ===
2026-04-27 14:50:49 | INFO     | app.services.patrol_service | === 开始VIP车位巡检 ===
2026-04-27 14:50:49 | ERROR    | app.services.external_db_service | 查询SQL Server失败, 车位=0677, 错误=(pyodbc.InterfaceError) ('IM002', '[IM002] [Microsoft][ODBC 驱动程序管理器] 未发现数据源名称并且未指定默认驱动程序 (0) (SQLDriverConnect)')
(Background on this error at: https://sqlalche.me/e/20/rvf5)
2026-04-27 14:50:49 | INFO     | app.services.patrol_service | === VIP车位巡检结束 ===
2026-04-27 14:51:19 | INFO     | app.services.patrol_service | === 开始VIP车位巡检 ===
2026-04-27 14:51:19 | ERROR    | app.services.external_db_service | 查询SQL Server失败, 车位=0677, 错误=(pyodbc.InterfaceError) ('IM002', '[IM002] [Microsoft][ODBC 驱动程序管理器] 未发现数据源名称并且未指定默认驱动程序 (0) (SQLDriverConnect)')
(Background on this error at: https://sqlalche.me/e/20/rvf5)
2026-04-27 14:51:19 | INFO     | app.services.patrol_service | === VIP车位巡检结束 ===
2026-04-27 14:51:49 | INFO     | app.services.patrol_service | === 开始VIP车位巡检 ===
2026-04-27 14:51:49 | ERROR    | app.services.external_db_service | 查询SQL Server失败, 车位=0677, 错误=(pyodbc.InterfaceError) ('IM002', '[IM002] [Microsoft][ODBC 驱动程序管理器] 未发现数据源名称并且未指定默认驱动程序 (0) (SQLDriverConnect)')
(Background on this error at: https://sqlalche.me/e/20/rvf5)
2026-04-27 14:51:49 | INFO     | app.services.patrol_service | === VIP车位巡检结束 ===
2026-04-27 14:52:19 | INFO     | app.services.patrol_service | === 开始VIP车位巡检 ===
2026-04-27 14:52:19 | ERROR    | app.services.external_db_service | 查询SQL Server失败, 车位=0677, 错误=(pyodbc.InterfaceError) ('IM002', '[IM002] [Microsoft][ODBC 驱动程序管理器] 未发现数据源名称并且未指定默认驱动程序 (0) (SQLDriverConnect)')
(Background on this error at: https://sqlalche.me/e/20/rvf5)
2026-04-27 14:52:19 | INFO     | app.services.patrol_service | === VIP车位巡检结束 ===
2026-04-27 14:52:49 | INFO     | app.services.patrol_service | === 开始VIP车位巡检 ===
2026-04-27 14:52:49 | ERROR    | app.services.external_db_service | 查询SQL Server失败, 车位=0677, 错误=(pyodbc.InterfaceError) ('IM002', '[IM002] [Microsoft][ODBC 驱动程序管理器] 未发现数据源名称并且未指定默认驱动程序 (0) (SQLDriverConnect)')
(Background on this error at: https://sqlalche.me/e/20/rvf5)
2026-04-27 14:52:49 | INFO     | app.services.patrol_service | === VIP车位巡检结束 ===
2026-04-27 14:53:19 | INFO     | app.services.patrol_service | === 开始VIP车位巡检 ===
2026-04-27 14:53:19 | ERROR    | app.services.external_db_service | 查询SQL Server失败, 车位=0677, 错误=(pyodbc.InterfaceError) ('IM002', '[IM002] [Microsoft][ODBC 驱动程序管理器] 未发现数据源名称并且未指定默认驱动程序 (0) (SQLDriverConnect)')
(Background on this error at: https://sqlalche.me/e/20/rvf5)
2026-04-27 14:53:19 | INFO     | app.services.patrol_service | === VIP车位巡检结束 ===
2026-04-27 14:53:49 | INFO     | app.services.patrol_service | === 开始VIP车位巡检 ===
2026-04-27 14:53:49 | ERROR    | app.services.external_db_service | 查询SQL Server失败, 车位=0677, 错误=(pyodbc.InterfaceError) ('IM002', '[IM002] [Microsoft][ODBC 驱动程序管理器] 未发现数据源名称并且未指定默认驱动程序 (0) (SQLDriverConnect)')
(Background on this error at: https://sqlalche.me/e/20/rvf5)
2026-04-27 14:53:49 | INFO     | app.services.patrol_service | === VIP车位巡检结束 ===
2026-04-27 14:54:19 | INFO     | app.services.patrol_service | === 开始VIP车位巡检 ===
2026-04-27 14:54:19 | ERROR    | app.services.external_db_service | 查询SQL Server失败, 车位=0677, 错误=(pyodbc.InterfaceError) ('IM002', '[IM002] [Microsoft][ODBC 驱动程序管理器] 未发现数据源名称并且未指定默认驱动程序 (0) (SQLDriverConnect)')
(Background on this error at: https://sqlalche.me/e/20/rvf5)
2026-04-27 14:54:19 | INFO     | app.services.patrol_service | === VIP车位巡检结束 ===
2026-04-27 14:54:49 | INFO     | app.services.patrol_service | === 开始VIP车位巡检 ===
2026-04-27 14:54:49 | ERROR    | app.services.external_db_service | 查询SQL Server失败, 车位=0677, 错误=(pyodbc.InterfaceError) ('IM002', '[IM002] [Microsoft][ODBC 驱动程序管理器] 未发现数据源名称并且未指定默认驱动程序 (0) (SQLDriverConnect)')
(Background on this error at: https://sqlalche.me/e/20/rvf5)
2026-04-27 14:54:49 | INFO     | app.services.patrol_service | === VIP车位巡检结束 ===
2026-04-27 14:55:19 | INFO     | app.services.patrol_service | === 开始VIP车位巡检 ===
2026-04-27 14:55:19 | ERROR    | app.services.external_db_service | 查询SQL Server失败, 车位=0677, 错误=(pyodbc.InterfaceError) ('IM002', '[IM002] [Microsoft][ODBC 驱动程序管理器] 未发现数据源名称并且未指定默认驱动程序 (0) (SQLDriverConnect)')
(Background on this error at: https://sqlalche.me/e/20/rvf5)
2026-04-27 14:55:19 | INFO     | app.services.patrol_service | === VIP车位巡检结束 ===
2026-04-27 14:55:49 | INFO     | app.services.patrol_service | === 开始VIP车位巡检 ===
2026-04-27 14:55:49 | ERROR    | app.services.external_db_service | 查询SQL Server失败, 车位=0677, 错误=(pyodbc.InterfaceError) ('IM002', '[IM002] [Microsoft][ODBC 驱动程序管理器] 未发现数据源名称并且未指定默认驱动程序 (0) (SQLDriverConnect)')
(Background on this error at: https://sqlalche.me/e/20/rvf5)
2026-04-27 14:55:49 | INFO     | app.services.patrol_service | === VIP车位巡检结束 ===
2026-04-27 14:56:19 | INFO     | app.services.patrol_service | === 开始VIP车位巡检 ===
2026-04-27 14:56:19 | ERROR    | app.services.external_db_service | 查询SQL Server失败, 车位=0677, 错误=(pyodbc.InterfaceError) ('IM002', '[IM002] [Microsoft][ODBC 驱动程序管理器] 未发现数据源名称并且未指定默认驱动程序 (0) (SQLDriverConnect)')
(Background on this error at: https://sqlalche.me/e/20/rvf5)
2026-04-27 14:56:19 | INFO     | app.services.patrol_service | === VIP车位巡检结束 ===
2026-04-27 14:56:49 | INFO     | app.services.patrol_service | === 开始VIP车位巡检 ===
2026-04-27 14:56:49 | ERROR    | app.services.external_db_service | 查询SQL Server失败, 车位=0677, 错误=(pyodbc.InterfaceError) ('IM002', '[IM002] [Microsoft][ODBC 驱动程序管理器] 未发现数据源名称并且未指定默认驱动程序 (0) (SQLDriverConnect)')
(Background on this error at: https://sqlalche.me/e/20/rvf5)
2026-04-27 14:56:49 | INFO     | app.services.patrol_service | === VIP车位巡检结束 ===
2026-04-27 14:57:19 | INFO     | app.services.patrol_service | === 开始VIP车位巡检 ===
2026-04-27 14:57:19 | ERROR    | app.services.external_db_service | 查询SQL Server失败, 车位=0677, 错误=(pyodbc.InterfaceError) ('IM002', '[IM002] [Microsoft][ODBC 驱动程序管理器] 未发现数据源名称并且未指定默认驱动程序 (0) (SQLDriverConnect)')
(Background on this error at: https://sqlalche.me/e/20/rvf5)
2026-04-27 14:57:19 | INFO     | app.services.patrol_service | === VIP车位巡检结束 ===
2026-04-27 14:57:49 | INFO     | app.services.patrol_service | === 开始VIP车位巡检 ===
2026-04-27 14:57:49 | ERROR    | app.services.external_db_service | 查询SQL Server失败, 车位=0677, 错误=(pyodbc.InterfaceError) ('IM002', '[IM002] [Microsoft][ODBC 驱动程序管理器] 未发现数据源名称并且未指定默认驱动程序 (0) (SQLDriverConnect)')
(Background on this error at: https://sqlalche.me/e/20/rvf5)
2026-04-27 14:57:49 | INFO     | app.services.patrol_service | === VIP车位巡检结束 ===
2026-04-27 14:58:19 | INFO     | app.services.patrol_service | === 开始VIP车位巡检 ===
2026-04-27 14:58:19 | ERROR    | app.services.external_db_service | 查询SQL Server失败, 车位=0677, 错误=(pyodbc.InterfaceError) ('IM002', '[IM002] [Microsoft][ODBC 驱动程序管理器] 未发现数据源名称并且未指定默认驱动程序 (0) (SQLDriverConnect)')
(Background on this error at: https://sqlalche.me/e/20/rvf5)
2026-04-27 14:58:19 | INFO     | app.services.patrol_service | === VIP车位巡检结束 ===
2026-04-27 14:58:49 | INFO     | app.services.patrol_service | === 开始VIP车位巡检 ===
2026-04-27 14:58:49 | ERROR    | app.services.external_db_service | 查询SQL Server失败, 车位=0677, 错误=(pyodbc.InterfaceError) ('IM002', '[IM002] [Microsoft][ODBC 驱动程序管理器] 未发现数据源名称并且未指定默认驱动程序 (0) (SQLDriverConnect)')
(Background on this error at: https://sqlalche.me/e/20/rvf5)
2026-04-27 14:58:49 | INFO     | app.services.patrol_service | === VIP车位巡检结束 ===
2026-04-27 14:59:19 | INFO     | app.services.patrol_service | === 开始VIP车位巡检 ===
2026-04-27 14:59:19 | ERROR    | app.services.external_db_service | 查询SQL Server失败, 车位=0677, 错误=(pyodbc.InterfaceError) ('IM002', '[IM002] [Microsoft][ODBC 驱动程序管理器] 未发现数据源名称并且未指定默认驱动程序 (0) (SQLDriverConnect)')
(Background on this error at: https://sqlalche.me/e/20/rvf5)
2026-04-27 14:59:19 | INFO     | app.services.patrol_service | === VIP车位巡检结束 ===
2026-04-27 14:59:49 | INFO     | app.services.patrol_service | === 开始VIP车位巡检 ===
2026-04-27 14:59:49 | ERROR    | app.services.external_db_service | 查询SQL Server失败, 车位=0677, 错误=(pyodbc.InterfaceError) ('IM002', '[IM002] [Microsoft][ODBC 驱动程序管理器] 未发现数据源名称并且未指定默认驱动程序 (0) (SQLDriverConnect)')
(Background on this error at: https://sqlalche.me/e/20/rvf5)
2026-04-27 14:59:49 | INFO     | app.services.patrol_service | === VIP车位巡检结束 ===
2026-04-27 15:00:19 | INFO     | app.services.patrol_service | === 开始VIP车位巡检 ===
2026-04-27 15:00:19 | ERROR    | app.services.external_db_service | 查询SQL Server失败, 车位=0677, 错误=(pyodbc.InterfaceError) ('IM002', '[IM002] [Microsoft][ODBC 驱动程序管理器] 未发现数据源名称并且未指定默认驱动程序 (0) (SQLDriverConnect)')
(Background on this error at: https://sqlalche.me/e/20/rvf5)
2026-04-27 15:00:19 | INFO     | app.services.patrol_service | === VIP车位巡检结束 ===
2026-04-27 15:00:49 | INFO     | app.services.patrol_service | === 开始VIP车位巡检 ===
2026-04-27 15:00:49 | ERROR    | app.services.external_db_service | 查询SQL Server失败, 车位=0677, 错误=(pyodbc.InterfaceError) ('IM002', '[IM002] [Microsoft][ODBC 驱动程序管理器] 未发现数据源名称并且未指定默认驱动程序 (0) (SQLDriverConnect)')
(Background on this error at: https://sqlalche.me/e/20/rvf5)
2026-04-27 15:00:49 | INFO     | app.services.patrol_service | === VIP车位巡检结束 ===
2026-04-27 15:01:19 | INFO     | app.services.patrol_service | === 开始VIP车位巡检 ===
2026-04-27 15:01:19 | ERROR    | app.services.external_db_service | 查询SQL Server失败, 车位=0677, 错误=(pyodbc.InterfaceError) ('IM002', '[IM002] [Microsoft][ODBC 驱动程序管理器] 未发现数据源名称并且未指定默认驱动程序 (0) (SQLDriverConnect)')
(Background on this error at: https://sqlalche.me/e/20/rvf5)
2026-04-27 15:01:19 | INFO     | app.services.patrol_service | === VIP车位巡检结束 ===
2026-04-27 15:01:49 | INFO     | app.services.patrol_service | === 开始VIP车位巡检 ===
2026-04-27 15:01:49 | ERROR    | app.services.external_db_service | 查询SQL Server失败, 车位=0677, 错误=(pyodbc.InterfaceError) ('IM002', '[IM002] [Microsoft][ODBC 驱动程序管理器] 未发现数据源名称并且未指定默认驱动程序 (0) (SQLDriverConnect)')
(Background on this error at: https://sqlalche.me/e/20/rvf5)
2026-04-27 15:01:49 | INFO     | app.services.patrol_service | === VIP车位巡检结束 ===
2026-04-27 15:02:19 | INFO     | app.services.patrol_service | === 开始VIP车位巡检 ===
2026-04-27 15:02:19 | ERROR    | app.services.external_db_service | 查询SQL Server失败, 车位=0677, 错误=(pyodbc.InterfaceError) ('IM002', '[IM002] [Microsoft][ODBC 驱动程序管理器] 未发现数据源名称并且未指定默认驱动程序 (0) (SQLDriverConnect)')
(Background on this error at: https://sqlalche.me/e/20/rvf5)
2026-04-27 15:02:19 | INFO     | app.services.patrol_service | === VIP车位巡检结束 ===
2026-04-27 15:02:49 | INFO     | app.services.patrol_service | === 开始VIP车位巡检 ===
2026-04-27 15:02:49 | ERROR    | app.services.external_db_service | 查询SQL Server失败, 车位=0677, 错误=(pyodbc.InterfaceError) ('IM002', '[IM002] [Microsoft][ODBC 驱动程序管理器] 未发现数据源名称并且未指定默认驱动程序 (0) (SQLDriverConnect)')
(Background on this error at: https://sqlalche.me/e/20/rvf5)
2026-04-27 15:02:49 | INFO     | app.services.patrol_service | === VIP车位巡检结束 ===
2026-04-27 15:03:19 | INFO     | app.services.patrol_service | === 开始VIP车位巡检 ===
2026-04-27 15:03:19 | ERROR    | app.services.external_db_service | 查询SQL Server失败, 车位=0677, 错误=(pyodbc.InterfaceError) ('IM002', '[IM002] [Microsoft][ODBC 驱动程序管理器] 未发现数据源名称并且未指定默认驱动程序 (0) (SQLDriverConnect)')
(Background on this error at: https://sqlalche.me/e/20/rvf5)
2026-04-27 15:03:19 | INFO     | app.services.patrol_service | === VIP车位巡检结束 ===
2026-04-27 15:03:49 | INFO     | app.services.patrol_service | === 开始VIP车位巡检 ===
2026-04-27 15:03:49 | ERROR    | app.services.external_db_service | 查询SQL Server失败, 车位=0677, 错误=(pyodbc.InterfaceError) ('IM002', '[IM002] [Microsoft][ODBC 驱动程序管理器] 未发现数据源名称并且未指定默认驱动程序 (0) (SQLDriverConnect)')
(Background on this error at: https://sqlalche.me/e/20/rvf5)
2026-04-27 15:03:49 | INFO     | app.services.patrol_service | === VIP车位巡检结束 ===
2026-04-27 15:04:19 | INFO     | app.services.patrol_service | === 开始VIP车位巡检 ===
2026-04-27 15:04:19 | ERROR    | app.services.external_db_service | 查询SQL Server失败, 车位=0677, 错误=(pyodbc.InterfaceError) ('IM002', '[IM002] [Microsoft][ODBC 驱动程序管理器] 未发现数据源名称并且未指定默认驱动程序 (0) (SQLDriverConnect)')
(Background on this error at: https://sqlalche.me/e/20/rvf5)
2026-04-27 15:04:19 | INFO     | app.services.patrol_service | === VIP车位巡检结束 ===
2026-04-27 15:04:49 | INFO     | app.services.patrol_service | === 开始VIP车位巡检 ===
2026-04-27 15:04:49 | ERROR    | app.services.external_db_service | 查询SQL Server失败, 车位=0677, 错误=(pyodbc.InterfaceError) ('IM002', '[IM002] [Microsoft][ODBC 驱动程序管理器] 未发现数据源名称并且未指定默认驱动程序 (0) (SQLDriverConnect)')
(Background on this error at: https://sqlalche.me/e/20/rvf5)
2026-04-27 15:04:49 | INFO     | app.services.patrol_service | === VIP车位巡检结束 ===
2026-04-27 15:05:19 | INFO     | app.services.patrol_service | === 开始VIP车位巡检 ===
2026-04-27 15:05:19 | ERROR    | app.services.external_db_service | 查询SQL Server失败, 车位=0677, 错误=(pyodbc.InterfaceError) ('IM002', '[IM002] [Microsoft][ODBC 驱动程序管理器] 未发现数据源名称并且未指定默认驱动程序 (0) (SQLDriverConnect)')
(Background on this error at: https://sqlalche.me/e/20/rvf5)
2026-04-27 15:05:19 | INFO     | app.services.patrol_service | === VIP车位巡检结束 ===
2026-04-27 15:05:49 | INFO     | app.services.patrol_service | === 开始VIP车位巡检 ===
2026-04-27 15:05:49 | ERROR    | app.services.external_db_service | 查询SQL Server失败, 车位=0677, 错误=(pyodbc.InterfaceError) ('IM002', '[IM002] [Microsoft][ODBC 驱动程序管理器] 未发现数据源名称并且未指定默认驱动程序 (0) (SQLDriverConnect)')
(Background on this error at: https://sqlalche.me/e/20/rvf5)
2026-04-27 15:05:49 | INFO     | app.services.patrol_service | === VIP车位巡检结束 ===
2026-04-27 15:06:19 | INFO     | app.services.patrol_service | === 开始VIP车位巡检 ===
2026-04-27 15:06:19 | ERROR    | app.services.external_db_service | 查询SQL Server失败, 车位=0677, 错误=(pyodbc.InterfaceError) ('IM002', '[IM002] [Microsoft][ODBC 驱动程序管理器] 未发现数据源名称并且未指定默认驱动程序 (0) (SQLDriverConnect)')
(Background on this error at: https://sqlalche.me/e/20/rvf5)
2026-04-27 15:06:19 | INFO     | app.services.patrol_service | === VIP车位巡检结束 ===
2026-04-27 15:06:49 | INFO     | app.services.patrol_service | === 开始VIP车位巡检 ===
2026-04-27 15:06:49 | ERROR    | app.services.external_db_service | 查询SQL Server失败, 车位=0677, 错误=(pyodbc.InterfaceError) ('IM002', '[IM002] [Microsoft][ODBC 驱动程序管理器] 未发现数据源名称并且未指定默认驱动程序 (0) (SQLDriverConnect)')
(Background on this error at: https://sqlalche.me/e/20/rvf5)
2026-04-27 15:06:49 | INFO     | app.services.patrol_service | === VIP车位巡检结束 ===
2026-04-27 15:07:19 | INFO     | app.services.patrol_service | === 开始VIP车位巡检 ===
2026-04-27 15:07:19 | ERROR    | app.services.external_db_service | 查询SQL Server失败, 车位=0677, 错误=(pyodbc.InterfaceError) ('IM002', '[IM002] [Microsoft][ODBC 驱动程序管理器] 未发现数据源名称并且未指定默认驱动程序 (0) (SQLDriverConnect)')
(Background on this error at: https://sqlalche.me/e/20/rvf5)
2026-04-27 15:07:19 | INFO     | app.services.patrol_service | === VIP车位巡检结束 ===
2026-04-27 15:07:49 | INFO     | app.services.patrol_service | === 开始VIP车位巡检 ===
2026-04-27 15:07:49 | ERROR    | app.services.external_db_service | 查询SQL Server失败, 车位=0677, 错误=(pyodbc.InterfaceError) ('IM002', '[IM002] [Microsoft][ODBC 驱动程序管理器] 未发现数据源名称并且未指定默认驱动程序 (0) (SQLDriverConnect)')
(Background on this error at: https://sqlalche.me/e/20/rvf5)
2026-04-27 15:07:49 | INFO     | app.services.patrol_service | === VIP车位巡检结束 ===
2026-04-27 15:08:19 | INFO     | app.services.patrol_service | === 开始VIP车位巡检 ===
2026-04-27 15:08:19 | ERROR    | app.services.external_db_service | 查询SQL Server失败, 车位=0677, 错误=(pyodbc.InterfaceError) ('IM002', '[IM002] [Microsoft][ODBC 驱动程序管理器] 未发现数据源名称并且未指定默认驱动程序 (0) (SQLDriverConnect)')
(Background on this error at: https://sqlalche.me/e/20/rvf5)
2026-04-27 15:08:19 | INFO     | app.services.patrol_service | === VIP车位巡检结束 ===
2026-04-27 15:08:49 | INFO     | app.services.patrol_service | === 开始VIP车位巡检 ===
2026-04-27 15:08:49 | ERROR    | app.services.external_db_service | 查询SQL Server失败, 车位=0677, 错误=(pyodbc.InterfaceError) ('IM002', '[IM002] [Microsoft][ODBC 驱动程序管理器] 未发现数据源名称并且未指定默认驱动程序 (0) (SQLDriverConnect)')
(Background on this error at: https://sqlalche.me/e/20/rvf5)
2026-04-27 15:08:49 | INFO     | app.services.patrol_service | === VIP车位巡检结束 ===
2026-04-27 15:09:19 | INFO     | app.services.patrol_service | === 开始VIP车位巡检 ===
2026-04-27 15:09:19 | ERROR    | app.services.external_db_service | 查询SQL Server失败, 车位=0677, 错误=(pyodbc.InterfaceError) ('IM002', '[IM002] [Microsoft][ODBC 驱动程序管理器] 未发现数据源名称并且未指定默认驱动程序 (0) (SQLDriverConnect)')
(Background on this error at: https://sqlalche.me/e/20/rvf5)
2026-04-27 15:09:19 | INFO     | app.services.patrol_service | === VIP车位巡检结束 ===
2026-04-27 15:09:49 | INFO     | app.services.patrol_service | === 开始VIP车位巡检 ===
2026-04-27 15:09:49 | ERROR    | app.services.external_db_service | 查询SQL Server失败, 车位=0677, 错误=(pyodbc.InterfaceError) ('IM002', '[IM002] [Microsoft][ODBC 驱动程序管理器] 未发现数据源名称并且未指定默认驱动程序 (0) (SQLDriverConnect)')
(Background on this error at: https://sqlalche.me/e/20/rvf5)
2026-04-27 15:09:49 | INFO     | app.services.patrol_service | === VIP车位巡检结束 ===
2026-04-27 15:10:19 | INFO     | app.services.patrol_service | === 开始VIP车位巡检 ===
2026-04-27 15:10:19 | ERROR    | app.services.external_db_service | 查询SQL Server失败, 车位=0677, 错误=(pyodbc.InterfaceError) ('IM002', '[IM002] [Microsoft][ODBC 驱动程序管理器] 未发现数据源名称并且未指定默认驱动程序 (0) (SQLDriverConnect)')
(Background on this error at: https://sqlalche.me/e/20/rvf5)
2026-04-27 15:10:19 | INFO     | app.services.patrol_service | === VIP车位巡检结束 ===
2026-04-27 15:10:49 | INFO     | app.services.patrol_service | === 开始VIP车位巡检 ===
2026-04-27 15:10:49 | ERROR    | app.services.external_db_service | 查询SQL Server失败, 车位=0677, 错误=(pyodbc.InterfaceError) ('IM002', '[IM002] [Microsoft][ODBC 驱动程序管理器] 未发现数据源名称并且未指定默认驱动程序 (0) (SQLDriverConnect)')
(Background on this error at: https://sqlalche.me/e/20/rvf5)
2026-04-27 15:10:49 | INFO     | app.services.patrol_service | === VIP车位巡检结束 ===
2026-04-27 15:11:19 | INFO     | app.services.patrol_service | === 开始VIP车位巡检 ===
2026-04-27 15:11:19 | ERROR    | app.services.external_db_service | 查询SQL Server失败, 车位=0677, 错误=(pyodbc.InterfaceError) ('IM002', '[IM002] [Microsoft][ODBC 驱动程序管理器] 未发现数据源名称并且未指定默认驱动程序 (0) (SQLDriverConnect)')
(Background on this error at: https://sqlalche.me/e/20/rvf5)
2026-04-27 15:11:19 | INFO     | app.services.patrol_service | === VIP车位巡检结束 ===
2026-04-27 15:11:49 | INFO     | app.services.patrol_service | === 开始VIP车位巡检 ===
2026-04-27 15:11:49 | ERROR    | app.services.external_db_service | 查询SQL Server失败, 车位=0677, 错误=(pyodbc.InterfaceError) ('IM002', '[IM002] [Microsoft][ODBC 驱动程序管理器] 未发现数据源名称并且未指定默认驱动程序 (0) (SQLDriverConnect)')
(Background on this error at: https://sqlalche.me/e/20/rvf5)
2026-04-27 15:11:49 | INFO     | app.services.patrol_service | === VIP车位巡检结束 ===
2026-04-27 15:12:19 | INFO     | app.services.patrol_service | === 开始VIP车位巡检 ===
2026-04-27 15:12:19 | ERROR    | app.services.external_db_service | 查询SQL Server失败, 车位=0677, 错误=(pyodbc.InterfaceError) ('IM002', '[IM002] [Microsoft][ODBC 驱动程序管理器] 未发现数据源名称并且未指定默认驱动程序 (0) (SQLDriverConnect)')
(Background on this error at: https://sqlalche.me/e/20/rvf5)
2026-04-27 15:12:19 | INFO     | app.services.patrol_service | === VIP车位巡检结束 ===
2026-04-27 15:12:49 | INFO     | app.services.patrol_service | === 开始VIP车位巡检 ===
2026-04-27 15:12:49 | ERROR    | app.services.external_db_service | 查询SQL Server失败, 车位=0677, 错误=(pyodbc.InterfaceError) ('IM002', '[IM002] [Microsoft][ODBC 驱动程序管理器] 未发现数据源名称并且未指定默认驱动程序 (0) (SQLDriverConnect)')
(Background on this error at: https://sqlalche.me/e/20/rvf5)
2026-04-27 15:12:49 | INFO     | app.services.patrol_service | === VIP车位巡检结束 ===
2026-04-27 15:13:19 | INFO     | app.services.patrol_service | === 开始VIP车位巡检 ===
2026-04-27 15:13:19 | ERROR    | app.services.external_db_service | 查询SQL Server失败, 车位=0677, 错误=(pyodbc.InterfaceError) ('IM002', '[IM002] [Microsoft][ODBC 驱动程序管理器] 未发现数据源名称并且未指定默认驱动程序 (0) (SQLDriverConnect)')
(Background on this error at: https://sqlalche.me/e/20/rvf5)
2026-04-27 15:13:19 | INFO     | app.services.patrol_service | === VIP车位巡检结束 ===
2026-04-27 15:13:49 | INFO     | app.services.patrol_service | === 开始VIP车位巡检 ===
2026-04-27 15:13:49 | ERROR    | app.services.external_db_service | 查询SQL Server失败, 车位=0677, 错误=(pyodbc.InterfaceError) ('IM002', '[IM002] [Microsoft][ODBC 驱动程序管理器] 未发现数据源名称并且未指定默认驱动程序 (0) (SQLDriverConnect)')
(Background on this error at: https://sqlalche.me/e/20/rvf5)
2026-04-27 15:13:49 | INFO     | app.services.patrol_service | === VIP车位巡检结束 ===
2026-04-27 15:14:19 | INFO     | app.services.patrol_service | === 开始VIP车位巡检 ===
2026-04-27 15:14:19 | ERROR    | app.services.external_db_service | 查询SQL Server失败, 车位=0677, 错误=(pyodbc.InterfaceError) ('IM002', '[IM002] [Microsoft][ODBC 驱动程序管理器] 未发现数据源名称并且未指定默认驱动程序 (0) (SQLDriverConnect)')
(Background on this error at: https://sqlalche.me/e/20/rvf5)
2026-04-27 15:14:19 | INFO     | app.services.patrol_service | === VIP车位巡检结束 ===
2026-04-27 15:14:49 | INFO     | app.services.patrol_service | === 开始VIP车位巡检 ===
2026-04-27 15:14:49 | ERROR    | app.services.external_db_service | 查询SQL Server失败, 车位=0677, 错误=(pyodbc.InterfaceError) ('IM002', '[IM002] [Microsoft][ODBC 驱动程序管理器] 未发现数据源名称并且未指定默认驱动程序 (0) (SQLDriverConnect)')
(Background on this error at: https://sqlalche.me/e/20/rvf5)
2026-04-27 15:14:49 | INFO     | app.services.patrol_service | === VIP车位巡检结束 ===
2026-04-27 15:15:19 | INFO     | app.services.patrol_service | === 开始VIP车位巡检 ===
2026-04-27 15:15:19 | ERROR    | app.services.external_db_service | 查询SQL Server失败, 车位=0677, 错误=(pyodbc.InterfaceError) ('IM002', '[IM002] [Microsoft][ODBC 驱动程序管理器] 未发现数据源名称并且未指定默认驱动程序 (0) (SQLDriverConnect)')
(Background on this error at: https://sqlalche.me/e/20/rvf5)
2026-04-27 15:15:19 | INFO     | app.services.patrol_service | === VIP车位巡检结束 ===
2026-04-27 15:15:49 | INFO     | app.services.patrol_service | === 开始VIP车位巡检 ===
2026-04-27 15:15:49 | ERROR    | app.services.external_db_service | 查询SQL Server失败, 车位=0677, 错误=(pyodbc.InterfaceError) ('IM002', '[IM002] [Microsoft][ODBC 驱动程序管理器] 未发现数据源名称并且未指定默认驱动程序 (0) (SQLDriverConnect)')
(Background on this error at: https://sqlalche.me/e/20/rvf5)
2026-04-27 15:15:49 | INFO     | app.services.patrol_service | === VIP车位巡检结束 ===
2026-04-27 15:16:19 | INFO     | app.services.patrol_service | === 开始VIP车位巡检 ===
2026-04-27 15:16:19 | ERROR    | app.services.external_db_service | 查询SQL Server失败, 车位=0677, 错误=(pyodbc.InterfaceError) ('IM002', '[IM002] [Microsoft][ODBC 驱动程序管理器] 未发现数据源名称并且未指定默认驱动程序 (0) (SQLDriverConnect)')
(Background on this error at: https://sqlalche.me/e/20/rvf5)
2026-04-27 15:16:19 | INFO     | app.services.patrol_service | === VIP车位巡检结束 ===
2026-04-27 15:16:49 | INFO     | app.services.patrol_service | === 开始VIP车位巡检 ===
2026-04-27 15:16:49 | ERROR    | app.services.external_db_service | 查询SQL Server失败, 车位=0677, 错误=(pyodbc.InterfaceError) ('IM002', '[IM002] [Microsoft][ODBC 驱动程序管理器] 未发现数据源名称并且未指定默认驱动程序 (0) (SQLDriverConnect)')
(Background on this error at: https://sqlalche.me/e/20/rvf5)
2026-04-27 15:16:49 | INFO     | app.services.patrol_service | === VIP车位巡检结束 ===
2026-04-27 15:17:19 | INFO     | app.services.patrol_service | === 开始VIP车位巡检 ===
2026-04-27 15:17:19 | ERROR    | app.services.external_db_service | 查询SQL Server失败, 车位=0677, 错误=(pyodbc.InterfaceError) ('IM002', '[IM002] [Microsoft][ODBC 驱动程序管理器] 未发现数据源名称并且未指定默认驱动程序 (0) (SQLDriverConnect)')
(Background on this error at: https://sqlalche.me/e/20/rvf5)
2026-04-27 15:17:19 | INFO     | app.services.patrol_service | === VIP车位巡检结束 ===
2026-04-27 15:17:49 | INFO     | app.services.patrol_service | === 开始VIP车位巡检 ===
2026-04-27 15:17:49 | ERROR    | app.services.external_db_service | 查询SQL Server失败, 车位=0677, 错误=(pyodbc.InterfaceError) ('IM002', '[IM002] [Microsoft][ODBC 驱动程序管理器] 未发现数据源名称并且未指定默认驱动程序 (0) (SQLDriverConnect)')
(Background on this error at: https://sqlalche.me/e/20/rvf5)
2026-04-27 15:17:49 | INFO     | app.services.patrol_service | === VIP车位巡检结束 ===
2026-04-27 15:18:19 | INFO     | app.services.patrol_service | === 开始VIP车位巡检 ===
2026-04-27 15:18:19 | ERROR    | app.services.external_db_service | 查询SQL Server失败, 车位=0677, 错误=(pyodbc.InterfaceError) ('IM002', '[IM002] [Microsoft][ODBC 驱动程序管理器] 未发现数据源名称并且未指定默认驱动程序 (0) (SQLDriverConnect)')
(Background on this error at: https://sqlalche.me/e/20/rvf5)
2026-04-27 15:18:19 | INFO     | app.services.patrol_service | === VIP车位巡检结束 ===
2026-04-27 15:18:49 | INFO     | app.services.patrol_service | === 开始VIP车位巡检 ===
2026-04-27 15:18:49 | ERROR    | app.services.external_db_service | 查询SQL Server失败, 车位=0677, 错误=(pyodbc.InterfaceError) ('IM002', '[IM002] [Microsoft][ODBC 驱动程序管理器] 未发现数据源名称并且未指定默认驱动程序 (0) (SQLDriverConnect)')
(Background on this error at: https://sqlalche.me/e/20/rvf5)
2026-04-27 15:18:49 | INFO     | app.services.patrol_service | === VIP车位巡检结束 ===
2026-04-27 15:19:19 | INFO     | app.services.patrol_service | === 开始VIP车位巡检 ===
2026-04-27 15:19:19 | ERROR    | app.services.external_db_service | 查询SQL Server失败, 车位=0677, 错误=(pyodbc.InterfaceError) ('IM002', '[IM002] [Microsoft][ODBC 驱动程序管理器] 未发现数据源名称并且未指定默认驱动程序 (0) (SQLDriverConnect)')
(Background on this error at: https://sqlalche.me/e/20/rvf5)
2026-04-27 15:19:19 | INFO     | app.services.patrol_service | === VIP车位巡检结束 ===
2026-04-27 15:19:49 | INFO     | app.services.patrol_service | === 开始VIP车位巡检 ===
2026-04-27 15:19:49 | ERROR    | app.services.external_db_service | 查询SQL Server失败, 车位=0677, 错误=(pyodbc.InterfaceError) ('IM002', '[IM002] [Microsoft][ODBC 驱动程序管理器] 未发现数据源名称并且未指定默认驱动程序 (0) (SQLDriverConnect)')
(Background on this error at: https://sqlalche.me/e/20/rvf5)
2026-04-27 15:19:49 | INFO     | app.services.patrol_service | === VIP车位巡检结束 ===
2026-04-27 15:20:19 | INFO     | app.services.patrol_service | === 开始VIP车位巡检 ===
2026-04-27 15:20:19 | ERROR    | app.services.external_db_service | 查询SQL Server失败, 车位=0677, 错误=(pyodbc.InterfaceError) ('IM002', '[IM002] [Microsoft][ODBC 驱动程序管理器] 未发现数据源名称并且未指定默认驱动程序 (0) (SQLDriverConnect)')
(Background on this error at: https://sqlalche.me/e/20/rvf5)
2026-04-27 15:20:19 | INFO     | app.services.patrol_service | === VIP车位巡检结束 ===
2026-04-27 15:20:49 | INFO     | app.services.patrol_service | === 开始VIP车位巡检 ===
2026-04-27 15:20:49 | ERROR    | app.services.external_db_service | 查询SQL Server失败, 车位=0677, 错误=(pyodbc.InterfaceError) ('IM002', '[IM002] [Microsoft][ODBC 驱动程序管理器] 未发现数据源名称并且未指定默认驱动程序 (0) (SQLDriverConnect)')
(Background on this error at: https://sqlalche.me/e/20/rvf5)
2026-04-27 15:20:49 | INFO     | app.services.patrol_service | === VIP车位巡检结束 ===
2026-04-27 15:21:19 | INFO     | app.services.patrol_service | === 开始VIP车位巡检 ===
2026-04-27 15:21:19 | ERROR    | app.services.external_db_service | 查询SQL Server失败, 车位=0677, 错误=(pyodbc.InterfaceError) ('IM002', '[IM002] [Microsoft][ODBC 驱动程序管理器] 未发现数据源名称并且未指定默认驱动程序 (0) (SQLDriverConnect)')
(Background on this error at: https://sqlalche.me/e/20/rvf5)
2026-04-27 15:21:19 | INFO     | app.services.patrol_service | === VIP车位巡检结束 ===
2026-04-27 15:21:49 | INFO     | app.services.patrol_service | === 开始VIP车位巡检 ===
2026-04-27 15:21:49 | ERROR    | app.services.external_db_service | 查询SQL Server失败, 车位=0677, 错误=(pyodbc.InterfaceError) ('IM002', '[IM002] [Microsoft][ODBC 驱动程序管理器] 未发现数据源名称并且未指定默认驱动程序 (0) (SQLDriverConnect)')
(Background on this error at: https://sqlalche.me/e/20/rvf5)
2026-04-27 15:21:49 | INFO     | app.services.patrol_service | === VIP车位巡检结束 ===
2026-04-27 15:22:19 | INFO     | app.services.patrol_service | === 开始VIP车位巡检 ===
2026-04-27 15:22:19 | ERROR    | app.services.external_db_service | 查询SQL Server失败, 车位=0677, 错误=(pyodbc.InterfaceError) ('IM002', '[IM002] [Microsoft][ODBC 驱动程序管理器] 未发现数据源名称并且未指定默认驱动程序 (0) (SQLDriverConnect)')
(Background on this error at: https://sqlalche.me/e/20/rvf5)
2026-04-27 15:22:19 | INFO     | app.services.patrol_service | === VIP车位巡检结束 ===
2026-04-27 15:22:49 | INFO     | app.services.patrol_service | === 开始VIP车位巡检 ===
2026-04-27 15:22:49 | ERROR    | app.services.external_db_service | 查询SQL Server失败, 车位=0677, 错误=(pyodbc.InterfaceError) ('IM002', '[IM002] [Microsoft][ODBC 驱动程序管理器] 未发现数据源名称并且未指定默认驱动程序 (0) (SQLDriverConnect)')
(Background on this error at: https://sqlalche.me/e/20/rvf5)
2026-04-27 15:22:49 | INFO     | app.services.patrol_service | === VIP车位巡检结束 ===
2026-04-27 15:23:19 | INFO     | app.services.patrol_service | === 开始VIP车位巡检 ===
2026-04-27 15:23:19 | ERROR    | app.services.external_db_service | 查询SQL Server失败, 车位=0677, 错误=(pyodbc.InterfaceError) ('IM002', '[IM002] [Microsoft][ODBC 驱动程序管理器] 未发现数据源名称并且未指定默认驱动程序 (0) (SQLDriverConnect)')
(Background on this error at: https://sqlalche.me/e/20/rvf5)
2026-04-27 15:23:19 | INFO     | app.services.patrol_service | === VIP车位巡检结束 ===
2026-04-27 15:23:49 | INFO     | app.services.patrol_service | === 开始VIP车位巡检 ===
2026-04-27 15:23:49 | ERROR    | app.services.external_db_service | 查询SQL Server失败, 车位=0677, 错误=(pyodbc.InterfaceError) ('IM002', '[IM002] [Microsoft][ODBC 驱动程序管理器] 未发现数据源名称并且未指定默认驱动程序 (0) (SQLDriverConnect)')
(Background on this error at: https://sqlalche.me/e/20/rvf5)
2026-04-27 15:23:49 | INFO     | app.services.patrol_service | === VIP车位巡检结束 ===
2026-04-27 15:24:19 | INFO     | app.services.patrol_service | === 开始VIP车位巡检 ===
2026-04-27 15:24:19 | ERROR    | app.services.external_db_service | 查询SQL Server失败, 车位=0677, 错误=(pyodbc.InterfaceError) ('IM002', '[IM002] [Microsoft][ODBC 驱动程序管理器] 未发现数据源名称并且未指定默认驱动程序 (0) (SQLDriverConnect)')
(Background on this error at: https://sqlalche.me/e/20/rvf5)
2026-04-27 15:24:19 | INFO     | app.services.patrol_service | === VIP车位巡检结束 ===
2026-04-27 15:24:49 | INFO     | app.services.patrol_service | === 开始VIP车位巡检 ===
2026-04-27 15:24:49 | ERROR    | app.services.external_db_service | 查询SQL Server失败, 车位=0677, 错误=(pyodbc.InterfaceError) ('IM002', '[IM002] [Microsoft][ODBC 驱动程序管理器] 未发现数据源名称并且未指定默认驱动程序 (0) (SQLDriverConnect)')
(Background on this error at: https://sqlalche.me/e/20/rvf5)
2026-04-27 15:24:49 | INFO     | app.services.patrol_service | === VIP车位巡检结束 ===
2026-04-27 15:25:19 | INFO     | app.services.patrol_service | === 开始VIP车位巡检 ===
2026-04-27 15:25:19 | ERROR    | app.services.external_db_service | 查询SQL Server失败, 车位=0677, 错误=(pyodbc.InterfaceError) ('IM002', '[IM002] [Microsoft][ODBC 驱动程序管理器] 未发现数据源名称并且未指定默认驱动程序 (0) (SQLDriverConnect)')
(Background on this error at: https://sqlalche.me/e/20/rvf5)
2026-04-27 15:25:19 | INFO     | app.services.patrol_service | === VIP车位巡检结束 ===
2026-04-27 15:25:49 | INFO     | app.services.patrol_service | === 开始VIP车位巡检 ===
2026-04-27 15:25:49 | ERROR    | app.services.external_db_service | 查询SQL Server失败, 车位=0677, 错误=(pyodbc.InterfaceError) ('IM002', '[IM002] [Microsoft][ODBC 驱动程序管理器] 未发现数据源名称并且未指定默认驱动程序 (0) (SQLDriverConnect)')
(Background on this error at: https://sqlalche.me/e/20/rvf5)
2026-04-27 15:25:49 | INFO     | app.services.patrol_service | === VIP车位巡检结束 ===
2026-04-27 15:26:19 | INFO     | app.services.patrol_service | === 开始VIP车位巡检 ===
2026-04-27 15:26:19 | ERROR    | app.services.external_db_service | 查询SQL Server失败, 车位=0677, 错误=(pyodbc.InterfaceError) ('IM002', '[IM002] [Microsoft][ODBC 驱动程序管理器] 未发现数据源名称并且未指定默认驱动程序 (0) (SQLDriverConnect)')
(Background on this error at: https://sqlalche.me/e/20/rvf5)
2026-04-27 15:26:19 | INFO     | app.services.patrol_service | === VIP车位巡检结束 ===
2026-04-27 15:26:49 | INFO     | app.services.patrol_service | === 开始VIP车位巡检 ===
2026-04-27 15:26:49 | ERROR    | app.services.external_db_service | 查询SQL Server失败, 车位=0677, 错误=(pyodbc.InterfaceError) ('IM002', '[IM002] [Microsoft][ODBC 驱动程序管理器] 未发现数据源名称并且未指定默认驱动程序 (0) (SQLDriverConnect)')
(Background on this error at: https://sqlalche.me/e/20/rvf5)
2026-04-27 15:26:49 | INFO     | app.services.patrol_service | === VIP车位巡检结束 ===
2026-04-27 15:27:19 | INFO     | app.services.patrol_service | === 开始VIP车位巡检 ===
2026-04-27 15:27:19 | ERROR    | app.services.external_db_service | 查询SQL Server失败, 车位=0677, 错误=(pyodbc.InterfaceError) ('IM002', '[IM002] [Microsoft][ODBC 驱动程序管理器] 未发现数据源名称并且未指定默认驱动程序 (0) (SQLDriverConnect)')
(Background on this error at: https://sqlalche.me/e/20/rvf5)
2026-04-27 15:27:19 | INFO     | app.services.patrol_service | === VIP车位巡检结束 ===
2026-04-27 15:27:49 | INFO     | app.services.patrol_service | === 开始VIP车位巡检 ===
2026-04-27 15:27:49 | ERROR    | app.services.external_db_service | 查询SQL Server失败, 车位=0677, 错误=(pyodbc.InterfaceError) ('IM002', '[IM002] [Microsoft][ODBC 驱动程序管理器] 未发现数据源名称并且未指定默认驱动程序 (0) (SQLDriverConnect)')
(Background on this error at: https://sqlalche.me/e/20/rvf5)
2026-04-27 15:27:49 | INFO     | app.services.patrol_service | === VIP车位巡检结束 ===
2026-04-27 15:28:19 | INFO     | app.services.patrol_service | === 开始VIP车位巡检 ===
2026-04-27 15:28:19 | ERROR    | app.services.external_db_service | 查询SQL Server失败, 车位=0677, 错误=(pyodbc.InterfaceError) ('IM002', '[IM002] [Microsoft][ODBC 驱动程序管理器] 未发现数据源名称并且未指定默认驱动程序 (0) (SQLDriverConnect)')
(Background on this error at: https://sqlalche.me/e/20/rvf5)
2026-04-27 15:28:19 | INFO     | app.services.patrol_service | === VIP车位巡检结束 ===
2026-04-27 15:28:49 | INFO     | app.services.patrol_service | === 开始VIP车位巡检 ===
2026-04-27 15:28:49 | ERROR    | app.services.external_db_service | 查询SQL Server失败, 车位=0677, 错误=(pyodbc.InterfaceError) ('IM002', '[IM002] [Microsoft][ODBC 驱动程序管理器] 未发现数据源名称并且未指定默认驱动程序 (0) (SQLDriverConnect)')
(Background on this error at: https://sqlalche.me/e/20/rvf5)
2026-04-27 15:28:49 | INFO     | app.services.patrol_service | === VIP车位巡检结束 ===
2026-04-27 15:29:19 | INFO     | app.services.patrol_service | === 开始VIP车位巡检 ===
2026-04-27 15:29:19 | ERROR    | app.services.external_db_service | 查询SQL Server失败, 车位=0677, 错误=(pyodbc.InterfaceError) ('IM002', '[IM002] [Microsoft][ODBC 驱动程序管理器] 未发现数据源名称并且未指定默认驱动程序 (0) (SQLDriverConnect)')
(Background on this error at: https://sqlalche.me/e/20/rvf5)
2026-04-27 15:29:19 | INFO     | app.services.patrol_service | === VIP车位巡检结束 ===
2026-04-27 15:29:49 | INFO     | app.services.patrol_service | === 开始VIP车位巡检 ===
2026-04-27 15:29:49 | ERROR    | app.services.external_db_service | 查询SQL Server失败, 车位=0677, 错误=(pyodbc.InterfaceError) ('IM002', '[IM002] [Microsoft][ODBC 驱动程序管理器] 未发现数据源名称并且未指定默认驱动程序 (0) (SQLDriverConnect)')
(Background on this error at: https://sqlalche.me/e/20/rvf5)
2026-04-27 15:29:49 | INFO     | app.services.patrol_service | === VIP车位巡检结束 ===
2026-04-27 15:30:19 | INFO     | app.services.patrol_service | === 开始VIP车位巡检 ===
2026-04-27 15:30:19 | ERROR    | app.services.external_db_service | 查询SQL Server失败, 车位=0677, 错误=(pyodbc.InterfaceError) ('IM002', '[IM002] [Microsoft][ODBC 驱动程序管理器] 未发现数据源名称并且未指定默认驱动程序 (0) (SQLDriverConnect)')
(Background on this error at: https://sqlalche.me/e/20/rvf5)
2026-04-27 15:30:19 | INFO     | app.services.patrol_service | === VIP车位巡检结束 ===
2026-04-27 15:30:49 | INFO     | app.services.patrol_service | === 开始VIP车位巡检 ===
2026-04-27 15:30:49 | ERROR    | app.services.external_db_service | 查询SQL Server失败, 车位=0677, 错误=(pyodbc.InterfaceError) ('IM002', '[IM002] [Microsoft][ODBC 驱动程序管理器] 未发现数据源名称并且未指定默认驱动程序 (0) (SQLDriverConnect)')
(Background on this error at: https://sqlalche.me/e/20/rvf5)
2026-04-27 15:30:49 | INFO     | app.services.patrol_service | === VIP车位巡检结束 ===
2026-04-27 15:31:19 | INFO     | app.services.patrol_service | === 开始VIP车位巡检 ===
2026-04-27 15:31:19 | ERROR    | app.services.external_db_service | 查询SQL Server失败, 车位=0677, 错误=(pyodbc.InterfaceError) ('IM002', '[IM002] [Microsoft][ODBC 驱动程序管理器] 未发现数据源名称并且未指定默认驱动程序 (0) (SQLDriverConnect)')
(Background on this error at: https://sqlalche.me/e/20/rvf5)
2026-04-27 15:31:19 | INFO     | app.services.patrol_service | === VIP车位巡检结束 ===
2026-04-27 15:31:49 | INFO     | app.services.patrol_service | === 开始VIP车位巡检 ===
2026-04-27 15:31:49 | ERROR    | app.services.external_db_service | 查询SQL Server失败, 车位=0677, 错误=(pyodbc.InterfaceError) ('IM002', '[IM002] [Microsoft][ODBC 驱动程序管理器] 未发现数据源名称并且未指定默认驱动程序 (0) (SQLDriverConnect)')
(Background on this error at: https://sqlalche.me/e/20/rvf5)
2026-04-27 15:31:49 | INFO     | app.services.patrol_service | === VIP车位巡检结束 ===
2026-04-27 15:32:19 | INFO     | app.services.patrol_service | === 开始VIP车位巡检 ===
2026-04-27 15:32:19 | ERROR    | app.services.external_db_service | 查询SQL Server失败, 车位=0677, 错误=(pyodbc.InterfaceError) ('IM002', '[IM002] [Microsoft][ODBC 驱动程序管理器] 未发现数据源名称并且未指定默认驱动程序 (0) (SQLDriverConnect)')
(Background on this error at: https://sqlalche.me/e/20/rvf5)
2026-04-27 15:32:19 | INFO     | app.services.patrol_service | === VIP车位巡检结束 ===
2026-04-27 15:32:49 | INFO     | app.services.patrol_service | === 开始VIP车位巡检 ===
2026-04-27 15:32:49 | ERROR    | app.services.external_db_service | 查询SQL Server失败, 车位=0677, 错误=(pyodbc.InterfaceError) ('IM002', '[IM002] [Microsoft][ODBC 驱动程序管理器] 未发现数据源名称并且未指定默认驱动程序 (0) (SQLDriverConnect)')
(Background on this error at: https://sqlalche.me/e/20/rvf5)
2026-04-27 15:32:49 | INFO     | app.services.patrol_service | === VIP车位巡检结束 ===
2026-04-27 15:33:19 | INFO     | app.services.patrol_service | === 开始VIP车位巡检 ===
2026-04-27 15:33:19 | ERROR    | app.services.external_db_service | 查询SQL Server失败, 车位=0677, 错误=(pyodbc.InterfaceError) ('IM002', '[IM002] [Microsoft][ODBC 驱动程序管理器] 未发现数据源名称并且未指定默认驱动程序 (0) (SQLDriverConnect)')
(Background on this error at: https://sqlalche.me/e/20/rvf5)
2026-04-27 15:33:19 | INFO     | app.services.patrol_service | === VIP车位巡检结束 ===
2026-04-27 15:33:49 | INFO     | app.services.patrol_service | === 开始VIP车位巡检 ===
2026-04-27 15:33:49 | ERROR    | app.services.external_db_service | 查询SQL Server失败, 车位=0677, 错误=(pyodbc.InterfaceError) ('IM002', '[IM002] [Microsoft][ODBC 驱动程序管理器] 未发现数据源名称并且未指定默认驱动程序 (0) (SQLDriverConnect)')
(Background on this error at: https://sqlalche.me/e/20/rvf5)
2026-04-27 15:33:49 | INFO     | app.services.patrol_service | === VIP车位巡检结束 ===
2026-04-27 15:34:19 | INFO     | app.services.patrol_service | === 开始VIP车位巡检 ===
2026-04-27 15:34:19 | ERROR    | app.services.external_db_service | 查询SQL Server失败, 车位=0677, 错误=(pyodbc.InterfaceError) ('IM002', '[IM002] [Microsoft][ODBC 驱动程序管理器] 未发现数据源名称并且未指定默认驱动程序 (0) (SQLDriverConnect)')
(Background on this error at: https://sqlalche.me/e/20/rvf5)
2026-04-27 15:34:19 | INFO     | app.services.patrol_service | === VIP车位巡检结束 ===
2026-04-27 15:34:49 | INFO     | app.services.patrol_service | === 开始VIP车位巡检 ===
2026-04-27 15:34:49 | ERROR    | app.services.external_db_service | 查询SQL Server失败, 车位=0677, 错误=(pyodbc.InterfaceError) ('IM002', '[IM002] [Microsoft][ODBC 驱动程序管理器] 未发现数据源名称并且未指定默认驱动程序 (0) (SQLDriverConnect)')
(Background on this error at: https://sqlalche.me/e/20/rvf5)
2026-04-27 15:34:49 | INFO     | app.services.patrol_service | === VIP车位巡检结束 ===
2026-04-27 15:35:19 | INFO     | app.services.patrol_service | === 开始VIP车位巡检 ===
2026-04-27 15:35:19 | ERROR    | app.services.external_db_service | 查询SQL Server失败, 车位=0677, 错误=(pyodbc.InterfaceError) ('IM002', '[IM002] [Microsoft][ODBC 驱动程序管理器] 未发现数据源名称并且未指定默认驱动程序 (0) (SQLDriverConnect)')
(Background on this error at: https://sqlalche.me/e/20/rvf5)
2026-04-27 15:35:19 | INFO     | app.services.patrol_service | === VIP车位巡检结束 ===
2026-04-27 15:35:49 | INFO     | app.services.patrol_service | === 开始VIP车位巡检 ===
2026-04-27 15:35:49 | ERROR    | app.services.external_db_service | 查询SQL Server失败, 车位=0677, 错误=(pyodbc.InterfaceError) ('IM002', '[IM002] [Microsoft][ODBC 驱动程序管理器] 未发现数据源名称并且未指定默认驱动程序 (0) (SQLDriverConnect)')
(Background on this error at: https://sqlalche.me/e/20/rvf5)
2026-04-27 15:35:49 | INFO     | app.services.patrol_service | === VIP车位巡检结束 ===
2026-04-27 15:36:19 | INFO     | app.services.patrol_service | === 开始VIP车位巡检 ===
2026-04-27 15:36:19 | ERROR    | app.services.external_db_service | 查询SQL Server失败, 车位=0677, 错误=(pyodbc.InterfaceError) ('IM002', '[IM002] [Microsoft][ODBC 驱动程序管理器] 未发现数据源名称并且未指定默认驱动程序 (0) (SQLDriverConnect)')
(Background on this error at: https://sqlalche.me/e/20/rvf5)
2026-04-27 15:36:19 | INFO     | app.services.patrol_service | === VIP车位巡检结束 ===
2026-04-27 15:36:49 | INFO     | app.services.patrol_service | === 开始VIP车位巡检 ===
2026-04-27 15:36:49 | ERROR    | app.services.external_db_service | 查询SQL Server失败, 车位=0677, 错误=(pyodbc.InterfaceError) ('IM002', '[IM002] [Microsoft][ODBC 驱动程序管理器] 未发现数据源名称并且未指定默认驱动程序 (0) (SQLDriverConnect)')
(Background on this error at: https://sqlalche.me/e/20/rvf5)
2026-04-27 15:36:49 | INFO     | app.services.patrol_service | === VIP车位巡检结束 ===
2026-04-27 15:37:19 | INFO     | app.services.patrol_service | === 开始VIP车位巡检 ===
2026-04-27 15:37:19 | ERROR    | app.services.external_db_service | 查询SQL Server失败, 车位=0677, 错误=(pyodbc.InterfaceError) ('IM002', '[IM002] [Microsoft][ODBC 驱动程序管理器] 未发现数据源名称并且未指定默认驱动程序 (0) (SQLDriverConnect)')
(Background on this error at: https://sqlalche.me/e/20/rvf5)
2026-04-27 15:37:19 | INFO     | app.services.patrol_service | === VIP车位巡检结束 ===
2026-04-27 15:37:49 | INFO     | app.services.patrol_service | === 开始VIP车位巡检 ===
2026-04-27 15:37:49 | ERROR    | app.services.external_db_service | 查询SQL Server失败, 车位=0677, 错误=(pyodbc.InterfaceError) ('IM002', '[IM002] [Microsoft][ODBC 驱动程序管理器] 未发现数据源名称并且未指定默认驱动程序 (0) (SQLDriverConnect)')
(Background on this error at: https://sqlalche.me/e/20/rvf5)
2026-04-27 15:37:49 | INFO     | app.services.patrol_service | === VIP车位巡检结束 ===
2026-04-27 15:38:19 | INFO     | app.services.patrol_service | === 开始VIP车位巡检 ===
2026-04-27 15:38:19 | ERROR    | app.services.external_db_service | 查询SQL Server失败, 车位=0677, 错误=(pyodbc.InterfaceError) ('IM002', '[IM002] [Microsoft][ODBC 驱动程序管理器] 未发现数据源名称并且未指定默认驱动程序 (0) (SQLDriverConnect)')
(Background on this error at: https://sqlalche.me/e/20/rvf5)
2026-04-27 15:38:19 | INFO     | app.services.patrol_service | === VIP车位巡检结束 ===
2026-04-27 15:38:49 | INFO     | app.services.patrol_service | === 开始VIP车位巡检 ===
2026-04-27 15:38:49 | ERROR    | app.services.external_db_service | 查询SQL Server失败, 车位=0677, 错误=(pyodbc.InterfaceError) ('IM002', '[IM002] [Microsoft][ODBC 驱动程序管理器] 未发现数据源名称并且未指定默认驱动程序 (0) (SQLDriverConnect)')
(Background on this error at: https://sqlalche.me/e/20/rvf5)
2026-04-27 15:38:49 | INFO     | app.services.patrol_service | === VIP车位巡检结束 ===
2026-04-27 15:39:19 | INFO     | app.services.patrol_service | === 开始VIP车位巡检 ===
2026-04-27 15:39:19 | ERROR    | app.services.external_db_service | 查询SQL Server失败, 车位=0677, 错误=(pyodbc.InterfaceError) ('IM002', '[IM002] [Microsoft][ODBC 驱动程序管理器] 未发现数据源名称并且未指定默认驱动程序 (0) (SQLDriverConnect)')
(Background on this error at: https://sqlalche.me/e/20/rvf5)
2026-04-27 15:39:19 | INFO     | app.services.patrol_service | === VIP车位巡检结束 ===
2026-04-27 15:39:49 | INFO     | app.services.patrol_service | === 开始VIP车位巡检 ===
2026-04-27 15:39:49 | ERROR    | app.services.external_db_service | 查询SQL Server失败, 车位=0677, 错误=(pyodbc.InterfaceError) ('IM002', '[IM002] [Microsoft][ODBC 驱动程序管理器] 未发现数据源名称并且未指定默认驱动程序 (0) (SQLDriverConnect)')
(Background on this error at: https://sqlalche.me/e/20/rvf5)
2026-04-27 15:39:49 | INFO     | app.services.patrol_service | === VIP车位巡检结束 ===
2026-04-27 15:40:19 | INFO     | app.services.patrol_service | === 开始VIP车位巡检 ===
2026-04-27 15:40:19 | ERROR    | app.services.external_db_service | 查询SQL Server失败, 车位=0677, 错误=(pyodbc.InterfaceError) ('IM002', '[IM002] [Microsoft][ODBC 驱动程序管理器] 未发现数据源名称并且未指定默认驱动程序 (0) (SQLDriverConnect)')
(Background on this error at: https://sqlalche.me/e/20/rvf5)
2026-04-27 15:40:19 | INFO     | app.services.patrol_service | === VIP车位巡检结束 ===
2026-04-27 15:40:49 | INFO     | app.services.patrol_service | === 开始VIP车位巡检 ===
2026-04-27 15:40:49 | ERROR    | app.services.external_db_service | 查询SQL Server失败, 车位=0677, 错误=(pyodbc.InterfaceError) ('IM002', '[IM002] [Microsoft][ODBC 驱动程序管理器] 未发现数据源名称并且未指定默认驱动程序 (0) (SQLDriverConnect)')
(Background on this error at: https://sqlalche.me/e/20/rvf5)
2026-04-27 15:40:49 | INFO     | app.services.patrol_service | === VIP车位巡检结束 ===
2026-04-27 15:41:19 | INFO     | app.services.patrol_service | === 开始VIP车位巡检 ===
2026-04-27 15:41:19 | ERROR    | app.services.external_db_service | 查询SQL Server失败, 车位=0677, 错误=(pyodbc.InterfaceError) ('IM002', '[IM002] [Microsoft][ODBC 驱动程序管理器] 未发现数据源名称并且未指定默认驱动程序 (0) (SQLDriverConnect)')
(Background on this error at: https://sqlalche.me/e/20/rvf5)
2026-04-27 15:41:19 | INFO     | app.services.patrol_service | === VIP车位巡检结束 ===
2026-04-27 15:41:49 | INFO     | app.services.patrol_service | === 开始VIP车位巡检 ===
2026-04-27 15:41:49 | ERROR    | app.services.external_db_service | 查询SQL Server失败, 车位=0677, 错误=(pyodbc.InterfaceError) ('IM002', '[IM002] [Microsoft][ODBC 驱动程序管理器] 未发现数据源名称并且未指定默认驱动程序 (0) (SQLDriverConnect)')
(Background on this error at: https://sqlalche.me/e/20/rvf5)
2026-04-27 15:41:49 | INFO     | app.services.patrol_service | === VIP车位巡检结束 ===
2026-04-27 15:42:19 | INFO     | app.services.patrol_service | === 开始VIP车位巡检 ===
2026-04-27 15:42:19 | ERROR    | app.services.external_db_service | 查询SQL Server失败, 车位=0677, 错误=(pyodbc.InterfaceError) ('IM002', '[IM002] [Microsoft][ODBC 驱动程序管理器] 未发现数据源名称并且未指定默认驱动程序 (0) (SQLDriverConnect)')
(Background on this error at: https://sqlalche.me/e/20/rvf5)
2026-04-27 15:42:19 | INFO     | app.services.patrol_service | === VIP车位巡检结束 ===
2026-04-27 15:42:49 | INFO     | app.services.patrol_service | === 开始VIP车位巡检 ===
2026-04-27 15:42:49 | ERROR    | app.services.external_db_service | 查询SQL Server失败, 车位=0677, 错误=(pyodbc.InterfaceError) ('IM002', '[IM002] [Microsoft][ODBC 驱动程序管理器] 未发现数据源名称并且未指定默认驱动程序 (0) (SQLDriverConnect)')
(Background on this error at: https://sqlalche.me/e/20/rvf5)
2026-04-27 15:42:49 | INFO     | app.services.patrol_service | === VIP车位巡检结束 ===
2026-04-27 15:43:19 | INFO     | app.services.patrol_service | === 开始VIP车位巡检 ===
2026-04-27 15:43:19 | ERROR    | app.services.external_db_service | 查询SQL Server失败, 车位=0677, 错误=(pyodbc.InterfaceError) ('IM002', '[IM002] [Microsoft][ODBC 驱动程序管理器] 未发现数据源名称并且未指定默认驱动程序 (0) (SQLDriverConnect)')
(Background on this error at: https://sqlalche.me/e/20/rvf5)
2026-04-27 15:43:19 | INFO     | app.services.patrol_service | === VIP车位巡检结束 ===
2026-04-27 15:43:49 | INFO     | app.services.patrol_service | === 开始VIP车位巡检 ===
2026-04-27 15:43:49 | ERROR    | app.services.external_db_service | 查询SQL Server失败, 车位=0677, 错误=(pyodbc.InterfaceError) ('IM002', '[IM002] [Microsoft][ODBC 驱动程序管理器] 未发现数据源名称并且未指定默认驱动程序 (0) (SQLDriverConnect)')
(Background on this error at: https://sqlalche.me/e/20/rvf5)
2026-04-27 15:43:49 | INFO     | app.services.patrol_service | === VIP车位巡检结束 ===
2026-04-27 15:44:19 | INFO     | app.services.patrol_service | === 开始VIP车位巡检 ===
2026-04-27 15:44:19 | ERROR    | app.services.external_db_service | 查询SQL Server失败, 车位=0677, 错误=(pyodbc.InterfaceError) ('IM002', '[IM002] [Microsoft][ODBC 驱动程序管理器] 未发现数据源名称并且未指定默认驱动程序 (0) (SQLDriverConnect)')
(Background on this error at: https://sqlalche.me/e/20/rvf5)
2026-04-27 15:44:19 | INFO     | app.services.patrol_service | === VIP车位巡检结束 ===
2026-04-27 15:44:49 | INFO     | app.services.patrol_service | === 开始VIP车位巡检 ===
2026-04-27 15:44:49 | ERROR    | app.services.external_db_service | 查询SQL Server失败, 车位=0677, 错误=(pyodbc.InterfaceError) ('IM002', '[IM002] [Microsoft][ODBC 驱动程序管理器] 未发现数据源名称并且未指定默认驱动程序 (0) (SQLDriverConnect)')
(Background on this error at: https://sqlalche.me/e/20/rvf5)
2026-04-27 15:44:49 | INFO     | app.services.patrol_service | === VIP车位巡检结束 ===
2026-04-27 15:45:19 | INFO     | app.services.patrol_service | === 开始VIP车位巡检 ===
2026-04-27 15:45:19 | ERROR    | app.services.external_db_service | 查询SQL Server失败, 车位=0677, 错误=(pyodbc.InterfaceError) ('IM002', '[IM002] [Microsoft][ODBC 驱动程序管理器] 未发现数据源名称并且未指定默认驱动程序 (0) (SQLDriverConnect)')
(Background on this error at: https://sqlalche.me/e/20/rvf5)
2026-04-27 15:45:19 | INFO     | app.services.patrol_service | === VIP车位巡检结束 ===
2026-04-27 15:45:49 | INFO     | app.services.patrol_service | === 开始VIP车位巡检 ===
2026-04-27 15:45:49 | ERROR    | app.services.external_db_service | 查询SQL Server失败, 车位=0677, 错误=(pyodbc.InterfaceError) ('IM002', '[IM002] [Microsoft][ODBC 驱动程序管理器] 未发现数据源名称并且未指定默认驱动程序 (0) (SQLDriverConnect)')
(Background on this error at: https://sqlalche.me/e/20/rvf5)
2026-04-27 15:45:49 | INFO     | app.services.patrol_service | === VIP车位巡检结束 ===
2026-04-27 15:46:19 | INFO     | app.services.patrol_service | === 开始VIP车位巡检 ===
2026-04-27 15:46:19 | ERROR    | app.services.external_db_service | 查询SQL Server失败, 车位=0677, 错误=(pyodbc.InterfaceError) ('IM002', '[IM002] [Microsoft][ODBC 驱动程序管理器] 未发现数据源名称并且未指定默认驱动程序 (0) (SQLDriverConnect)')
(Background on this error at: https://sqlalche.me/e/20/rvf5)
2026-04-27 15:46:19 | INFO     | app.services.patrol_service | === VIP车位巡检结束 ===
2026-04-27 15:46:49 | INFO     | app.services.patrol_service | === 开始VIP车位巡检 ===
2026-04-27 15:46:49 | ERROR    | app.services.external_db_service | 查询SQL Server失败, 车位=0677, 错误=(pyodbc.InterfaceError) ('IM002', '[IM002] [Microsoft][ODBC 驱动程序管理器] 未发现数据源名称并且未指定默认驱动程序 (0) (SQLDriverConnect)')
(Background on this error at: https://sqlalche.me/e/20/rvf5)
2026-04-27 15:46:49 | INFO     | app.services.patrol_service | === VIP车位巡检结束 ===
2026-04-27 15:47:19 | INFO     | app.services.patrol_service | === 开始VIP车位巡检 ===
2026-04-27 15:47:19 | ERROR    | app.services.external_db_service | 查询SQL Server失败, 车位=0677, 错误=(pyodbc.InterfaceError) ('IM002', '[IM002] [Microsoft][ODBC 驱动程序管理器] 未发现数据源名称并且未指定默认驱动程序 (0) (SQLDriverConnect)')
(Background on this error at: https://sqlalche.me/e/20/rvf5)
2026-04-27 15:47:19 | INFO     | app.services.patrol_service | === VIP车位巡检结束 ===
2026-04-27 15:47:49 | INFO     | app.services.patrol_service | === 开始VIP车位巡检 ===
2026-04-27 15:47:49 | ERROR    | app.services.external_db_service | 查询SQL Server失败, 车位=0677, 错误=(pyodbc.InterfaceError) ('IM002', '[IM002] [Microsoft][ODBC 驱动程序管理器] 未发现数据源名称并且未指定默认驱动程序 (0) (SQLDriverConnect)')
(Background on this error at: https://sqlalche.me/e/20/rvf5)
2026-04-27 15:47:49 | INFO     | app.services.patrol_service | === VIP车位巡检结束 ===
2026-04-27 15:48:19 | INFO     | app.services.patrol_service | === 开始VIP车位巡检 ===
2026-04-27 15:48:19 | ERROR    | app.services.external_db_service | 查询SQL Server失败, 车位=0677, 错误=(pyodbc.InterfaceError) ('IM002', '[IM002] [Microsoft][ODBC 驱动程序管理器] 未发现数据源名称并且未指定默认驱动程序 (0) (SQLDriverConnect)')
(Background on this error at: https://sqlalche.me/e/20/rvf5)
2026-04-27 15:48:19 | INFO     | app.services.patrol_service | === VIP车位巡检结束 ===
2026-04-27 15:48:49 | INFO     | app.services.patrol_service | === 开始VIP车位巡检 ===
2026-04-27 15:48:49 | ERROR    | app.services.external_db_service | 查询SQL Server失败, 车位=0677, 错误=(pyodbc.InterfaceError) ('IM002', '[IM002] [Microsoft][ODBC 驱动程序管理器] 未发现数据源名称并且未指定默认驱动程序 (0) (SQLDriverConnect)')
(Background on this error at: https://sqlalche.me/e/20/rvf5)
2026-04-27 15:48:49 | INFO     | app.services.patrol_service | === VIP车位巡检结束 ===
2026-04-27 15:49:19 | INFO     | app.services.patrol_service | === 开始VIP车位巡检 ===
2026-04-27 15:49:19 | ERROR    | app.services.external_db_service | 查询SQL Server失败, 车位=0677, 错误=(pyodbc.InterfaceError) ('IM002', '[IM002] [Microsoft][ODBC 驱动程序管理器] 未发现数据源名称并且未指定默认驱动程序 (0) (SQLDriverConnect)')
(Background on this error at: https://sqlalche.me/e/20/rvf5)
2026-04-27 15:49:19 | INFO     | app.services.patrol_service | === VIP车位巡检结束 ===
2026-04-27 15:49:49 | INFO     | app.services.patrol_service | === 开始VIP车位巡检 ===
2026-04-27 15:49:49 | ERROR    | app.services.external_db_service | 查询SQL Server失败, 车位=0677, 错误=(pyodbc.InterfaceError) ('IM002', '[IM002] [Microsoft][ODBC 驱动程序管理器] 未发现数据源名称并且未指定默认驱动程序 (0) (SQLDriverConnect)')
(Background on this error at: https://sqlalche.me/e/20/rvf5)
2026-04-27 15:49:49 | INFO     | app.services.patrol_service | === VIP车位巡检结束 ===
2026-04-27 15:50:19 | INFO     | app.services.patrol_service | === 开始VIP车位巡检 ===
2026-04-27 15:50:19 | ERROR    | app.services.external_db_service | 查询SQL Server失败, 车位=0677, 错误=(pyodbc.InterfaceError) ('IM002', '[IM002] [Microsoft][ODBC 驱动程序管理器] 未发现数据源名称并且未指定默认驱动程序 (0) (SQLDriverConnect)')
(Background on this error at: https://sqlalche.me/e/20/rvf5)
2026-04-27 15:50:19 | INFO     | app.services.patrol_service | === VIP车位巡检结束 ===
2026-04-27 15:50:49 | INFO     | app.services.patrol_service | === 开始VIP车位巡检 ===
2026-04-27 15:50:49 | ERROR    | app.services.external_db_service | 查询SQL Server失败, 车位=0677, 错误=(pyodbc.InterfaceError) ('IM002', '[IM002] [Microsoft][ODBC 驱动程序管理器] 未发现数据源名称并且未指定默认驱动程序 (0) (SQLDriverConnect)')
(Background on this error at: https://sqlalche.me/e/20/rvf5)
2026-04-27 15:50:49 | INFO     | app.services.patrol_service | === VIP车位巡检结束 ===
2026-04-27 15:51:19 | INFO     | app.services.patrol_service | === 开始VIP车位巡检 ===
2026-04-27 15:51:19 | ERROR    | app.services.external_db_service | 查询SQL Server失败, 车位=0677, 错误=(pyodbc.InterfaceError) ('IM002', '[IM002] [Microsoft][ODBC 驱动程序管理器] 未发现数据源名称并且未指定默认驱动程序 (0) (SQLDriverConnect)')
(Background on this error at: https://sqlalche.me/e/20/rvf5)
2026-04-27 15:51:19 | INFO     | app.services.patrol_service | === VIP车位巡检结束 ===
2026-04-27 15:51:49 | INFO     | app.services.patrol_service | === 开始VIP车位巡检 ===
2026-04-27 15:51:49 | ERROR    | app.services.external_db_service | 查询SQL Server失败, 车位=0677, 错误=(pyodbc.InterfaceError) ('IM002', '[IM002] [Microsoft][ODBC 驱动程序管理器] 未发现数据源名称并且未指定默认驱动程序 (0) (SQLDriverConnect)')
(Background on this error at: https://sqlalche.me/e/20/rvf5)
2026-04-27 15:51:49 | INFO     | app.services.patrol_service | === VIP车位巡检结束 ===
2026-04-27 15:52:19 | INFO     | app.services.patrol_service | === 开始VIP车位巡检 ===
2026-04-27 15:52:19 | ERROR    | app.services.external_db_service | 查询SQL Server失败, 车位=0677, 错误=(pyodbc.InterfaceError) ('IM002', '[IM002] [Microsoft][ODBC 驱动程序管理器] 未发现数据源名称并且未指定默认驱动程序 (0) (SQLDriverConnect)')
(Background on this error at: https://sqlalche.me/e/20/rvf5)
2026-04-27 15:52:19 | INFO     | app.services.patrol_service | === VIP车位巡检结束 ===
2026-04-27 15:52:49 | INFO     | app.services.patrol_service | === 开始VIP车位巡检 ===
2026-04-27 15:52:49 | ERROR    | app.services.external_db_service | 查询SQL Server失败, 车位=0677, 错误=(pyodbc.InterfaceError) ('IM002', '[IM002] [Microsoft][ODBC 驱动程序管理器] 未发现数据源名称并且未指定默认驱动程序 (0) (SQLDriverConnect)')
(Background on this error at: https://sqlalche.me/e/20/rvf5)
2026-04-27 15:52:49 | INFO     | app.services.patrol_service | === VIP车位巡检结束 ===
2026-04-27 15:53:19 | INFO     | app.services.patrol_service | === 开始VIP车位巡检 ===
2026-04-27 15:53:19 | ERROR    | app.services.external_db_service | 查询SQL Server失败, 车位=0677, 错误=(pyodbc.InterfaceError) ('IM002', '[IM002] [Microsoft][ODBC 驱动程序管理器] 未发现数据源名称并且未指定默认驱动程序 (0) (SQLDriverConnect)')
(Background on this error at: https://sqlalche.me/e/20/rvf5)
2026-04-27 15:53:19 | INFO     | app.services.patrol_service | === VIP车位巡检结束 ===
2026-04-27 15:53:49 | INFO     | app.services.patrol_service | === 开始VIP车位巡检 ===
2026-04-27 15:53:49 | ERROR    | app.services.external_db_service | 查询SQL Server失败, 车位=0677, 错误=(pyodbc.InterfaceError) ('IM002', '[IM002] [Microsoft][ODBC 驱动程序管理器] 未发现数据源名称并且未指定默认驱动程序 (0) (SQLDriverConnect)')
(Background on this error at: https://sqlalche.me/e/20/rvf5)
2026-04-27 15:53:49 | INFO     | app.services.patrol_service | === VIP车位巡检结束 ===
2026-04-27 15:54:19 | INFO     | app.services.patrol_service | === 开始VIP车位巡检 ===
2026-04-27 15:54:19 | ERROR    | app.services.external_db_service | 查询SQL Server失败, 车位=0677, 错误=(pyodbc.InterfaceError) ('IM002', '[IM002] [Microsoft][ODBC 驱动程序管理器] 未发现数据源名称并且未指定默认驱动程序 (0) (SQLDriverConnect)')
(Background on this error at: https://sqlalche.me/e/20/rvf5)
2026-04-27 15:54:19 | INFO     | app.services.patrol_service | === VIP车位巡检结束 ===
2026-04-27 15:54:49 | INFO     | app.services.patrol_service | === 开始VIP车位巡检 ===
2026-04-27 15:54:49 | ERROR    | app.services.external_db_service | 查询SQL Server失败, 车位=0677, 错误=(pyodbc.InterfaceError) ('IM002', '[IM002] [Microsoft][ODBC 驱动程序管理器] 未发现数据源名称并且未指定默认驱动程序 (0) (SQLDriverConnect)')
(Background on this error at: https://sqlalche.me/e/20/rvf5)
2026-04-27 15:54:49 | INFO     | app.services.patrol_service | === VIP车位巡检结束 ===
2026-04-27 15:55:19 | INFO     | app.services.patrol_service | === 开始VIP车位巡检 ===
2026-04-27 15:55:19 | ERROR    | app.services.external_db_service | 查询SQL Server失败, 车位=0677, 错误=(pyodbc.InterfaceError) ('IM002', '[IM002] [Microsoft][ODBC 驱动程序管理器] 未发现数据源名称并且未指定默认驱动程序 (0) (SQLDriverConnect)')
(Background on this error at: https://sqlalche.me/e/20/rvf5)
2026-04-27 15:55:19 | INFO     | app.services.patrol_service | === VIP车位巡检结束 ===
2026-04-27 15:55:49 | INFO     | app.services.patrol_service | === 开始VIP车位巡检 ===
2026-04-27 15:55:49 | ERROR    | app.services.external_db_service | 查询SQL Server失败, 车位=0677, 错误=(pyodbc.InterfaceError) ('IM002', '[IM002] [Microsoft][ODBC 驱动程序管理器] 未发现数据源名称并且未指定默认驱动程序 (0) (SQLDriverConnect)')
(Background on this error at: https://sqlalche.me/e/20/rvf5)
2026-04-27 15:55:49 | INFO     | app.services.patrol_service | === VIP车位巡检结束 ===
2026-04-27 15:56:19 | INFO     | app.services.patrol_service | === 开始VIP车位巡检 ===
2026-04-27 15:56:19 | ERROR    | app.services.external_db_service | 查询SQL Server失败, 车位=0677, 错误=(pyodbc.InterfaceError) ('IM002', '[IM002] [Microsoft][ODBC 驱动程序管理器] 未发现数据源名称并且未指定默认驱动程序 (0) (SQLDriverConnect)')
(Background on this error at: https://sqlalche.me/e/20/rvf5)
2026-04-27 15:56:19 | INFO     | app.services.patrol_service | === VIP车位巡检结束 ===
2026-04-27 15:56:49 | INFO     | app.services.patrol_service | === 开始VIP车位巡检 ===
2026-04-27 15:56:49 | ERROR    | app.services.external_db_service | 查询SQL Server失败, 车位=0677, 错误=(pyodbc.InterfaceError) ('IM002', '[IM002] [Microsoft][ODBC 驱动程序管理器] 未发现数据源名称并且未指定默认驱动程序 (0) (SQLDriverConnect)')
(Background on this error at: https://sqlalche.me/e/20/rvf5)
2026-04-27 15:56:49 | INFO     | app.services.patrol_service | === VIP车位巡检结束 ===
2026-04-27 15:57:19 | INFO     | app.services.patrol_service | === 开始VIP车位巡检 ===
2026-04-27 15:57:19 | ERROR    | app.services.external_db_service | 查询SQL Server失败, 车位=0677, 错误=(pyodbc.InterfaceError) ('IM002', '[IM002] [Microsoft][ODBC 驱动程序管理器] 未发现数据源名称并且未指定默认驱动程序 (0) (SQLDriverConnect)')
(Background on this error at: https://sqlalche.me/e/20/rvf5)
2026-04-27 15:57:19 | INFO     | app.services.patrol_service | === VIP车位巡检结束 ===
2026-04-27 15:57:49 | INFO     | app.services.patrol_service | === 开始VIP车位巡检 ===
2026-04-27 15:57:49 | ERROR    | app.services.external_db_service | 查询SQL Server失败, 车位=0677, 错误=(pyodbc.InterfaceError) ('IM002', '[IM002] [Microsoft][ODBC 驱动程序管理器] 未发现数据源名称并且未指定默认驱动程序 (0) (SQLDriverConnect)')
(Background on this error at: https://sqlalche.me/e/20/rvf5)
2026-04-27 15:57:49 | INFO     | app.services.patrol_service | === VIP车位巡检结束 ===
2026-04-27 15:58:19 | INFO     | app.services.patrol_service | === 开始VIP车位巡检 ===
2026-04-27 15:58:19 | ERROR    | app.services.external_db_service | 查询SQL Server失败, 车位=0677, 错误=(pyodbc.InterfaceError) ('IM002', '[IM002] [Microsoft][ODBC 驱动程序管理器] 未发现数据源名称并且未指定默认驱动程序 (0) (SQLDriverConnect)')
(Background on this error at: https://sqlalche.me/e/20/rvf5)
2026-04-27 15:58:19 | INFO     | app.services.patrol_service | === VIP车位巡检结束 ===
2026-04-27 15:58:49 | INFO     | app.services.patrol_service | === 开始VIP车位巡检 ===
2026-04-27 15:58:49 | ERROR    | app.services.external_db_service | 查询SQL Server失败, 车位=0677, 错误=(pyodbc.InterfaceError) ('IM002', '[IM002] [Microsoft][ODBC 驱动程序管理器] 未发现数据源名称并且未指定默认驱动程序 (0) (SQLDriverConnect)')
(Background on this error at: https://sqlalche.me/e/20/rvf5)
2026-04-27 15:58:49 | INFO     | app.services.patrol_service | === VIP车位巡检结束 ===
2026-04-27 15:59:19 | INFO     | app.services.patrol_service | === 开始VIP车位巡检 ===
2026-04-27 15:59:19 | ERROR    | app.services.external_db_service | 查询SQL Server失败, 车位=0677, 错误=(pyodbc.InterfaceError) ('IM002', '[IM002] [Microsoft][ODBC 驱动程序管理器] 未发现数据源名称并且未指定默认驱动程序 (0) (SQLDriverConnect)')
(Background on this error at: https://sqlalche.me/e/20/rvf5)
2026-04-27 15:59:19 | INFO     | app.services.patrol_service | === VIP车位巡检结束 ===
2026-04-27 15:59:49 | INFO     | app.services.patrol_service | === 开始VIP车位巡检 ===
2026-04-27 15:59:49 | ERROR    | app.services.external_db_service | 查询SQL Server失败, 车位=0677, 错误=(pyodbc.InterfaceError) ('IM002', '[IM002] [Microsoft][ODBC 驱动程序管理器] 未发现数据源名称并且未指定默认驱动程序 (0) (SQLDriverConnect)')
(Background on this error at: https://sqlalche.me/e/20/rvf5)
2026-04-27 15:59:49 | INFO     | app.services.patrol_service | === VIP车位巡检结束 ===
2026-04-27 16:00:19 | INFO     | app.services.patrol_service | === 开始VIP车位巡检 ===
2026-04-27 16:00:19 | ERROR    | app.services.external_db_service | 查询SQL Server失败, 车位=0677, 错误=(pyodbc.InterfaceError) ('IM002', '[IM002] [Microsoft][ODBC 驱动程序管理器] 未发现数据源名称并且未指定默认驱动程序 (0) (SQLDriverConnect)')
(Background on this error at: https://sqlalche.me/e/20/rvf5)
2026-04-27 16:00:19 | INFO     | app.services.patrol_service | === VIP车位巡检结束 ===
2026-04-27 16:00:49 | INFO     | app.services.patrol_service | === 开始VIP车位巡检 ===
2026-04-27 16:00:49 | ERROR    | app.services.external_db_service | 查询SQL Server失败, 车位=0677, 错误=(pyodbc.InterfaceError) ('IM002', '[IM002] [Microsoft][ODBC 驱动程序管理器] 未发现数据源名称并且未指定默认驱动程序 (0) (SQLDriverConnect)')
(Background on this error at: https://sqlalche.me/e/20/rvf5)
2026-04-27 16:00:49 | INFO     | app.services.patrol_service | === VIP车位巡检结束 ===
2026-04-27 16:01:19 | INFO     | app.services.patrol_service | === 开始VIP车位巡检 ===
2026-04-27 16:01:19 | ERROR    | app.services.external_db_service | 查询SQL Server失败, 车位=0677, 错误=(pyodbc.InterfaceError) ('IM002', '[IM002] [Microsoft][ODBC 驱动程序管理器] 未发现数据源名称并且未指定默认驱动程序 (0) (SQLDriverConnect)')
(Background on this error at: https://sqlalche.me/e/20/rvf5)
2026-04-27 16:01:19 | INFO     | app.services.patrol_service | === VIP车位巡检结束 ===
2026-04-27 16:01:49 | INFO     | app.services.patrol_service | === 开始VIP车位巡检 ===
2026-04-27 16:01:49 | ERROR    | app.services.external_db_service | 查询SQL Server失败, 车位=0677, 错误=(pyodbc.InterfaceError) ('IM002', '[IM002] [Microsoft][ODBC 驱动程序管理器] 未发现数据源名称并且未指定默认驱动程序 (0) (SQLDriverConnect)')
(Background on this error at: https://sqlalche.me/e/20/rvf5)
2026-04-27 16:01:49 | INFO     | app.services.patrol_service | === VIP车位巡检结束 ===
2026-04-27 16:02:19 | INFO     | app.services.patrol_service | === 开始VIP车位巡检 ===
2026-04-27 16:02:19 | ERROR    | app.services.external_db_service | 查询SQL Server失败, 车位=0677, 错误=(pyodbc.InterfaceError) ('IM002', '[IM002] [Microsoft][ODBC 驱动程序管理器] 未发现数据源名称并且未指定默认驱动程序 (0) (SQLDriverConnect)')
(Background on this error at: https://sqlalche.me/e/20/rvf5)
2026-04-27 16:02:19 | INFO     | app.services.patrol_service | === VIP车位巡检结束 ===
2026-04-27 16:02:49 | INFO     | app.services.patrol_service | === 开始VIP车位巡检 ===
2026-04-27 16:02:49 | ERROR    | app.services.external_db_service | 查询SQL Server失败, 车位=0677, 错误=(pyodbc.InterfaceError) ('IM002', '[IM002] [Microsoft][ODBC 驱动程序管理器] 未发现数据源名称并且未指定默认驱动程序 (0) (SQLDriverConnect)')
(Background on this error at: https://sqlalche.me/e/20/rvf5)
2026-04-27 16:02:49 | INFO     | app.services.patrol_service | === VIP车位巡检结束 ===
2026-04-27 16:03:19 | INFO     | app.services.patrol_service | === 开始VIP车位巡检 ===
2026-04-27 16:03:19 | ERROR    | app.services.external_db_service | 查询SQL Server失败, 车位=0677, 错误=(pyodbc.InterfaceError) ('IM002', '[IM002] [Microsoft][ODBC 驱动程序管理器] 未发现数据源名称并且未指定默认驱动程序 (0) (SQLDriverConnect)')
(Background on this error at: https://sqlalche.me/e/20/rvf5)
2026-04-27 16:03:19 | INFO     | app.services.patrol_service | === VIP车位巡检结束 ===
2026-04-27 16:03:49 | INFO     | app.services.patrol_service | === 开始VIP车位巡检 ===
2026-04-27 16:03:49 | ERROR    | app.services.external_db_service | 查询SQL Server失败, 车位=0677, 错误=(pyodbc.InterfaceError) ('IM002', '[IM002] [Microsoft][ODBC 驱动程序管理器] 未发现数据源名称并且未指定默认驱动程序 (0) (SQLDriverConnect)')
(Background on this error at: https://sqlalche.me/e/20/rvf5)
2026-04-27 16:03:49 | INFO     | app.services.patrol_service | === VIP车位巡检结束 ===
2026-04-27 16:04:19 | INFO     | app.services.patrol_service | === 开始VIP车位巡检 ===
2026-04-27 16:04:19 | ERROR    | app.services.external_db_service | 查询SQL Server失败, 车位=0677, 错误=(pyodbc.InterfaceError) ('IM002', '[IM002] [Microsoft][ODBC 驱动程序管理器] 未发现数据源名称并且未指定默认驱动程序 (0) (SQLDriverConnect)')
(Background on this error at: https://sqlalche.me/e/20/rvf5)
2026-04-27 16:04:19 | INFO     | app.services.patrol_service | === VIP车位巡检结束 ===
2026-04-27 16:04:49 | INFO     | app.services.patrol_service | === 开始VIP车位巡检 ===
2026-04-27 16:04:49 | ERROR    | app.services.external_db_service | 查询SQL Server失败, 车位=0677, 错误=(pyodbc.InterfaceError) ('IM002', '[IM002] [Microsoft][ODBC 驱动程序管理器] 未发现数据源名称并且未指定默认驱动程序 (0) (SQLDriverConnect)')
(Background on this error at: https://sqlalche.me/e/20/rvf5)
2026-04-27 16:04:49 | INFO     | app.services.patrol_service | === VIP车位巡检结束 ===
2026-04-27 16:05:19 | INFO     | app.services.patrol_service | === 开始VIP车位巡检 ===
2026-04-27 16:05:19 | ERROR    | app.services.external_db_service | 查询SQL Server失败, 车位=0677, 错误=(pyodbc.InterfaceError) ('IM002', '[IM002] [Microsoft][ODBC 驱动程序管理器] 未发现数据源名称并且未指定默认驱动程序 (0) (SQLDriverConnect)')
(Background on this error at: https://sqlalche.me/e/20/rvf5)
2026-04-27 16:05:19 | INFO     | app.services.patrol_service | === VIP车位巡检结束 ===
2026-04-27 16:05:49 | INFO     | app.services.patrol_service | === 开始VIP车位巡检 ===
2026-04-27 16:05:49 | ERROR    | app.services.external_db_service | 查询SQL Server失败, 车位=0677, 错误=(pyodbc.InterfaceError) ('IM002', '[IM002] [Microsoft][ODBC 驱动程序管理器] 未发现数据源名称并且未指定默认驱动程序 (0) (SQLDriverConnect)')
(Background on this error at: https://sqlalche.me/e/20/rvf5)
2026-04-27 16:05:49 | INFO     | app.services.patrol_service | === VIP车位巡检结束 ===
2026-04-27 16:06:19 | INFO     | app.services.patrol_service | === 开始VIP车位巡检 ===
2026-04-27 16:06:19 | ERROR    | app.services.external_db_service | 查询SQL Server失败, 车位=0677, 错误=(pyodbc.InterfaceError) ('IM002', '[IM002] [Microsoft][ODBC 驱动程序管理器] 未发现数据源名称并且未指定默认驱动程序 (0) (SQLDriverConnect)')
(Background on this error at: https://sqlalche.me/e/20/rvf5)
2026-04-27 16:06:19 | INFO     | app.services.patrol_service | === VIP车位巡检结束 ===
2026-04-27 16:06:49 | INFO     | app.services.patrol_service | === 开始VIP车位巡检 ===
2026-04-27 16:06:49 | ERROR    | app.services.external_db_service | 查询SQL Server失败, 车位=0677, 错误=(pyodbc.InterfaceError) ('IM002', '[IM002] [Microsoft][ODBC 驱动程序管理器] 未发现数据源名称并且未指定默认驱动程序 (0) (SQLDriverConnect)')
(Background on this error at: https://sqlalche.me/e/20/rvf5)
2026-04-27 16:06:49 | INFO     | app.services.patrol_service | === VIP车位巡检结束 ===
2026-04-27 16:07:19 | INFO     | app.services.patrol_service | === 开始VIP车位巡检 ===
2026-04-27 16:07:19 | ERROR    | app.services.external_db_service | 查询SQL Server失败, 车位=0677, 错误=(pyodbc.InterfaceError) ('IM002', '[IM002] [Microsoft][ODBC 驱动程序管理器] 未发现数据源名称并且未指定默认驱动程序 (0) (SQLDriverConnect)')
(Background on this error at: https://sqlalche.me/e/20/rvf5)
2026-04-27 16:07:19 | INFO     | app.services.patrol_service | === VIP车位巡检结束 ===
2026-04-27 16:07:49 | INFO     | app.services.patrol_service | === 开始VIP车位巡检 ===
2026-04-27 16:07:49 | ERROR    | app.services.external_db_service | 查询SQL Server失败, 车位=0677, 错误=(pyodbc.InterfaceError) ('IM002', '[IM002] [Microsoft][ODBC 驱动程序管理器] 未发现数据源名称并且未指定默认驱动程序 (0) (SQLDriverConnect)')
(Background on this error at: https://sqlalche.me/e/20/rvf5)
2026-04-27 16:07:49 | INFO     | app.services.patrol_service | === VIP车位巡检结束 ===
2026-04-27 16:08:19 | INFO     | app.services.patrol_service | === 开始VIP车位巡检 ===
2026-04-27 16:08:19 | ERROR    | app.services.external_db_service | 查询SQL Server失败, 车位=0677, 错误=(pyodbc.InterfaceError) ('IM002', '[IM002] [Microsoft][ODBC 驱动程序管理器] 未发现数据源名称并且未指定默认驱动程序 (0) (SQLDriverConnect)')
(Background on this error at: https://sqlalche.me/e/20/rvf5)
2026-04-27 16:08:19 | INFO     | app.services.patrol_service | === VIP车位巡检结束 ===
2026-04-27 16:08:49 | INFO     | app.services.patrol_service | === 开始VIP车位巡检 ===
2026-04-27 16:08:49 | ERROR    | app.services.external_db_service | 查询SQL Server失败, 车位=0677, 错误=(pyodbc.InterfaceError) ('IM002', '[IM002] [Microsoft][ODBC 驱动程序管理器] 未发现数据源名称并且未指定默认驱动程序 (0) (SQLDriverConnect)')
(Background on this error at: https://sqlalche.me/e/20/rvf5)
2026-04-27 16:08:49 | INFO     | app.services.patrol_service | === VIP车位巡检结束 ===
2026-04-27 16:09:19 | INFO     | app.services.patrol_service | === 开始VIP车位巡检 ===
2026-04-27 16:09:19 | ERROR    | app.services.external_db_service | 查询SQL Server失败, 车位=0677, 错误=(pyodbc.InterfaceError) ('IM002', '[IM002] [Microsoft][ODBC 驱动程序管理器] 未发现数据源名称并且未指定默认驱动程序 (0) (SQLDriverConnect)')
(Background on this error at: https://sqlalche.me/e/20/rvf5)
2026-04-27 16:09:19 | INFO     | app.services.patrol_service | === VIP车位巡检结束 ===
2026-04-27 16:09:49 | INFO     | app.services.patrol_service | === 开始VIP车位巡检 ===
2026-04-27 16:09:49 | ERROR    | app.services.external_db_service | 查询SQL Server失败, 车位=0677, 错误=(pyodbc.InterfaceError) ('IM002', '[IM002] [Microsoft][ODBC 驱动程序管理器] 未发现数据源名称并且未指定默认驱动程序 (0) (SQLDriverConnect)')
(Background on this error at: https://sqlalche.me/e/20/rvf5)
2026-04-27 16:09:49 | INFO     | app.services.patrol_service | === VIP车位巡检结束 ===
2026-04-27 16:10:19 | INFO     | app.services.patrol_service | === 开始VIP车位巡检 ===
2026-04-27 16:10:19 | ERROR    | app.services.external_db_service | 查询SQL Server失败, 车位=0677, 错误=(pyodbc.InterfaceError) ('IM002', '[IM002] [Microsoft][ODBC 驱动程序管理器] 未发现数据源名称并且未指定默认驱动程序 (0) (SQLDriverConnect)')
(Background on this error at: https://sqlalche.me/e/20/rvf5)
2026-04-27 16:10:19 | INFO     | app.services.patrol_service | === VIP车位巡检结束 ===
2026-04-27 16:10:49 | INFO     | app.services.patrol_service | === 开始VIP车位巡检 ===
2026-04-27 16:10:49 | ERROR    | app.services.external_db_service | 查询SQL Server失败, 车位=0677, 错误=(pyodbc.InterfaceError) ('IM002', '[IM002] [Microsoft][ODBC 驱动程序管理器] 未发现数据源名称并且未指定默认驱动程序 (0) (SQLDriverConnect)')
(Background on this error at: https://sqlalche.me/e/20/rvf5)
2026-04-27 16:10:49 | INFO     | app.services.patrol_service | === VIP车位巡检结束 ===
2026-04-27 16:11:19 | INFO     | app.services.patrol_service | === 开始VIP车位巡检 ===
2026-04-27 16:11:19 | ERROR    | app.services.external_db_service | 查询SQL Server失败, 车位=0677, 错误=(pyodbc.InterfaceError) ('IM002', '[IM002] [Microsoft][ODBC 驱动程序管理器] 未发现数据源名称并且未指定默认驱动程序 (0) (SQLDriverConnect)')
(Background on this error at: https://sqlalche.me/e/20/rvf5)
2026-04-27 16:11:19 | INFO     | app.services.patrol_service | === VIP车位巡检结束 ===
2026-04-27 16:11:49 | INFO     | app.services.patrol_service | === 开始VIP车位巡检 ===
2026-04-27 16:11:49 | ERROR    | app.services.external_db_service | 查询SQL Server失败, 车位=0677, 错误=(pyodbc.InterfaceError) ('IM002', '[IM002] [Microsoft][ODBC 驱动程序管理器] 未发现数据源名称并且未指定默认驱动程序 (0) (SQLDriverConnect)')
(Background on this error at: https://sqlalche.me/e/20/rvf5)
2026-04-27 16:11:49 | INFO     | app.services.patrol_service | === VIP车位巡检结束 ===
2026-04-27 16:12:19 | INFO     | app.services.patrol_service | === 开始VIP车位巡检 ===
2026-04-27 16:12:19 | ERROR    | app.services.external_db_service | 查询SQL Server失败, 车位=0677, 错误=(pyodbc.InterfaceError) ('IM002', '[IM002] [Microsoft][ODBC 驱动程序管理器] 未发现数据源名称并且未指定默认驱动程序 (0) (SQLDriverConnect)')
(Background on this error at: https://sqlalche.me/e/20/rvf5)
2026-04-27 16:12:19 | INFO     | app.services.patrol_service | === VIP车位巡检结束 ===
2026-04-27 16:12:49 | INFO     | app.services.patrol_service | === 开始VIP车位巡检 ===
2026-04-27 16:12:49 | ERROR    | app.services.external_db_service | 查询SQL Server失败, 车位=0677, 错误=(pyodbc.InterfaceError) ('IM002', '[IM002] [Microsoft][ODBC 驱动程序管理器] 未发现数据源名称并且未指定默认驱动程序 (0) (SQLDriverConnect)')
(Background on this error at: https://sqlalche.me/e/20/rvf5)
2026-04-27 16:12:49 | INFO     | app.services.patrol_service | === VIP车位巡检结束 ===
2026-04-27 16:13:19 | INFO     | app.services.patrol_service | === 开始VIP车位巡检 ===
2026-04-27 16:13:19 | ERROR    | app.services.external_db_service | 查询SQL Server失败, 车位=0677, 错误=(pyodbc.InterfaceError) ('IM002', '[IM002] [Microsoft][ODBC 驱动程序管理器] 未发现数据源名称并且未指定默认驱动程序 (0) (SQLDriverConnect)')
(Background on this error at: https://sqlalche.me/e/20/rvf5)
2026-04-27 16:13:19 | INFO     | app.services.patrol_service | === VIP车位巡检结束 ===
2026-04-27 16:13:49 | INFO     | app.services.patrol_service | === 开始VIP车位巡检 ===
2026-04-27 16:13:49 | ERROR    | app.services.external_db_service | 查询SQL Server失败, 车位=0677, 错误=(pyodbc.InterfaceError) ('IM002', '[IM002] [Microsoft][ODBC 驱动程序管理器] 未发现数据源名称并且未指定默认驱动程序 (0) (SQLDriverConnect)')
(Background on this error at: https://sqlalche.me/e/20/rvf5)
2026-04-27 16:13:49 | INFO     | app.services.patrol_service | === VIP车位巡检结束 ===
2026-04-27 16:14:19 | INFO     | app.services.patrol_service | === 开始VIP车位巡检 ===
2026-04-27 16:14:19 | ERROR    | app.services.external_db_service | 查询SQL Server失败, 车位=0677, 错误=(pyodbc.InterfaceError) ('IM002', '[IM002] [Microsoft][ODBC 驱动程序管理器] 未发现数据源名称并且未指定默认驱动程序 (0) (SQLDriverConnect)')
(Background on this error at: https://sqlalche.me/e/20/rvf5)
2026-04-27 16:14:19 | INFO     | app.services.patrol_service | === VIP车位巡检结束 ===
2026-04-27 16:14:49 | INFO     | app.services.patrol_service | === 开始VIP车位巡检 ===
2026-04-27 16:14:49 | ERROR    | app.services.external_db_service | 查询SQL Server失败, 车位=0677, 错误=(pyodbc.InterfaceError) ('IM002', '[IM002] [Microsoft][ODBC 驱动程序管理器] 未发现数据源名称并且未指定默认驱动程序 (0) (SQLDriverConnect)')
(Background on this error at: https://sqlalche.me/e/20/rvf5)
2026-04-27 16:14:49 | INFO     | app.services.patrol_service | === VIP车位巡检结束 ===
2026-04-27 16:15:19 | INFO     | app.services.patrol_service | === 开始VIP车位巡检 ===
2026-04-27 16:15:19 | ERROR    | app.services.external_db_service | 查询SQL Server失败, 车位=0677, 错误=(pyodbc.InterfaceError) ('IM002', '[IM002] [Microsoft][ODBC 驱动程序管理器] 未发现数据源名称并且未指定默认驱动程序 (0) (SQLDriverConnect)')
(Background on this error at: https://sqlalche.me/e/20/rvf5)
2026-04-27 16:15:19 | INFO     | app.services.patrol_service | === VIP车位巡检结束 ===
2026-04-27 16:15:49 | INFO     | app.services.patrol_service | === 开始VIP车位巡检 ===
2026-04-27 16:15:49 | ERROR    | app.services.external_db_service | 查询SQL Server失败, 车位=0677, 错误=(pyodbc.InterfaceError) ('IM002', '[IM002] [Microsoft][ODBC 驱动程序管理器] 未发现数据源名称并且未指定默认驱动程序 (0) (SQLDriverConnect)')
(Background on this error at: https://sqlalche.me/e/20/rvf5)
2026-04-27 16:15:49 | INFO     | app.services.patrol_service | === VIP车位巡检结束 ===
2026-04-27 16:16:19 | INFO     | app.services.patrol_service | === 开始VIP车位巡检 ===
2026-04-27 16:16:19 | ERROR    | app.services.external_db_service | 查询SQL Server失败, 车位=0677, 错误=(pyodbc.InterfaceError) ('IM002', '[IM002] [Microsoft][ODBC 驱动程序管理器] 未发现数据源名称并且未指定默认驱动程序 (0) (SQLDriverConnect)')
(Background on this error at: https://sqlalche.me/e/20/rvf5)
2026-04-27 16:16:19 | INFO     | app.services.patrol_service | === VIP车位巡检结束 ===
2026-04-27 16:16:49 | INFO     | app.services.patrol_service | === 开始VIP车位巡检 ===
2026-04-27 16:16:49 | ERROR    | app.services.external_db_service | 查询SQL Server失败, 车位=0677, 错误=(pyodbc.InterfaceError) ('IM002', '[IM002] [Microsoft][ODBC 驱动程序管理器] 未发现数据源名称并且未指定默认驱动程序 (0) (SQLDriverConnect)')
(Background on this error at: https://sqlalche.me/e/20/rvf5)
2026-04-27 16:16:49 | INFO     | app.services.patrol_service | === VIP车位巡检结束 ===
2026-04-27 16:17:19 | INFO     | app.services.patrol_service | === 开始VIP车位巡检 ===
2026-04-27 16:17:19 | ERROR    | app.services.external_db_service | 查询SQL Server失败, 车位=0677, 错误=(pyodbc.InterfaceError) ('IM002', '[IM002] [Microsoft][ODBC 驱动程序管理器] 未发现数据源名称并且未指定默认驱动程序 (0) (SQLDriverConnect)')
(Background on this error at: https://sqlalche.me/e/20/rvf5)
2026-04-27 16:17:19 | INFO     | app.services.patrol_service | === VIP车位巡检结束 ===
2026-04-27 16:17:49 | INFO     | app.services.patrol_service | === 开始VIP车位巡检 ===
2026-04-27 16:17:49 | ERROR    | app.services.external_db_service | 查询SQL Server失败, 车位=0677, 错误=(pyodbc.InterfaceError) ('IM002', '[IM002] [Microsoft][ODBC 驱动程序管理器] 未发现数据源名称并且未指定默认驱动程序 (0) (SQLDriverConnect)')
(Background on this error at: https://sqlalche.me/e/20/rvf5)
2026-04-27 16:17:49 | INFO     | app.services.patrol_service | === VIP车位巡检结束 ===
2026-04-27 16:18:19 | INFO     | app.services.patrol_service | === 开始VIP车位巡检 ===
2026-04-27 16:18:19 | ERROR    | app.services.external_db_service | 查询SQL Server失败, 车位=0677, 错误=(pyodbc.InterfaceError) ('IM002', '[IM002] [Microsoft][ODBC 驱动程序管理器] 未发现数据源名称并且未指定默认驱动程序 (0) (SQLDriverConnect)')
(Background on this error at: https://sqlalche.me/e/20/rvf5)
2026-04-27 16:18:19 | INFO     | app.services.patrol_service | === VIP车位巡检结束 ===
2026-04-27 16:18:49 | INFO     | app.services.patrol_service | === 开始VIP车位巡检 ===
2026-04-27 16:18:49 | ERROR    | app.services.external_db_service | 查询SQL Server失败, 车位=0677, 错误=(pyodbc.InterfaceError) ('IM002', '[IM002] [Microsoft][ODBC 驱动程序管理器] 未发现数据源名称并且未指定默认驱动程序 (0) (SQLDriverConnect)')
(Background on this error at: https://sqlalche.me/e/20/rvf5)
2026-04-27 16:18:49 | INFO     | app.services.patrol_service | === VIP车位巡检结束 ===
2026-04-27 16:19:19 | INFO     | app.services.patrol_service | === 开始VIP车位巡检 ===
2026-04-27 16:19:19 | ERROR    | app.services.external_db_service | 查询SQL Server失败, 车位=0677, 错误=(pyodbc.InterfaceError) ('IM002', '[IM002] [Microsoft][ODBC 驱动程序管理器] 未发现数据源名称并且未指定默认驱动程序 (0) (SQLDriverConnect)')
(Background on this error at: https://sqlalche.me/e/20/rvf5)
2026-04-27 16:19:19 | INFO     | app.services.patrol_service | === VIP车位巡检结束 ===
2026-04-27 16:19:49 | INFO     | app.services.patrol_service | === 开始VIP车位巡检 ===
2026-04-27 16:19:49 | ERROR    | app.services.external_db_service | 查询SQL Server失败, 车位=0677, 错误=(pyodbc.InterfaceError) ('IM002', '[IM002] [Microsoft][ODBC 驱动程序管理器] 未发现数据源名称并且未指定默认驱动程序 (0) (SQLDriverConnect)')
(Background on this error at: https://sqlalche.me/e/20/rvf5)
2026-04-27 16:19:49 | INFO     | app.services.patrol_service | === VIP车位巡检结束 ===
2026-04-27 16:20:19 | INFO     | app.services.patrol_service | === 开始VIP车位巡检 ===
2026-04-27 16:20:19 | ERROR    | app.services.external_db_service | 查询SQL Server失败, 车位=0677, 错误=(pyodbc.InterfaceError) ('IM002', '[IM002] [Microsoft][ODBC 驱动程序管理器] 未发现数据源名称并且未指定默认驱动程序 (0) (SQLDriverConnect)')
(Background on this error at: https://sqlalche.me/e/20/rvf5)
2026-04-27 16:20:19 | INFO     | app.services.patrol_service | === VIP车位巡检结束 ===
2026-04-27 16:20:49 | INFO     | app.services.patrol_service | === 开始VIP车位巡检 ===
2026-04-27 16:20:49 | ERROR    | app.services.external_db_service | 查询SQL Server失败, 车位=0677, 错误=(pyodbc.InterfaceError) ('IM002', '[IM002] [Microsoft][ODBC 驱动程序管理器] 未发现数据源名称并且未指定默认驱动程序 (0) (SQLDriverConnect)')
(Background on this error at: https://sqlalche.me/e/20/rvf5)
2026-04-27 16:20:49 | INFO     | app.services.patrol_service | === VIP车位巡检结束 ===
2026-04-27 16:21:19 | INFO     | app.services.patrol_service | === 开始VIP车位巡检 ===
2026-04-27 16:21:19 | ERROR    | app.services.external_db_service | 查询SQL Server失败, 车位=0677, 错误=(pyodbc.InterfaceError) ('IM002', '[IM002] [Microsoft][ODBC 驱动程序管理器] 未发现数据源名称并且未指定默认驱动程序 (0) (SQLDriverConnect)')
(Background on this error at: https://sqlalche.me/e/20/rvf5)
2026-04-27 16:21:19 | INFO     | app.services.patrol_service | === VIP车位巡检结束 ===
2026-04-27 16:21:49 | INFO     | app.services.patrol_service | === 开始VIP车位巡检 ===
2026-04-27 16:21:49 | ERROR    | app.services.external_db_service | 查询SQL Server失败, 车位=0677, 错误=(pyodbc.InterfaceError) ('IM002', '[IM002] [Microsoft][ODBC 驱动程序管理器] 未发现数据源名称并且未指定默认驱动程序 (0) (SQLDriverConnect)')
(Background on this error at: https://sqlalche.me/e/20/rvf5)
2026-04-27 16:21:49 | INFO     | app.services.patrol_service | === VIP车位巡检结束 ===
2026-04-27 16:22:19 | INFO     | app.services.patrol_service | === 开始VIP车位巡检 ===
2026-04-27 16:22:19 | ERROR    | app.services.external_db_service | 查询SQL Server失败, 车位=0677, 错误=(pyodbc.InterfaceError) ('IM002', '[IM002] [Microsoft][ODBC 驱动程序管理器] 未发现数据源名称并且未指定默认驱动程序 (0) (SQLDriverConnect)')
(Background on this error at: https://sqlalche.me/e/20/rvf5)
2026-04-27 16:22:19 | INFO     | app.services.patrol_service | === VIP车位巡检结束 ===
2026-04-27 16:22:49 | INFO     | app.services.patrol_service | === 开始VIP车位巡检 ===
2026-04-27 16:22:49 | ERROR    | app.services.external_db_service | 查询SQL Server失败, 车位=0677, 错误=(pyodbc.InterfaceError) ('IM002', '[IM002] [Microsoft][ODBC 驱动程序管理器] 未发现数据源名称并且未指定默认驱动程序 (0) (SQLDriverConnect)')
(Background on this error at: https://sqlalche.me/e/20/rvf5)
2026-04-27 16:22:49 | INFO     | app.services.patrol_service | === VIP车位巡检结束 ===
2026-04-27 16:23:19 | INFO     | app.services.patrol_service | === 开始VIP车位巡检 ===
2026-04-27 16:23:19 | ERROR    | app.services.external_db_service | 查询SQL Server失败, 车位=0677, 错误=(pyodbc.InterfaceError) ('IM002', '[IM002] [Microsoft][ODBC 驱动程序管理器] 未发现数据源名称并且未指定默认驱动程序 (0) (SQLDriverConnect)')
(Background on this error at: https://sqlalche.me/e/20/rvf5)
2026-04-27 16:23:19 | INFO     | app.services.patrol_service | === VIP车位巡检结束 ===
2026-04-27 16:23:49 | INFO     | app.services.patrol_service | === 开始VIP车位巡检 ===
2026-04-27 16:23:49 | ERROR    | app.services.external_db_service | 查询SQL Server失败, 车位=0677, 错误=(pyodbc.InterfaceError) ('IM002', '[IM002] [Microsoft][ODBC 驱动程序管理器] 未发现数据源名称并且未指定默认驱动程序 (0) (SQLDriverConnect)')
(Background on this error at: https://sqlalche.me/e/20/rvf5)
2026-04-27 16:23:49 | INFO     | app.services.patrol_service | === VIP车位巡检结束 ===
2026-04-27 16:24:19 | INFO     | app.services.patrol_service | === 开始VIP车位巡检 ===
2026-04-27 16:24:19 | ERROR    | app.services.external_db_service | 查询SQL Server失败, 车位=0677, 错误=(pyodbc.InterfaceError) ('IM002', '[IM002] [Microsoft][ODBC 驱动程序管理器] 未发现数据源名称并且未指定默认驱动程序 (0) (SQLDriverConnect)')
(Background on this error at: https://sqlalche.me/e/20/rvf5)
2026-04-27 16:24:19 | INFO     | app.services.patrol_service | === VIP车位巡检结束 ===
2026-04-27 16:24:49 | INFO     | app.services.patrol_service | === 开始VIP车位巡检 ===
2026-04-27 16:24:49 | ERROR    | app.services.external_db_service | 查询SQL Server失败, 车位=0677, 错误=(pyodbc.InterfaceError) ('IM002', '[IM002] [Microsoft][ODBC 驱动程序管理器] 未发现数据源名称并且未指定默认驱动程序 (0) (SQLDriverConnect)')
(Background on this error at: https://sqlalche.me/e/20/rvf5)
2026-04-27 16:24:49 | INFO     | app.services.patrol_service | === VIP车位巡检结束 ===
2026-04-27 16:25:19 | INFO     | app.services.patrol_service | === 开始VIP车位巡检 ===
2026-04-27 16:25:19 | ERROR    | app.services.external_db_service | 查询SQL Server失败, 车位=0677, 错误=(pyodbc.InterfaceError) ('IM002', '[IM002] [Microsoft][ODBC 驱动程序管理器] 未发现数据源名称并且未指定默认驱动程序 (0) (SQLDriverConnect)')
(Background on this error at: https://sqlalche.me/e/20/rvf5)
2026-04-27 16:25:19 | INFO     | app.services.patrol_service | === VIP车位巡检结束 ===
2026-04-27 16:25:49 | INFO     | app.services.patrol_service | === 开始VIP车位巡检 ===
2026-04-27 16:25:49 | ERROR    | app.services.external_db_service | 查询SQL Server失败, 车位=0677, 错误=(pyodbc.InterfaceError) ('IM002', '[IM002] [Microsoft][ODBC 驱动程序管理器] 未发现数据源名称并且未指定默认驱动程序 (0) (SQLDriverConnect)')
(Background on this error at: https://sqlalche.me/e/20/rvf5)
2026-04-27 16:25:49 | INFO     | app.services.patrol_service | === VIP车位巡检结束 ===
2026-04-27 16:26:19 | INFO     | app.services.patrol_service | === 开始VIP车位巡检 ===
2026-04-27 16:26:19 | ERROR    | app.services.external_db_service | 查询SQL Server失败, 车位=0677, 错误=(pyodbc.InterfaceError) ('IM002', '[IM002] [Microsoft][ODBC 驱动程序管理器] 未发现数据源名称并且未指定默认驱动程序 (0) (SQLDriverConnect)')
(Background on this error at: https://sqlalche.me/e/20/rvf5)
2026-04-27 16:26:19 | INFO     | app.services.patrol_service | === VIP车位巡检结束 ===
2026-04-27 16:26:49 | INFO     | app.services.patrol_service | === 开始VIP车位巡检 ===
2026-04-27 16:26:49 | ERROR    | app.services.external_db_service | 查询SQL Server失败, 车位=0677, 错误=(pyodbc.InterfaceError) ('IM002', '[IM002] [Microsoft][ODBC 驱动程序管理器] 未发现数据源名称并且未指定默认驱动程序 (0) (SQLDriverConnect)')
(Background on this error at: https://sqlalche.me/e/20/rvf5)
2026-04-27 16:26:49 | INFO     | app.services.patrol_service | === VIP车位巡检结束 ===
2026-04-27 16:27:19 | INFO     | app.services.patrol_service | === 开始VIP车位巡检 ===
2026-04-27 16:27:19 | ERROR    | app.services.external_db_service | 查询SQL Server失败, 车位=0677, 错误=(pyodbc.InterfaceError) ('IM002', '[IM002] [Microsoft][ODBC 驱动程序管理器] 未发现数据源名称并且未指定默认驱动程序 (0) (SQLDriverConnect)')
(Background on this error at: https://sqlalche.me/e/20/rvf5)
2026-04-27 16:27:19 | INFO     | app.services.patrol_service | === VIP车位巡检结束 ===
2026-04-27 16:27:49 | INFO     | app.services.patrol_service | === 开始VIP车位巡检 ===
2026-04-27 16:27:49 | ERROR    | app.services.external_db_service | 查询SQL Server失败, 车位=0677, 错误=(pyodbc.InterfaceError) ('IM002', '[IM002] [Microsoft][ODBC 驱动程序管理器] 未发现数据源名称并且未指定默认驱动程序 (0) (SQLDriverConnect)')
(Background on this error at: https://sqlalche.me/e/20/rvf5)
2026-04-27 16:27:49 | INFO     | app.services.patrol_service | === VIP车位巡检结束 ===
2026-04-27 16:28:19 | INFO     | app.services.patrol_service | === 开始VIP车位巡检 ===
2026-04-27 16:28:19 | ERROR    | app.services.external_db_service | 查询SQL Server失败, 车位=0677, 错误=(pyodbc.InterfaceError) ('IM002', '[IM002] [Microsoft][ODBC 驱动程序管理器] 未发现数据源名称并且未指定默认驱动程序 (0) (SQLDriverConnect)')
(Background on this error at: https://sqlalche.me/e/20/rvf5)
2026-04-27 16:28:19 | INFO     | app.services.patrol_service | === VIP车位巡检结束 ===
2026-04-27 16:28:49 | INFO     | app.services.patrol_service | === 开始VIP车位巡检 ===
2026-04-27 16:28:49 | ERROR    | app.services.external_db_service | 查询SQL Server失败, 车位=0677, 错误=(pyodbc.InterfaceError) ('IM002', '[IM002] [Microsoft][ODBC 驱动程序管理器] 未发现数据源名称并且未指定默认驱动程序 (0) (SQLDriverConnect)')
(Background on this error at: https://sqlalche.me/e/20/rvf5)
2026-04-27 16:28:49 | INFO     | app.services.patrol_service | === VIP车位巡检结束 ===
2026-04-27 16:29:19 | INFO     | app.services.patrol_service | === 开始VIP车位巡检 ===
2026-04-27 16:29:19 | ERROR    | app.services.external_db_service | 查询SQL Server失败, 车位=0677, 错误=(pyodbc.InterfaceError) ('IM002', '[IM002] [Microsoft][ODBC 驱动程序管理器] 未发现数据源名称并且未指定默认驱动程序 (0) (SQLDriverConnect)')
(Background on this error at: https://sqlalche.me/e/20/rvf5)
2026-04-27 16:29:19 | INFO     | app.services.patrol_service | === VIP车位巡检结束 ===
2026-04-27 16:29:49 | INFO     | app.services.patrol_service | === 开始VIP车位巡检 ===
2026-04-27 16:29:49 | ERROR    | app.services.external_db_service | 查询SQL Server失败, 车位=0677, 错误=(pyodbc.InterfaceError) ('IM002', '[IM002] [Microsoft][ODBC 驱动程序管理器] 未发现数据源名称并且未指定默认驱动程序 (0) (SQLDriverConnect)')
(Background on this error at: https://sqlalche.me/e/20/rvf5)
2026-04-27 16:29:49 | INFO     | app.services.patrol_service | === VIP车位巡检结束 ===
2026-04-27 16:30:19 | INFO     | app.services.patrol_service | === 开始VIP车位巡检 ===
2026-04-27 16:30:19 | ERROR    | app.services.external_db_service | 查询SQL Server失败, 车位=0677, 错误=(pyodbc.InterfaceError) ('IM002', '[IM002] [Microsoft][ODBC 驱动程序管理器] 未发现数据源名称并且未指定默认驱动程序 (0) (SQLDriverConnect)')
(Background on this error at: https://sqlalche.me/e/20/rvf5)
2026-04-27 16:30:19 | INFO     | app.services.patrol_service | === VIP车位巡检结束 ===
2026-04-27 16:30:49 | INFO     | app.services.patrol_service | === 开始VIP车位巡检 ===
2026-04-27 16:30:49 | ERROR    | app.services.external_db_service | 查询SQL Server失败, 车位=0677, 错误=(pyodbc.InterfaceError) ('IM002', '[IM002] [Microsoft][ODBC 驱动程序管理器] 未发现数据源名称并且未指定默认驱动程序 (0) (SQLDriverConnect)')
(Background on this error at: https://sqlalche.me/e/20/rvf5)
2026-04-27 16:30:49 | INFO     | app.services.patrol_service | === VIP车位巡检结束 ===
2026-04-27 16:31:19 | INFO     | app.services.patrol_service | === 开始VIP车位巡检 ===
2026-04-27 16:31:19 | ERROR    | app.services.external_db_service | 查询SQL Server失败, 车位=0677, 错误=(pyodbc.InterfaceError) ('IM002', '[IM002] [Microsoft][ODBC 驱动程序管理器] 未发现数据源名称并且未指定默认驱动程序 (0) (SQLDriverConnect)')
(Background on this error at: https://sqlalche.me/e/20/rvf5)
2026-04-27 16:31:19 | INFO     | app.services.patrol_service | === VIP车位巡检结束 ===
2026-04-27 16:31:49 | INFO     | app.services.patrol_service | === 开始VIP车位巡检 ===
2026-04-27 16:31:49 | ERROR    | app.services.external_db_service | 查询SQL Server失败, 车位=0677, 错误=(pyodbc.InterfaceError) ('IM002', '[IM002] [Microsoft][ODBC 驱动程序管理器] 未发现数据源名称并且未指定默认驱动程序 (0) (SQLDriverConnect)')
(Background on this error at: https://sqlalche.me/e/20/rvf5)
2026-04-27 16:31:49 | INFO     | app.services.patrol_service | === VIP车位巡检结束 ===
2026-04-27 16:32:19 | INFO     | app.services.patrol_service | === 开始VIP车位巡检 ===
2026-04-27 16:32:19 | ERROR    | app.services.external_db_service | 查询SQL Server失败, 车位=0677, 错误=(pyodbc.InterfaceError) ('IM002', '[IM002] [Microsoft][ODBC 驱动程序管理器] 未发现数据源名称并且未指定默认驱动程序 (0) (SQLDriverConnect)')
(Background on this error at: https://sqlalche.me/e/20/rvf5)
2026-04-27 16:32:19 | INFO     | app.services.patrol_service | === VIP车位巡检结束 ===
2026-04-27 16:32:49 | INFO     | app.services.patrol_service | === 开始VIP车位巡检 ===
2026-04-27 16:32:49 | ERROR    | app.services.external_db_service | 查询SQL Server失败, 车位=0677, 错误=(pyodbc.InterfaceError) ('IM002', '[IM002] [Microsoft][ODBC 驱动程序管理器] 未发现数据源名称并且未指定默认驱动程序 (0) (SQLDriverConnect)')
(Background on this error at: https://sqlalche.me/e/20/rvf5)
2026-04-27 16:32:49 | INFO     | app.services.patrol_service | === VIP车位巡检结束 ===
2026-04-27 16:33:19 | INFO     | app.services.patrol_service | === 开始VIP车位巡检 ===
2026-04-27 16:33:19 | ERROR    | app.services.external_db_service | 查询SQL Server失败, 车位=0677, 错误=(pyodbc.InterfaceError) ('IM002', '[IM002] [Microsoft][ODBC 驱动程序管理器] 未发现数据源名称并且未指定默认驱动程序 (0) (SQLDriverConnect)')
(Background on this error at: https://sqlalche.me/e/20/rvf5)
2026-04-27 16:33:19 | INFO     | app.services.patrol_service | === VIP车位巡检结束 ===
2026-04-27 16:33:49 | INFO     | app.services.patrol_service | === 开始VIP车位巡检 ===
2026-04-27 16:33:49 | ERROR    | app.services.external_db_service | 查询SQL Server失败, 车位=0677, 错误=(pyodbc.InterfaceError) ('IM002', '[IM002] [Microsoft][ODBC 驱动程序管理器] 未发现数据源名称并且未指定默认驱动程序 (0) (SQLDriverConnect)')
(Background on this error at: https://sqlalche.me/e/20/rvf5)
2026-04-27 16:33:49 | INFO     | app.services.patrol_service | === VIP车位巡检结束 ===
2026-04-27 16:34:19 | INFO     | app.services.patrol_service | === 开始VIP车位巡检 ===
2026-04-27 16:34:19 | ERROR    | app.services.external_db_service | 查询SQL Server失败, 车位=0677, 错误=(pyodbc.InterfaceError) ('IM002', '[IM002] [Microsoft][ODBC 驱动程序管理器] 未发现数据源名称并且未指定默认驱动程序 (0) (SQLDriverConnect)')
(Background on this error at: https://sqlalche.me/e/20/rvf5)
2026-04-27 16:34:19 | INFO     | app.services.patrol_service | === VIP车位巡检结束 ===
2026-04-27 16:34:49 | INFO     | app.services.patrol_service | === 开始VIP车位巡检 ===
2026-04-27 16:34:49 | ERROR    | app.services.external_db_service | 查询SQL Server失败, 车位=0677, 错误=(pyodbc.InterfaceError) ('IM002', '[IM002] [Microsoft][ODBC 驱动程序管理器] 未发现数据源名称并且未指定默认驱动程序 (0) (SQLDriverConnect)')
(Background on this error at: https://sqlalche.me/e/20/rvf5)
2026-04-27 16:34:49 | INFO     | app.services.patrol_service | === VIP车位巡检结束 ===
2026-04-27 16:35:19 | INFO     | app.services.patrol_service | === 开始VIP车位巡检 ===
2026-04-27 16:35:19 | ERROR    | app.services.external_db_service | 查询SQL Server失败, 车位=0677, 错误=(pyodbc.InterfaceError) ('IM002', '[IM002] [Microsoft][ODBC 驱动程序管理器] 未发现数据源名称并且未指定默认驱动程序 (0) (SQLDriverConnect)')
(Background on this error at: https://sqlalche.me/e/20/rvf5)
2026-04-27 16:35:19 | INFO     | app.services.patrol_service | === VIP车位巡检结束 ===
2026-04-27 16:35:49 | INFO     | app.services.patrol_service | === 开始VIP车位巡检 ===
2026-04-27 16:35:49 | ERROR    | app.services.external_db_service | 查询SQL Server失败, 车位=0677, 错误=(pyodbc.InterfaceError) ('IM002', '[IM002] [Microsoft][ODBC 驱动程序管理器] 未发现数据源名称并且未指定默认驱动程序 (0) (SQLDriverConnect)')
(Background on this error at: https://sqlalche.me/e/20/rvf5)
2026-04-27 16:35:49 | INFO     | app.services.patrol_service | === VIP车位巡检结束 ===
2026-04-27 16:36:19 | INFO     | app.services.patrol_service | === 开始VIP车位巡检 ===
2026-04-27 16:36:19 | ERROR    | app.services.external_db_service | 查询SQL Server失败, 车位=0677, 错误=(pyodbc.InterfaceError) ('IM002', '[IM002] [Microsoft][ODBC 驱动程序管理器] 未发现数据源名称并且未指定默认驱动程序 (0) (SQLDriverConnect)')
(Background on this error at: https://sqlalche.me/e/20/rvf5)
2026-04-27 16:36:19 | INFO     | app.services.patrol_service | === VIP车位巡检结束 ===
2026-04-27 16:36:49 | INFO     | app.services.patrol_service | === 开始VIP车位巡检 ===
2026-04-27 16:36:49 | ERROR    | app.services.external_db_service | 查询SQL Server失败, 车位=0677, 错误=(pyodbc.InterfaceError) ('IM002', '[IM002] [Microsoft][ODBC 驱动程序管理器] 未发现数据源名称并且未指定默认驱动程序 (0) (SQLDriverConnect)')
(Background on this error at: https://sqlalche.me/e/20/rvf5)
2026-04-27 16:36:49 | INFO     | app.services.patrol_service | === VIP车位巡检结束 ===
2026-04-27 16:37:19 | INFO     | app.services.patrol_service | === 开始VIP车位巡检 ===
2026-04-27 16:37:19 | ERROR    | app.services.external_db_service | 查询SQL Server失败, 车位=0677, 错误=(pyodbc.InterfaceError) ('IM002', '[IM002] [Microsoft][ODBC 驱动程序管理器] 未发现数据源名称并且未指定默认驱动程序 (0) (SQLDriverConnect)')
(Background on this error at: https://sqlalche.me/e/20/rvf5)
2026-04-27 16:37:19 | INFO     | app.services.patrol_service | === VIP车位巡检结束 ===
2026-04-27 16:37:49 | INFO     | app.services.patrol_service | === 开始VIP车位巡检 ===
2026-04-27 16:37:49 | ERROR    | app.services.external_db_service | 查询SQL Server失败, 车位=0677, 错误=(pyodbc.InterfaceError) ('IM002', '[IM002] [Microsoft][ODBC 驱动程序管理器] 未发现数据源名称并且未指定默认驱动程序 (0) (SQLDriverConnect)')
(Background on this error at: https://sqlalche.me/e/20/rvf5)
2026-04-27 16:37:49 | INFO     | app.services.patrol_service | === VIP车位巡检结束 ===
2026-04-27 16:38:19 | INFO     | app.services.patrol_service | === 开始VIP车位巡检 ===
2026-04-27 16:38:19 | ERROR    | app.services.external_db_service | 查询SQL Server失败, 车位=0677, 错误=(pyodbc.InterfaceError) ('IM002', '[IM002] [Microsoft][ODBC 驱动程序管理器] 未发现数据源名称并且未指定默认驱动程序 (0) (SQLDriverConnect)')
(Background on this error at: https://sqlalche.me/e/20/rvf5)
2026-04-27 16:38:19 | INFO     | app.services.patrol_service | === VIP车位巡检结束 ===
2026-04-27 16:38:49 | INFO     | app.services.patrol_service | === 开始VIP车位巡检 ===
2026-04-27 16:38:49 | ERROR    | app.services.external_db_service | 查询SQL Server失败, 车位=0677, 错误=(pyodbc.InterfaceError) ('IM002', '[IM002] [Microsoft][ODBC 驱动程序管理器] 未发现数据源名称并且未指定默认驱动程序 (0) (SQLDriverConnect)')
(Background on this error at: https://sqlalche.me/e/20/rvf5)
2026-04-27 16:38:49 | INFO     | app.services.patrol_service | === VIP车位巡检结束 ===
2026-04-27 16:39:19 | INFO     | app.services.patrol_service | === 开始VIP车位巡检 ===
2026-04-27 16:39:19 | ERROR    | app.services.external_db_service | 查询SQL Server失败, 车位=0677, 错误=(pyodbc.InterfaceError) ('IM002', '[IM002] [Microsoft][ODBC 驱动程序管理器] 未发现数据源名称并且未指定默认驱动程序 (0) (SQLDriverConnect)')
(Background on this error at: https://sqlalche.me/e/20/rvf5)
2026-04-27 16:39:19 | INFO     | app.services.patrol_service | === VIP车位巡检结束 ===
2026-04-27 16:39:49 | INFO     | app.services.patrol_service | === 开始VIP车位巡检 ===
2026-04-27 16:39:49 | ERROR    | app.services.external_db_service | 查询SQL Server失败, 车位=0677, 错误=(pyodbc.InterfaceError) ('IM002', '[IM002] [Microsoft][ODBC 驱动程序管理器] 未发现数据源名称并且未指定默认驱动程序 (0) (SQLDriverConnect)')
(Background on this error at: https://sqlalche.me/e/20/rvf5)
2026-04-27 16:39:49 | INFO     | app.services.patrol_service | === VIP车位巡检结束 ===
2026-04-27 16:40:19 | INFO     | app.services.patrol_service | === 开始VIP车位巡检 ===
2026-04-27 16:40:19 | ERROR    | app.services.external_db_service | 查询SQL Server失败, 车位=0677, 错误=(pyodbc.InterfaceError) ('IM002', '[IM002] [Microsoft][ODBC 驱动程序管理器] 未发现数据源名称并且未指定默认驱动程序 (0) (SQLDriverConnect)')
(Background on this error at: https://sqlalche.me/e/20/rvf5)
2026-04-27 16:40:19 | INFO     | app.services.patrol_service | === VIP车位巡检结束 ===
2026-04-27 16:40:49 | INFO     | app.services.patrol_service | === 开始VIP车位巡检 ===
2026-04-27 16:40:49 | ERROR    | app.services.external_db_service | 查询SQL Server失败, 车位=0677, 错误=(pyodbc.InterfaceError) ('IM002', '[IM002] [Microsoft][ODBC 驱动程序管理器] 未发现数据源名称并且未指定默认驱动程序 (0) (SQLDriverConnect)')
(Background on this error at: https://sqlalche.me/e/20/rvf5)
2026-04-27 16:40:49 | INFO     | app.services.patrol_service | === VIP车位巡检结束 ===
2026-04-27 16:41:19 | INFO     | app.services.patrol_service | === 开始VIP车位巡检 ===
2026-04-27 16:41:19 | ERROR    | app.services.external_db_service | 查询SQL Server失败, 车位=0677, 错误=(pyodbc.InterfaceError) ('IM002', '[IM002] [Microsoft][ODBC 驱动程序管理器] 未发现数据源名称并且未指定默认驱动程序 (0) (SQLDriverConnect)')
(Background on this error at: https://sqlalche.me/e/20/rvf5)
2026-04-27 16:41:19 | INFO     | app.services.patrol_service | === VIP车位巡检结束 ===
2026-04-27 16:41:49 | INFO     | app.services.patrol_service | === 开始VIP车位巡检 ===
2026-04-27 16:41:49 | ERROR    | app.services.external_db_service | 查询SQL Server失败, 车位=0677, 错误=(pyodbc.InterfaceError) ('IM002', '[IM002] [Microsoft][ODBC 驱动程序管理器] 未发现数据源名称并且未指定默认驱动程序 (0) (SQLDriverConnect)')
(Background on this error at: https://sqlalche.me/e/20/rvf5)
2026-04-27 16:41:49 | INFO     | app.services.patrol_service | === VIP车位巡检结束 ===
2026-04-27 16:42:19 | INFO     | app.services.patrol_service | === 开始VIP车位巡检 ===
2026-04-27 16:42:19 | ERROR    | app.services.external_db_service | 查询SQL Server失败, 车位=0677, 错误=(pyodbc.InterfaceError) ('IM002', '[IM002] [Microsoft][ODBC 驱动程序管理器] 未发现数据源名称并且未指定默认驱动程序 (0) (SQLDriverConnect)')
(Background on this error at: https://sqlalche.me/e/20/rvf5)
2026-04-27 16:42:19 | INFO     | app.services.patrol_service | === VIP车位巡检结束 ===
2026-04-27 16:42:49 | INFO     | app.services.patrol_service | === 开始VIP车位巡检 ===
2026-04-27 16:42:49 | ERROR    | app.services.external_db_service | 查询SQL Server失败, 车位=0677, 错误=(pyodbc.InterfaceError) ('IM002', '[IM002] [Microsoft][ODBC 驱动程序管理器] 未发现数据源名称并且未指定默认驱动程序 (0) (SQLDriverConnect)')
(Background on this error at: https://sqlalche.me/e/20/rvf5)
2026-04-27 16:42:49 | INFO     | app.services.patrol_service | === VIP车位巡检结束 ===
2026-04-27 16:43:19 | INFO     | app.services.patrol_service | === 开始VIP车位巡检 ===
2026-04-27 16:43:19 | ERROR    | app.services.external_db_service | 查询SQL Server失败, 车位=0677, 错误=(pyodbc.InterfaceError) ('IM002', '[IM002] [Microsoft][ODBC 驱动程序管理器] 未发现数据源名称并且未指定默认驱动程序 (0) (SQLDriverConnect)')
(Background on this error at: https://sqlalche.me/e/20/rvf5)
2026-04-27 16:43:19 | INFO     | app.services.patrol_service | === VIP车位巡检结束 ===
2026-04-27 16:43:49 | INFO     | app.services.patrol_service | === 开始VIP车位巡检 ===
2026-04-27 16:43:49 | ERROR    | app.services.external_db_service | 查询SQL Server失败, 车位=0677, 错误=(pyodbc.InterfaceError) ('IM002', '[IM002] [Microsoft][ODBC 驱动程序管理器] 未发现数据源名称并且未指定默认驱动程序 (0) (SQLDriverConnect)')
(Background on this error at: https://sqlalche.me/e/20/rvf5)
2026-04-27 16:43:49 | INFO     | app.services.patrol_service | === VIP车位巡检结束 ===
2026-04-27 16:44:19 | INFO     | app.services.patrol_service | === 开始VIP车位巡检 ===
2026-04-27 16:44:19 | ERROR    | app.services.external_db_service | 查询SQL Server失败, 车位=0677, 错误=(pyodbc.InterfaceError) ('IM002', '[IM002] [Microsoft][ODBC 驱动程序管理器] 未发现数据源名称并且未指定默认驱动程序 (0) (SQLDriverConnect)')
(Background on this error at: https://sqlalche.me/e/20/rvf5)
2026-04-27 16:44:19 | INFO     | app.services.patrol_service | === VIP车位巡检结束 ===
2026-04-27 16:44:49 | INFO     | app.services.patrol_service | === 开始VIP车位巡检 ===
2026-04-27 16:44:49 | ERROR    | app.services.external_db_service | 查询SQL Server失败, 车位=0677, 错误=(pyodbc.InterfaceError) ('IM002', '[IM002] [Microsoft][ODBC 驱动程序管理器] 未发现数据源名称并且未指定默认驱动程序 (0) (SQLDriverConnect)')
(Background on this error at: https://sqlalche.me/e/20/rvf5)
2026-04-27 16:44:49 | INFO     | app.services.patrol_service | === VIP车位巡检结束 ===
2026-04-27 16:45:19 | INFO     | app.services.patrol_service | === 开始VIP车位巡检 ===
2026-04-27 16:45:19 | ERROR    | app.services.external_db_service | 查询SQL Server失败, 车位=0677, 错误=(pyodbc.InterfaceError) ('IM002', '[IM002] [Microsoft][ODBC 驱动程序管理器] 未发现数据源名称并且未指定默认驱动程序 (0) (SQLDriverConnect)')
(Background on this error at: https://sqlalche.me/e/20/rvf5)
2026-04-27 16:45:19 | INFO     | app.services.patrol_service | === VIP车位巡检结束 ===
2026-04-27 16:45:49 | INFO     | app.services.patrol_service | === 开始VIP车位巡检 ===
2026-04-27 16:45:49 | ERROR    | app.services.external_db_service | 查询SQL Server失败, 车位=0677, 错误=(pyodbc.InterfaceError) ('IM002', '[IM002] [Microsoft][ODBC 驱动程序管理器] 未发现数据源名称并且未指定默认驱动程序 (0) (SQLDriverConnect)')
(Background on this error at: https://sqlalche.me/e/20/rvf5)
2026-04-27 16:45:49 | INFO     | app.services.patrol_service | === VIP车位巡检结束 ===
2026-04-27 16:46:19 | INFO     | app.services.patrol_service | === 开始VIP车位巡检 ===
2026-04-27 16:46:19 | ERROR    | app.services.external_db_service | 查询SQL Server失败, 车位=0677, 错误=(pyodbc.InterfaceError) ('IM002', '[IM002] [Microsoft][ODBC 驱动程序管理器] 未发现数据源名称并且未指定默认驱动程序 (0) (SQLDriverConnect)')
(Background on this error at: https://sqlalche.me/e/20/rvf5)
2026-04-27 16:46:19 | INFO     | app.services.patrol_service | === VIP车位巡检结束 ===
2026-04-27 16:46:49 | INFO     | app.services.patrol_service | === 开始VIP车位巡检 ===
2026-04-27 16:46:49 | ERROR    | app.services.external_db_service | 查询SQL Server失败, 车位=0677, 错误=(pyodbc.InterfaceError) ('IM002', '[IM002] [Microsoft][ODBC 驱动程序管理器] 未发现数据源名称并且未指定默认驱动程序 (0) (SQLDriverConnect)')
(Background on this error at: https://sqlalche.me/e/20/rvf5)
2026-04-27 16:46:49 | INFO     | app.services.patrol_service | === VIP车位巡检结束 ===
2026-04-27 16:47:19 | INFO     | app.services.patrol_service | === 开始VIP车位巡检 ===
2026-04-27 16:47:19 | ERROR    | app.services.external_db_service | 查询SQL Server失败, 车位=0677, 错误=(pyodbc.InterfaceError) ('IM002', '[IM002] [Microsoft][ODBC 驱动程序管理器] 未发现数据源名称并且未指定默认驱动程序 (0) (SQLDriverConnect)')
(Background on this error at: https://sqlalche.me/e/20/rvf5)
2026-04-27 16:47:19 | INFO     | app.services.patrol_service | === VIP车位巡检结束 ===
2026-04-27 16:47:49 | INFO     | app.services.patrol_service | === 开始VIP车位巡检 ===
2026-04-27 16:47:49 | ERROR    | app.services.external_db_service | 查询SQL Server失败, 车位=0677, 错误=(pyodbc.InterfaceError) ('IM002', '[IM002] [Microsoft][ODBC 驱动程序管理器] 未发现数据源名称并且未指定默认驱动程序 (0) (SQLDriverConnect)')
(Background on this error at: https://sqlalche.me/e/20/rvf5)
2026-04-27 16:47:49 | INFO     | app.services.patrol_service | === VIP车位巡检结束 ===
2026-04-27 16:48:19 | INFO     | app.services.patrol_service | === 开始VIP车位巡检 ===
2026-04-27 16:48:19 | ERROR    | app.services.external_db_service | 查询SQL Server失败, 车位=0677, 错误=(pyodbc.InterfaceError) ('IM002', '[IM002] [Microsoft][ODBC 驱动程序管理器] 未发现数据源名称并且未指定默认驱动程序 (0) (SQLDriverConnect)')
(Background on this error at: https://sqlalche.me/e/20/rvf5)
2026-04-27 16:48:19 | INFO     | app.services.patrol_service | === VIP车位巡检结束 ===
2026-04-27 16:48:49 | INFO     | app.services.patrol_service | === 开始VIP车位巡检 ===
2026-04-27 16:48:49 | ERROR    | app.services.external_db_service | 查询SQL Server失败, 车位=0677, 错误=(pyodbc.InterfaceError) ('IM002', '[IM002] [Microsoft][ODBC 驱动程序管理器] 未发现数据源名称并且未指定默认驱动程序 (0) (SQLDriverConnect)')
(Background on this error at: https://sqlalche.me/e/20/rvf5)
2026-04-27 16:48:49 | INFO     | app.services.patrol_service | === VIP车位巡检结束 ===
2026-04-27 16:49:19 | INFO     | app.services.patrol_service | === 开始VIP车位巡检 ===
2026-04-27 16:49:19 | ERROR    | app.services.external_db_service | 查询SQL Server失败, 车位=0677, 错误=(pyodbc.InterfaceError) ('IM002', '[IM002] [Microsoft][ODBC 驱动程序管理器] 未发现数据源名称并且未指定默认驱动程序 (0) (SQLDriverConnect)')
(Background on this error at: https://sqlalche.me/e/20/rvf5)
2026-04-27 16:49:19 | INFO     | app.services.patrol_service | === VIP车位巡检结束 ===
2026-04-27 16:49:49 | INFO     | app.services.patrol_service | === 开始VIP车位巡检 ===
2026-04-27 16:49:49 | ERROR    | app.services.external_db_service | 查询SQL Server失败, 车位=0677, 错误=(pyodbc.InterfaceError) ('IM002', '[IM002] [Microsoft][ODBC 驱动程序管理器] 未发现数据源名称并且未指定默认驱动程序 (0) (SQLDriverConnect)')
(Background on this error at: https://sqlalche.me/e/20/rvf5)
2026-04-27 16:49:49 | INFO     | app.services.patrol_service | === VIP车位巡检结束 ===
2026-04-27 16:50:19 | INFO     | app.services.patrol_service | === 开始VIP车位巡检 ===
2026-04-27 16:50:19 | ERROR    | app.services.external_db_service | 查询SQL Server失败, 车位=0677, 错误=(pyodbc.InterfaceError) ('IM002', '[IM002] [Microsoft][ODBC 驱动程序管理器] 未发现数据源名称并且未指定默认驱动程序 (0) (SQLDriverConnect)')
(Background on this error at: https://sqlalche.me/e/20/rvf5)
2026-04-27 16:50:19 | INFO     | app.services.patrol_service | === VIP车位巡检结束 ===
2026-04-27 16:50:49 | INFO     | app.services.patrol_service | === 开始VIP车位巡检 ===
2026-04-27 16:50:49 | ERROR    | app.services.external_db_service | 查询SQL Server失败, 车位=0677, 错误=(pyodbc.InterfaceError) ('IM002', '[IM002] [Microsoft][ODBC 驱动程序管理器] 未发现数据源名称并且未指定默认驱动程序 (0) (SQLDriverConnect)')
(Background on this error at: https://sqlalche.me/e/20/rvf5)
2026-04-27 16:50:49 | INFO     | app.services.patrol_service | === VIP车位巡检结束 ===
2026-04-27 16:51:19 | INFO     | app.services.patrol_service | === 开始VIP车位巡检 ===
2026-04-27 16:51:19 | ERROR    | app.services.external_db_service | 查询SQL Server失败, 车位=0677, 错误=(pyodbc.InterfaceError) ('IM002', '[IM002] [Microsoft][ODBC 驱动程序管理器] 未发现数据源名称并且未指定默认驱动程序 (0) (SQLDriverConnect)')
(Background on this error at: https://sqlalche.me/e/20/rvf5)
2026-04-27 16:51:19 | INFO     | app.services.patrol_service | === VIP车位巡检结束 ===
2026-04-27 16:51:49 | INFO     | app.services.patrol_service | === 开始VIP车位巡检 ===
2026-04-27 16:51:49 | ERROR    | app.services.external_db_service | 查询SQL Server失败, 车位=0677, 错误=(pyodbc.InterfaceError) ('IM002', '[IM002] [Microsoft][ODBC 驱动程序管理器] 未发现数据源名称并且未指定默认驱动程序 (0) (SQLDriverConnect)')
(Background on this error at: https://sqlalche.me/e/20/rvf5)
2026-04-27 16:51:49 | INFO     | app.services.patrol_service | === VIP车位巡检结束 ===
2026-04-27 16:52:19 | INFO     | app.services.patrol_service | === 开始VIP车位巡检 ===
2026-04-27 16:52:19 | ERROR    | app.services.external_db_service | 查询SQL Server失败, 车位=0677, 错误=(pyodbc.InterfaceError) ('IM002', '[IM002] [Microsoft][ODBC 驱动程序管理器] 未发现数据源名称并且未指定默认驱动程序 (0) (SQLDriverConnect)')
(Background on this error at: https://sqlalche.me/e/20/rvf5)
2026-04-27 16:52:19 | INFO     | app.services.patrol_service | === VIP车位巡检结束 ===
2026-04-27 16:52:49 | INFO     | app.services.patrol_service | === 开始VIP车位巡检 ===
2026-04-27 16:52:49 | ERROR    | app.services.external_db_service | 查询SQL Server失败, 车位=0677, 错误=(pyodbc.InterfaceError) ('IM002', '[IM002] [Microsoft][ODBC 驱动程序管理器] 未发现数据源名称并且未指定默认驱动程序 (0) (SQLDriverConnect)')
(Background on this error at: https://sqlalche.me/e/20/rvf5)
2026-04-27 16:52:49 | INFO     | app.services.patrol_service | === VIP车位巡检结束 ===
2026-04-27 16:53:19 | INFO     | app.services.patrol_service | === 开始VIP车位巡检 ===
2026-04-27 16:53:19 | ERROR    | app.services.external_db_service | 查询SQL Server失败, 车位=0677, 错误=(pyodbc.InterfaceError) ('IM002', '[IM002] [Microsoft][ODBC 驱动程序管理器] 未发现数据源名称并且未指定默认驱动程序 (0) (SQLDriverConnect)')
(Background on this error at: https://sqlalche.me/e/20/rvf5)
2026-04-27 16:53:19 | INFO     | app.services.patrol_service | === VIP车位巡检结束 ===
2026-04-27 16:53:49 | INFO     | app.services.patrol_service | === 开始VIP车位巡检 ===
2026-04-27 16:53:49 | ERROR    | app.services.external_db_service | 查询SQL Server失败, 车位=0677, 错误=(pyodbc.InterfaceError) ('IM002', '[IM002] [Microsoft][ODBC 驱动程序管理器] 未发现数据源名称并且未指定默认驱动程序 (0) (SQLDriverConnect)')
(Background on this error at: https://sqlalche.me/e/20/rvf5)
2026-04-27 16:53:49 | INFO     | app.services.patrol_service | === VIP车位巡检结束 ===
2026-04-27 16:54:19 | INFO     | app.services.patrol_service | === 开始VIP车位巡检 ===
2026-04-27 16:54:19 | ERROR    | app.services.external_db_service | 查询SQL Server失败, 车位=0677, 错误=(pyodbc.InterfaceError) ('IM002', '[IM002] [Microsoft][ODBC 驱动程序管理器] 未发现数据源名称并且未指定默认驱动程序 (0) (SQLDriverConnect)')
(Background on this error at: https://sqlalche.me/e/20/rvf5)
2026-04-27 16:54:19 | INFO     | app.services.patrol_service | === VIP车位巡检结束 ===
2026-04-27 16:54:49 | INFO     | app.services.patrol_service | === 开始VIP车位巡检 ===
2026-04-27 16:54:49 | ERROR    | app.services.external_db_service | 查询SQL Server失败, 车位=0677, 错误=(pyodbc.InterfaceError) ('IM002', '[IM002] [Microsoft][ODBC 驱动程序管理器] 未发现数据源名称并且未指定默认驱动程序 (0) (SQLDriverConnect)')
(Background on this error at: https://sqlalche.me/e/20/rvf5)
2026-04-27 16:54:49 | INFO     | app.services.patrol_service | === VIP车位巡检结束 ===
2026-04-27 16:55:19 | INFO     | app.services.patrol_service | === 开始VIP车位巡检 ===
2026-04-27 16:55:19 | ERROR    | app.services.external_db_service | 查询SQL Server失败, 车位=0677, 错误=(pyodbc.InterfaceError) ('IM002', '[IM002] [Microsoft][ODBC 驱动程序管理器] 未发现数据源名称并且未指定默认驱动程序 (0) (SQLDriverConnect)')
(Background on this error at: https://sqlalche.me/e/20/rvf5)
2026-04-27 16:55:19 | INFO     | app.services.patrol_service | === VIP车位巡检结束 ===
2026-04-27 16:55:49 | INFO     | app.services.patrol_service | === 开始VIP车位巡检 ===
2026-04-27 16:55:49 | ERROR    | app.services.external_db_service | 查询SQL Server失败, 车位=0677, 错误=(pyodbc.InterfaceError) ('IM002', '[IM002] [Microsoft][ODBC 驱动程序管理器] 未发现数据源名称并且未指定默认驱动程序 (0) (SQLDriverConnect)')
(Background on this error at: https://sqlalche.me/e/20/rvf5)
2026-04-27 16:55:49 | INFO     | app.services.patrol_service | === VIP车位巡检结束 ===
2026-04-27 16:56:19 | INFO     | app.services.patrol_service | === 开始VIP车位巡检 ===
2026-04-27 16:56:19 | ERROR    | app.services.external_db_service | 查询SQL Server失败, 车位=0677, 错误=(pyodbc.InterfaceError) ('IM002', '[IM002] [Microsoft][ODBC 驱动程序管理器] 未发现数据源名称并且未指定默认驱动程序 (0) (SQLDriverConnect)')
(Background on this error at: https://sqlalche.me/e/20/rvf5)
2026-04-27 16:56:19 | INFO     | app.services.patrol_service | === VIP车位巡检结束 ===
2026-04-27 16:56:49 | INFO     | app.services.patrol_service | === 开始VIP车位巡检 ===
2026-04-27 16:56:49 | ERROR    | app.services.external_db_service | 查询SQL Server失败, 车位=0677, 错误=(pyodbc.InterfaceError) ('IM002', '[IM002] [Microsoft][ODBC 驱动程序管理器] 未发现数据源名称并且未指定默认驱动程序 (0) (SQLDriverConnect)')
(Background on this error at: https://sqlalche.me/e/20/rvf5)
2026-04-27 16:56:49 | INFO     | app.services.patrol_service | === VIP车位巡检结束 ===
2026-04-27 16:57:19 | INFO     | app.services.patrol_service | === 开始VIP车位巡检 ===
2026-04-27 16:57:19 | ERROR    | app.services.external_db_service | 查询SQL Server失败, 车位=0677, 错误=(pyodbc.InterfaceError) ('IM002', '[IM002] [Microsoft][ODBC 驱动程序管理器] 未发现数据源名称并且未指定默认驱动程序 (0) (SQLDriverConnect)')
(Background on this error at: https://sqlalche.me/e/20/rvf5)
2026-04-27 16:57:19 | INFO     | app.services.patrol_service | === VIP车位巡检结束 ===
2026-04-27 16:57:49 | INFO     | app.services.patrol_service | === 开始VIP车位巡检 ===
2026-04-27 16:57:49 | ERROR    | app.services.external_db_service | 查询SQL Server失败, 车位=0677, 错误=(pyodbc.InterfaceError) ('IM002', '[IM002] [Microsoft][ODBC 驱动程序管理器] 未发现数据源名称并且未指定默认驱动程序 (0) (SQLDriverConnect)')
(Background on this error at: https://sqlalche.me/e/20/rvf5)
2026-04-27 16:57:49 | INFO     | app.services.patrol_service | === VIP车位巡检结束 ===
2026-04-27 16:58:19 | INFO     | app.services.patrol_service | === 开始VIP车位巡检 ===
2026-04-27 16:58:19 | ERROR    | app.services.external_db_service | 查询SQL Server失败, 车位=0677, 错误=(pyodbc.InterfaceError) ('IM002', '[IM002] [Microsoft][ODBC 驱动程序管理器] 未发现数据源名称并且未指定默认驱动程序 (0) (SQLDriverConnect)')
(Background on this error at: https://sqlalche.me/e/20/rvf5)
2026-04-27 16:58:19 | INFO     | app.services.patrol_service | === VIP车位巡检结束 ===
2026-04-27 16:58:49 | INFO     | app.services.patrol_service | === 开始VIP车位巡检 ===
2026-04-27 16:58:49 | ERROR    | app.services.external_db_service | 查询SQL Server失败, 车位=0677, 错误=(pyodbc.InterfaceError) ('IM002', '[IM002] [Microsoft][ODBC 驱动程序管理器] 未发现数据源名称并且未指定默认驱动程序 (0) (SQLDriverConnect)')
(Background on this error at: https://sqlalche.me/e/20/rvf5)
2026-04-27 16:58:49 | INFO     | app.services.patrol_service | === VIP车位巡检结束 ===
2026-04-27 16:59:19 | INFO     | app.services.patrol_service | === 开始VIP车位巡检 ===
2026-04-27 16:59:19 | ERROR    | app.services.external_db_service | 查询SQL Server失败, 车位=0677, 错误=(pyodbc.InterfaceError) ('IM002', '[IM002] [Microsoft][ODBC 驱动程序管理器] 未发现数据源名称并且未指定默认驱动程序 (0) (SQLDriverConnect)')
(Background on this error at: https://sqlalche.me/e/20/rvf5)
2026-04-27 16:59:19 | INFO     | app.services.patrol_service | === VIP车位巡检结束 ===
2026-04-27 16:59:49 | INFO     | app.services.patrol_service | === 开始VIP车位巡检 ===
2026-04-27 16:59:49 | ERROR    | app.services.external_db_service | 查询SQL Server失败, 车位=0677, 错误=(pyodbc.InterfaceError) ('IM002', '[IM002] [Microsoft][ODBC 驱动程序管理器] 未发现数据源名称并且未指定默认驱动程序 (0) (SQLDriverConnect)')
(Background on this error at: https://sqlalche.me/e/20/rvf5)
2026-04-27 16:59:49 | INFO     | app.services.patrol_service | === VIP车位巡检结束 ===
2026-04-27 17:00:19 | INFO     | app.services.patrol_service | === 开始VIP车位巡检 ===
2026-04-27 17:00:19 | ERROR    | app.services.external_db_service | 查询SQL Server失败, 车位=0677, 错误=(pyodbc.InterfaceError) ('IM002', '[IM002] [Microsoft][ODBC 驱动程序管理器] 未发现数据源名称并且未指定默认驱动程序 (0) (SQLDriverConnect)')
(Background on this error at: https://sqlalche.me/e/20/rvf5)
2026-04-27 17:00:19 | INFO     | app.services.patrol_service | === VIP车位巡检结束 ===
2026-04-27 17:00:49 | INFO     | app.services.patrol_service | === 开始VIP车位巡检 ===
2026-04-27 17:00:49 | ERROR    | app.services.external_db_service | 查询SQL Server失败, 车位=0677, 错误=(pyodbc.InterfaceError) ('IM002', '[IM002] [Microsoft][ODBC 驱动程序管理器] 未发现数据源名称并且未指定默认驱动程序 (0) (SQLDriverConnect)')
(Background on this error at: https://sqlalche.me/e/20/rvf5)
2026-04-27 17:00:49 | INFO     | app.services.patrol_service | === VIP车位巡检结束 ===
2026-04-27 17:01:19 | INFO     | app.services.patrol_service | === 开始VIP车位巡检 ===
2026-04-27 17:01:19 | ERROR    | app.services.external_db_service | 查询SQL Server失败, 车位=0677, 错误=(pyodbc.InterfaceError) ('IM002', '[IM002] [Microsoft][ODBC 驱动程序管理器] 未发现数据源名称并且未指定默认驱动程序 (0) (SQLDriverConnect)')
(Background on this error at: https://sqlalche.me/e/20/rvf5)
2026-04-27 17:01:19 | INFO     | app.services.patrol_service | === VIP车位巡检结束 ===
2026-04-27 17:01:49 | INFO     | app.services.patrol_service | === 开始VIP车位巡检 ===
2026-04-27 17:01:49 | ERROR    | app.services.external_db_service | 查询SQL Server失败, 车位=0677, 错误=(pyodbc.InterfaceError) ('IM002', '[IM002] [Microsoft][ODBC 驱动程序管理器] 未发现数据源名称并且未指定默认驱动程序 (0) (SQLDriverConnect)')
(Background on this error at: https://sqlalche.me/e/20/rvf5)
2026-04-27 17:01:49 | INFO     | app.services.patrol_service | === VIP车位巡检结束 ===
2026-04-27 17:02:19 | INFO     | app.services.patrol_service | === 开始VIP车位巡检 ===
2026-04-27 17:02:19 | ERROR    | app.services.external_db_service | 查询SQL Server失败, 车位=0677, 错误=(pyodbc.InterfaceError) ('IM002', '[IM002] [Microsoft][ODBC 驱动程序管理器] 未发现数据源名称并且未指定默认驱动程序 (0) (SQLDriverConnect)')
(Background on this error at: https://sqlalche.me/e/20/rvf5)
2026-04-27 17:02:19 | INFO     | app.services.patrol_service | === VIP车位巡检结束 ===
2026-04-27 17:02:49 | INFO     | app.services.patrol_service | === 开始VIP车位巡检 ===
2026-04-27 17:02:49 | ERROR    | app.services.external_db_service | 查询SQL Server失败, 车位=0677, 错误=(pyodbc.InterfaceError) ('IM002', '[IM002] [Microsoft][ODBC 驱动程序管理器] 未发现数据源名称并且未指定默认驱动程序 (0) (SQLDriverConnect)')
(Background on this error at: https://sqlalche.me/e/20/rvf5)
2026-04-27 17:02:49 | INFO     | app.services.patrol_service | === VIP车位巡检结束 ===
2026-04-27 17:03:19 | INFO     | app.services.patrol_service | === 开始VIP车位巡检 ===
2026-04-27 17:03:19 | ERROR    | app.services.external_db_service | 查询SQL Server失败, 车位=0677, 错误=(pyodbc.InterfaceError) ('IM002', '[IM002] [Microsoft][ODBC 驱动程序管理器] 未发现数据源名称并且未指定默认驱动程序 (0) (SQLDriverConnect)')
(Background on this error at: https://sqlalche.me/e/20/rvf5)
2026-04-27 17:03:19 | INFO     | app.services.patrol_service | === VIP车位巡检结束 ===
2026-04-27 17:03:49 | INFO     | app.services.patrol_service | === 开始VIP车位巡检 ===
2026-04-27 17:03:49 | ERROR    | app.services.external_db_service | 查询SQL Server失败, 车位=0677, 错误=(pyodbc.InterfaceError) ('IM002', '[IM002] [Microsoft][ODBC 驱动程序管理器] 未发现数据源名称并且未指定默认驱动程序 (0) (SQLDriverConnect)')
(Background on this error at: https://sqlalche.me/e/20/rvf5)
2026-04-27 17:03:49 | INFO     | app.services.patrol_service | === VIP车位巡检结束 ===
2026-04-27 17:04:19 | INFO     | app.services.patrol_service | === 开始VIP车位巡检 ===
2026-04-27 17:04:19 | ERROR    | app.services.external_db_service | 查询SQL Server失败, 车位=0677, 错误=(pyodbc.InterfaceError) ('IM002', '[IM002] [Microsoft][ODBC 驱动程序管理器] 未发现数据源名称并且未指定默认驱动程序 (0) (SQLDriverConnect)')
(Background on this error at: https://sqlalche.me/e/20/rvf5)
2026-04-27 17:04:19 | INFO     | app.services.patrol_service | === VIP车位巡检结束 ===
2026-04-27 17:04:49 | INFO     | app.services.patrol_service | === 开始VIP车位巡检 ===
2026-04-27 17:04:49 | ERROR    | app.services.external_db_service | 查询SQL Server失败, 车位=0677, 错误=(pyodbc.InterfaceError) ('IM002', '[IM002] [Microsoft][ODBC 驱动程序管理器] 未发现数据源名称并且未指定默认驱动程序 (0) (SQLDriverConnect)')
(Background on this error at: https://sqlalche.me/e/20/rvf5)
2026-04-27 17:04:49 | INFO     | app.services.patrol_service | === VIP车位巡检结束 ===
2026-04-27 17:05:19 | INFO     | app.services.patrol_service | === 开始VIP车位巡检 ===
2026-04-27 17:05:19 | ERROR    | app.services.external_db_service | 查询SQL Server失败, 车位=0677, 错误=(pyodbc.InterfaceError) ('IM002', '[IM002] [Microsoft][ODBC 驱动程序管理器] 未发现数据源名称并且未指定默认驱动程序 (0) (SQLDriverConnect)')
(Background on this error at: https://sqlalche.me/e/20/rvf5)
2026-04-27 17:05:19 | INFO     | app.services.patrol_service | === VIP车位巡检结束 ===
2026-04-27 17:05:49 | INFO     | app.services.patrol_service | === 开始VIP车位巡检 ===
2026-04-27 17:05:49 | ERROR    | app.services.external_db_service | 查询SQL Server失败, 车位=0677, 错误=(pyodbc.InterfaceError) ('IM002', '[IM002] [Microsoft][ODBC 驱动程序管理器] 未发现数据源名称并且未指定默认驱动程序 (0) (SQLDriverConnect)')
(Background on this error at: https://sqlalche.me/e/20/rvf5)
2026-04-27 17:05:49 | INFO     | app.services.patrol_service | === VIP车位巡检结束 ===
2026-04-27 17:06:19 | INFO     | app.services.patrol_service | === 开始VIP车位巡检 ===
2026-04-27 17:06:19 | ERROR    | app.services.external_db_service | 查询SQL Server失败, 车位=0677, 错误=(pyodbc.InterfaceError) ('IM002', '[IM002] [Microsoft][ODBC 驱动程序管理器] 未发现数据源名称并且未指定默认驱动程序 (0) (SQLDriverConnect)')
(Background on this error at: https://sqlalche.me/e/20/rvf5)
2026-04-27 17:06:19 | INFO     | app.services.patrol_service | === VIP车位巡检结束 ===
2026-04-27 17:06:49 | INFO     | app.services.patrol_service | === 开始VIP车位巡检 ===
2026-04-27 17:06:49 | ERROR    | app.services.external_db_service | 查询SQL Server失败, 车位=0677, 错误=(pyodbc.InterfaceError) ('IM002', '[IM002] [Microsoft][ODBC 驱动程序管理器] 未发现数据源名称并且未指定默认驱动程序 (0) (SQLDriverConnect)')
(Background on this error at: https://sqlalche.me/e/20/rvf5)
2026-04-27 17:06:49 | INFO     | app.services.patrol_service | === VIP车位巡检结束 ===
2026-04-27 17:07:19 | INFO     | app.services.patrol_service | === 开始VIP车位巡检 ===
2026-04-27 17:07:19 | ERROR    | app.services.external_db_service | 查询SQL Server失败, 车位=0677, 错误=(pyodbc.InterfaceError) ('IM002', '[IM002] [Microsoft][ODBC 驱动程序管理器] 未发现数据源名称并且未指定默认驱动程序 (0) (SQLDriverConnect)')
(Background on this error at: https://sqlalche.me/e/20/rvf5)
2026-04-27 17:07:19 | INFO     | app.services.patrol_service | === VIP车位巡检结束 ===
2026-04-27 17:07:49 | INFO     | app.services.patrol_service | === 开始VIP车位巡检 ===
2026-04-27 17:07:49 | ERROR    | app.services.external_db_service | 查询SQL Server失败, 车位=0677, 错误=(pyodbc.InterfaceError) ('IM002', '[IM002] [Microsoft][ODBC 驱动程序管理器] 未发现数据源名称并且未指定默认驱动程序 (0) (SQLDriverConnect)')
(Background on this error at: https://sqlalche.me/e/20/rvf5)
2026-04-27 17:07:49 | INFO     | app.services.patrol_service | === VIP车位巡检结束 ===
2026-04-27 17:08:19 | INFO     | app.services.patrol_service | === 开始VIP车位巡检 ===
2026-04-27 17:08:19 | ERROR    | app.services.external_db_service | 查询SQL Server失败, 车位=0677, 错误=(pyodbc.InterfaceError) ('IM002', '[IM002] [Microsoft][ODBC 驱动程序管理器] 未发现数据源名称并且未指定默认驱动程序 (0) (SQLDriverConnect)')
(Background on this error at: https://sqlalche.me/e/20/rvf5)
2026-04-27 17:08:19 | INFO     | app.services.patrol_service | === VIP车位巡检结束 ===
2026-04-27 17:08:49 | INFO     | app.services.patrol_service | === 开始VIP车位巡检 ===
2026-04-27 17:08:49 | ERROR    | app.services.external_db_service | 查询SQL Server失败, 车位=0677, 错误=(pyodbc.InterfaceError) ('IM002', '[IM002] [Microsoft][ODBC 驱动程序管理器] 未发现数据源名称并且未指定默认驱动程序 (0) (SQLDriverConnect)')
(Background on this error at: https://sqlalche.me/e/20/rvf5)
2026-04-27 17:08:49 | INFO     | app.services.patrol_service | === VIP车位巡检结束 ===
2026-04-27 17:09:19 | INFO     | app.services.patrol_service | === 开始VIP车位巡检 ===
2026-04-27 17:09:19 | ERROR    | app.services.external_db_service | 查询SQL Server失败, 车位=0677, 错误=(pyodbc.InterfaceError) ('IM002', '[IM002] [Microsoft][ODBC 驱动程序管理器] 未发现数据源名称并且未指定默认驱动程序 (0) (SQLDriverConnect)')
(Background on this error at: https://sqlalche.me/e/20/rvf5)
2026-04-27 17:09:19 | INFO     | app.services.patrol_service | === VIP车位巡检结束 ===
2026-04-27 17:09:49 | INFO     | app.services.patrol_service | === 开始VIP车位巡检 ===
2026-04-27 17:09:49 | ERROR    | app.services.external_db_service | 查询SQL Server失败, 车位=0677, 错误=(pyodbc.InterfaceError) ('IM002', '[IM002] [Microsoft][ODBC 驱动程序管理器] 未发现数据源名称并且未指定默认驱动程序 (0) (SQLDriverConnect)')
(Background on this error at: https://sqlalche.me/e/20/rvf5)
2026-04-27 17:09:49 | INFO     | app.services.patrol_service | === VIP车位巡检结束 ===
2026-04-27 17:10:19 | INFO     | app.services.patrol_service | === 开始VIP车位巡检 ===
2026-04-27 17:10:19 | ERROR    | app.services.external_db_service | 查询SQL Server失败, 车位=0677, 错误=(pyodbc.InterfaceError) ('IM002', '[IM002] [Microsoft][ODBC 驱动程序管理器] 未发现数据源名称并且未指定默认驱动程序 (0) (SQLDriverConnect)')
(Background on this error at: https://sqlalche.me/e/20/rvf5)
2026-04-27 17:10:19 | INFO     | app.services.patrol_service | === VIP车位巡检结束 ===
2026-04-27 17:10:49 | INFO     | app.services.patrol_service | === 开始VIP车位巡检 ===
2026-04-27 17:10:49 | ERROR    | app.services.external_db_service | 查询SQL Server失败, 车位=0677, 错误=(pyodbc.InterfaceError) ('IM002', '[IM002] [Microsoft][ODBC 驱动程序管理器] 未发现数据源名称并且未指定默认驱动程序 (0) (SQLDriverConnect)')
(Background on this error at: https://sqlalche.me/e/20/rvf5)
2026-04-27 17:10:49 | INFO     | app.services.patrol_service | === VIP车位巡检结束 ===
2026-04-27 17:11:19 | INFO     | app.services.patrol_service | === 开始VIP车位巡检 ===
2026-04-27 17:11:19 | ERROR    | app.services.external_db_service | 查询SQL Server失败, 车位=0677, 错误=(pyodbc.InterfaceError) ('IM002', '[IM002] [Microsoft][ODBC 驱动程序管理器] 未发现数据源名称并且未指定默认驱动程序 (0) (SQLDriverConnect)')
(Background on this error at: https://sqlalche.me/e/20/rvf5)
2026-04-27 17:11:19 | INFO     | app.services.patrol_service | === VIP车位巡检结束 ===
2026-04-27 17:11:49 | INFO     | app.services.patrol_service | === 开始VIP车位巡检 ===
2026-04-27 17:11:49 | ERROR    | app.services.external_db_service | 查询SQL Server失败, 车位=0677, 错误=(pyodbc.InterfaceError) ('IM002', '[IM002] [Microsoft][ODBC 驱动程序管理器] 未发现数据源名称并且未指定默认驱动程序 (0) (SQLDriverConnect)')
(Background on this error at: https://sqlalche.me/e/20/rvf5)
2026-04-27 17:11:49 | INFO     | app.services.patrol_service | === VIP车位巡检结束 ===
2026-04-27 17:12:19 | INFO     | app.services.patrol_service | === 开始VIP车位巡检 ===
2026-04-27 17:12:19 | ERROR    | app.services.external_db_service | 查询SQL Server失败, 车位=0677, 错误=(pyodbc.InterfaceError) ('IM002', '[IM002] [Microsoft][ODBC 驱动程序管理器] 未发现数据源名称并且未指定默认驱动程序 (0) (SQLDriverConnect)')
(Background on this error at: https://sqlalche.me/e/20/rvf5)
2026-04-27 17:12:19 | INFO     | app.services.patrol_service | === VIP车位巡检结束 ===
2026-04-27 17:12:49 | INFO     | app.services.patrol_service | === 开始VIP车位巡检 ===
2026-04-27 17:12:49 | ERROR    | app.services.external_db_service | 查询SQL Server失败, 车位=0677, 错误=(pyodbc.InterfaceError) ('IM002', '[IM002] [Microsoft][ODBC 驱动程序管理器] 未发现数据源名称并且未指定默认驱动程序 (0) (SQLDriverConnect)')
(Background on this error at: https://sqlalche.me/e/20/rvf5)
2026-04-27 17:12:49 | INFO     | app.services.patrol_service | === VIP车位巡检结束 ===
2026-04-27 17:13:19 | INFO     | app.services.patrol_service | === 开始VIP车位巡检 ===
2026-04-27 17:13:19 | ERROR    | app.services.external_db_service | 查询SQL Server失败, 车位=0677, 错误=(pyodbc.InterfaceError) ('IM002', '[IM002] [Microsoft][ODBC 驱动程序管理器] 未发现数据源名称并且未指定默认驱动程序 (0) (SQLDriverConnect)')
(Background on this error at: https://sqlalche.me/e/20/rvf5)
2026-04-27 17:13:19 | INFO     | app.services.patrol_service | === VIP车位巡检结束 ===
2026-04-27 17:13:49 | INFO     | app.services.patrol_service | === 开始VIP车位巡检 ===
2026-04-27 17:13:49 | ERROR    | app.services.external_db_service | 查询SQL Server失败, 车位=0677, 错误=(pyodbc.InterfaceError) ('IM002', '[IM002] [Microsoft][ODBC 驱动程序管理器] 未发现数据源名称并且未指定默认驱动程序 (0) (SQLDriverConnect)')
(Background on this error at: https://sqlalche.me/e/20/rvf5)
2026-04-27 17:13:49 | INFO     | app.services.patrol_service | === VIP车位巡检结束 ===
2026-04-27 17:14:19 | INFO     | app.services.patrol_service | === 开始VIP车位巡检 ===
2026-04-27 17:14:19 | ERROR    | app.services.external_db_service | 查询SQL Server失败, 车位=0677, 错误=(pyodbc.InterfaceError) ('IM002', '[IM002] [Microsoft][ODBC 驱动程序管理器] 未发现数据源名称并且未指定默认驱动程序 (0) (SQLDriverConnect)')
(Background on this error at: https://sqlalche.me/e/20/rvf5)
2026-04-27 17:14:19 | INFO     | app.services.patrol_service | === VIP车位巡检结束 ===
2026-04-27 17:14:49 | INFO     | app.services.patrol_service | === 开始VIP车位巡检 ===
2026-04-27 17:14:49 | ERROR    | app.services.external_db_service | 查询SQL Server失败, 车位=0677, 错误=(pyodbc.InterfaceError) ('IM002', '[IM002] [Microsoft][ODBC 驱动程序管理器] 未发现数据源名称并且未指定默认驱动程序 (0) (SQLDriverConnect)')
(Background on this error at: https://sqlalche.me/e/20/rvf5)
2026-04-27 17:14:49 | INFO     | app.services.patrol_service | === VIP车位巡检结束 ===
2026-04-27 17:15:19 | INFO     | app.services.patrol_service | === 开始VIP车位巡检 ===
2026-04-27 17:15:19 | ERROR    | app.services.external_db_service | 查询SQL Server失败, 车位=0677, 错误=(pyodbc.InterfaceError) ('IM002', '[IM002] [Microsoft][ODBC 驱动程序管理器] 未发现数据源名称并且未指定默认驱动程序 (0) (SQLDriverConnect)')
(Background on this error at: https://sqlalche.me/e/20/rvf5)
2026-04-27 17:15:19 | INFO     | app.services.patrol_service | === VIP车位巡检结束 ===
2026-04-27 17:15:49 | INFO     | app.services.patrol_service | === 开始VIP车位巡检 ===
2026-04-27 17:15:49 | ERROR    | app.services.external_db_service | 查询SQL Server失败, 车位=0677, 错误=(pyodbc.InterfaceError) ('IM002', '[IM002] [Microsoft][ODBC 驱动程序管理器] 未发现数据源名称并且未指定默认驱动程序 (0) (SQLDriverConnect)')
(Background on this error at: https://sqlalche.me/e/20/rvf5)
2026-04-27 17:15:49 | INFO     | app.services.patrol_service | === VIP车位巡检结束 ===
2026-04-27 17:16:19 | INFO     | app.services.patrol_service | === 开始VIP车位巡检 ===
2026-04-27 17:16:19 | ERROR    | app.services.external_db_service | 查询SQL Server失败, 车位=0677, 错误=(pyodbc.InterfaceError) ('IM002', '[IM002] [Microsoft][ODBC 驱动程序管理器] 未发现数据源名称并且未指定默认驱动程序 (0) (SQLDriverConnect)')
(Background on this error at: https://sqlalche.me/e/20/rvf5)
2026-04-27 17:16:19 | INFO     | app.services.patrol_service | === VIP车位巡检结束 ===
2026-04-27 17:16:49 | INFO     | app.services.patrol_service | === 开始VIP车位巡检 ===
2026-04-27 17:16:49 | ERROR    | app.services.external_db_service | 查询SQL Server失败, 车位=0677, 错误=(pyodbc.InterfaceError) ('IM002', '[IM002] [Microsoft][ODBC 驱动程序管理器] 未发现数据源名称并且未指定默认驱动程序 (0) (SQLDriverConnect)')
(Background on this error at: https://sqlalche.me/e/20/rvf5)
2026-04-27 17:16:49 | INFO     | app.services.patrol_service | === VIP车位巡检结束 ===
2026-04-27 17:17:19 | INFO     | app.services.patrol_service | === 开始VIP车位巡检 ===
2026-04-27 17:17:19 | ERROR    | app.services.external_db_service | 查询SQL Server失败, 车位=0677, 错误=(pyodbc.InterfaceError) ('IM002', '[IM002] [Microsoft][ODBC 驱动程序管理器] 未发现数据源名称并且未指定默认驱动程序 (0) (SQLDriverConnect)')
(Background on this error at: https://sqlalche.me/e/20/rvf5)
2026-04-27 17:17:19 | INFO     | app.services.patrol_service | === VIP车位巡检结束 ===
2026-04-27 17:17:49 | INFO     | app.services.patrol_service | === 开始VIP车位巡检 ===
2026-04-27 17:17:49 | ERROR    | app.services.external_db_service | 查询SQL Server失败, 车位=0677, 错误=(pyodbc.InterfaceError) ('IM002', '[IM002] [Microsoft][ODBC 驱动程序管理器] 未发现数据源名称并且未指定默认驱动程序 (0) (SQLDriverConnect)')
(Background on this error at: https://sqlalche.me/e/20/rvf5)
2026-04-27 17:17:49 | INFO     | app.services.patrol_service | === VIP车位巡检结束 ===
2026-04-27 17:18:19 | INFO     | app.services.patrol_service | === 开始VIP车位巡检 ===
2026-04-27 17:18:19 | ERROR    | app.services.external_db_service | 查询SQL Server失败, 车位=0677, 错误=(pyodbc.InterfaceError) ('IM002', '[IM002] [Microsoft][ODBC 驱动程序管理器] 未发现数据源名称并且未指定默认驱动程序 (0) (SQLDriverConnect)')
(Background on this error at: https://sqlalche.me/e/20/rvf5)
2026-04-27 17:18:19 | INFO     | app.services.patrol_service | === VIP车位巡检结束 ===
2026-04-27 17:18:49 | INFO     | app.services.patrol_service | === 开始VIP车位巡检 ===
2026-04-27 17:18:49 | ERROR    | app.services.external_db_service | 查询SQL Server失败, 车位=0677, 错误=(pyodbc.InterfaceError) ('IM002', '[IM002] [Microsoft][ODBC 驱动程序管理器] 未发现数据源名称并且未指定默认驱动程序 (0) (SQLDriverConnect)')
(Background on this error at: https://sqlalche.me/e/20/rvf5)
2026-04-27 17:18:49 | INFO     | app.services.patrol_service | === VIP车位巡检结束 ===
2026-04-27 17:19:19 | INFO     | app.services.patrol_service | === 开始VIP车位巡检 ===
2026-04-27 17:19:19 | ERROR    | app.services.external_db_service | 查询SQL Server失败, 车位=0677, 错误=(pyodbc.InterfaceError) ('IM002', '[IM002] [Microsoft][ODBC 驱动程序管理器] 未发现数据源名称并且未指定默认驱动程序 (0) (SQLDriverConnect)')
(Background on this error at: https://sqlalche.me/e/20/rvf5)
2026-04-27 17:19:19 | INFO     | app.services.patrol_service | === VIP车位巡检结束 ===
2026-04-27 17:19:49 | INFO     | app.services.patrol_service | === 开始VIP车位巡检 ===
2026-04-27 17:19:49 | ERROR    | app.services.external_db_service | 查询SQL Server失败, 车位=0677, 错误=(pyodbc.InterfaceError) ('IM002', '[IM002] [Microsoft][ODBC 驱动程序管理器] 未发现数据源名称并且未指定默认驱动程序 (0) (SQLDriverConnect)')
(Background on this error at: https://sqlalche.me/e/20/rvf5)
2026-04-27 17:19:50 | INFO     | app.services.patrol_service | === VIP车位巡检结束 ===
