2026-04-24 15:47:19 | INFO     | app.main | VIP车位告警系统启动中...
2026-04-24 15:47:19 | INFO     | app.scheduler.setup | APScheduler调度器已启动
2026-04-24 15:47:19 | INFO     | app.api.contacts | 新增联系人: id=1, name=张三
2026-04-24 15:47:19 | INFO     | httpx | HTTP Request: POST http://testserver/api/contacts "HTTP/1.1 200 OK"
2026-04-24 15:47:19 | INFO     | app.scheduler.setup | APScheduler调度器已关闭
2026-04-24 15:47:19 | INFO     | app.main | VIP车位告警系统已关闭
2026-04-24 15:47:19 | INFO     | app.main | VIP车位告警系统启动中...
2026-04-24 15:47:19 | INFO     | app.main | VIP车位告警系统启动中...
2026-04-24 15:47:19 | INFO     | app.scheduler.setup | APScheduler调度器已启动
2026-04-24 15:47:19 | INFO     | app.scheduler.setup | APScheduler调度器已启动
2026-04-24 15:47:19 | INFO     | app.api.contacts | 查询通讯录列表: page=1, page_size=20, total=0
2026-04-24 15:47:19 | INFO     | app.api.contacts | 查询通讯录列表: page=1, page_size=20, total=0
2026-04-24 15:47:19 | INFO     | httpx | HTTP Request: GET http://testserver/api/contacts "HTTP/1.1 200 OK"
2026-04-24 15:47:19 | INFO     | httpx | HTTP Request: GET http://testserver/api/contacts "HTTP/1.1 200 OK"
2026-04-24 15:47:19 | INFO     | app.scheduler.setup | APScheduler调度器已关闭
2026-04-24 15:47:19 | INFO     | app.scheduler.setup | APScheduler调度器已关闭
2026-04-24 15:47:19 | INFO     | app.main | VIP车位告警系统已关闭
2026-04-24 15:47:19 | INFO     | app.main | VIP车位告警系统已关闭
2026-04-24 15:47:19 | INFO     | app.main | VIP车位告警系统启动中...
2026-04-24 15:47:19 | INFO     | app.main | VIP车位告警系统启动中...
2026-04-24 15:47:19 | INFO     | app.main | VIP车位告警系统启动中...
2026-04-24 15:47:19 | INFO     | app.scheduler.setup | APScheduler调度器已启动
2026-04-24 15:47:19 | INFO     | app.scheduler.setup | APScheduler调度器已启动
2026-04-24 15:47:19 | INFO     | app.scheduler.setup | APScheduler调度器已启动
2026-04-24 15:47:19 | INFO     | app.api.contacts | 新增联系人: id=1, name=李四
2026-04-24 15:47:19 | INFO     | app.api.contacts | 新增联系人: id=1, name=李四
2026-04-24 15:47:19 | INFO     | app.api.contacts | 新增联系人: id=1, name=李四
2026-04-24 15:47:19 | INFO     | httpx | HTTP Request: POST http://testserver/api/contacts "HTTP/1.1 200 OK"
2026-04-24 15:47:19 | INFO     | httpx | HTTP Request: POST http://testserver/api/contacts "HTTP/1.1 200 OK"
2026-04-24 15:47:19 | INFO     | httpx | HTTP Request: POST http://testserver/api/contacts "HTTP/1.1 200 OK"
2026-04-24 15:47:19 | INFO     | app.api.contacts | 编辑联系人: id=1, name=李四更新
2026-04-24 15:47:19 | INFO     | app.api.contacts | 编辑联系人: id=1, name=李四更新
2026-04-24 15:47:19 | INFO     | app.api.contacts | 编辑联系人: id=1, name=李四更新
2026-04-24 15:47:19 | INFO     | httpx | HTTP Request: PUT http://testserver/api/contacts/1 "HTTP/1.1 200 OK"
2026-04-24 15:47:19 | INFO     | httpx | HTTP Request: PUT http://testserver/api/contacts/1 "HTTP/1.1 200 OK"
2026-04-24 15:47:19 | INFO     | httpx | HTTP Request: PUT http://testserver/api/contacts/1 "HTTP/1.1 200 OK"
2026-04-24 15:47:19 | INFO     | app.scheduler.setup | APScheduler调度器已关闭
2026-04-24 15:47:19 | INFO     | app.scheduler.setup | APScheduler调度器已关闭
2026-04-24 15:47:19 | INFO     | app.scheduler.setup | APScheduler调度器已关闭
2026-04-24 15:47:19 | INFO     | app.main | VIP车位告警系统已关闭
2026-04-24 15:47:19 | INFO     | app.main | VIP车位告警系统已关闭
2026-04-24 15:47:19 | INFO     | app.main | VIP车位告警系统已关闭
2026-04-24 15:47:19 | INFO     | app.main | VIP车位告警系统启动中...
2026-04-24 15:47:19 | INFO     | app.main | VIP车位告警系统启动中...
2026-04-24 15:47:19 | INFO     | app.main | VIP车位告警系统启动中...
2026-04-24 15:47:19 | INFO     | app.main | VIP车位告警系统启动中...
2026-04-24 15:47:19 | INFO     | app.scheduler.setup | APScheduler调度器已启动
2026-04-24 15:47:19 | INFO     | app.scheduler.setup | APScheduler调度器已启动
2026-04-24 15:47:19 | INFO     | app.scheduler.setup | APScheduler调度器已启动
2026-04-24 15:47:19 | INFO     | app.scheduler.setup | APScheduler调度器已启动
2026-04-24 15:47:19 | INFO     | app.api.contacts | 新增联系人: id=1, name=王五
2026-04-24 15:47:19 | INFO     | app.api.contacts | 新增联系人: id=1, name=王五
2026-04-24 15:47:19 | INFO     | app.api.contacts | 新增联系人: id=1, name=王五
2026-04-24 15:47:19 | INFO     | app.api.contacts | 新增联系人: id=1, name=王五
2026-04-24 15:47:19 | INFO     | httpx | HTTP Request: POST http://testserver/api/contacts "HTTP/1.1 200 OK"
2026-04-24 15:47:19 | INFO     | httpx | HTTP Request: POST http://testserver/api/contacts "HTTP/1.1 200 OK"
2026-04-24 15:47:19 | INFO     | httpx | HTTP Request: POST http://testserver/api/contacts "HTTP/1.1 200 OK"
2026-04-24 15:47:19 | INFO     | httpx | HTTP Request: POST http://testserver/api/contacts "HTTP/1.1 200 OK"
2026-04-24 15:47:19 | INFO     | app.api.contacts | 删除联系人: id=1
2026-04-24 15:47:19 | INFO     | app.api.contacts | 删除联系人: id=1
2026-04-24 15:47:19 | INFO     | app.api.contacts | 删除联系人: id=1
2026-04-24 15:47:19 | INFO     | app.api.contacts | 删除联系人: id=1
2026-04-24 15:47:19 | INFO     | httpx | HTTP Request: DELETE http://testserver/api/contacts/1 "HTTP/1.1 200 OK"
2026-04-24 15:47:19 | INFO     | httpx | HTTP Request: DELETE http://testserver/api/contacts/1 "HTTP/1.1 200 OK"
2026-04-24 15:47:19 | INFO     | httpx | HTTP Request: DELETE http://testserver/api/contacts/1 "HTTP/1.1 200 OK"
2026-04-24 15:47:19 | INFO     | httpx | HTTP Request: DELETE http://testserver/api/contacts/1 "HTTP/1.1 200 OK"
2026-04-24 15:47:19 | INFO     | app.scheduler.setup | APScheduler调度器已关闭
2026-04-24 15:47:19 | INFO     | app.scheduler.setup | APScheduler调度器已关闭
2026-04-24 15:47:19 | INFO     | app.scheduler.setup | APScheduler调度器已关闭
2026-04-24 15:47:19 | INFO     | app.scheduler.setup | APScheduler调度器已关闭
2026-04-24 15:47:19 | INFO     | app.main | VIP车位告警系统已关闭
2026-04-24 15:47:19 | INFO     | app.main | VIP车位告警系统已关闭
2026-04-24 15:47:19 | INFO     | app.main | VIP车位告警系统已关闭
2026-04-24 15:47:19 | INFO     | app.main | VIP车位告警系统已关闭
2026-04-24 15:47:20 | INFO     | app.services.sms_sender | 短信发送成功: 13800138000
2026-04-24 15:47:20 | INFO     | app.services.sms_sender | 短信发送成功: 13800138000
2026-04-24 15:47:20 | INFO     | app.services.sms_sender | 短信发送成功: 13800138000
2026-04-24 15:47:20 | INFO     | app.services.sms_sender | 短信发送成功: 13800138000
2026-04-24 15:47:20 | WARNING  | app.services.sms_sender | 短信发送失败: 13800138000, HTTP 500, body=error
2026-04-24 15:47:20 | WARNING  | app.services.sms_sender | 短信发送失败: 13800138000, HTTP 500, body=error
2026-04-24 15:47:20 | WARNING  | app.services.sms_sender | 短信发送失败: 13800138000, HTTP 500, body=error
2026-04-24 15:47:20 | WARNING  | app.services.sms_sender | 短信发送失败: 13800138000, HTTP 500, body=error
2026-04-24 15:47:20 | ERROR    | app.services.sms_sender | 短信发送异常: 13800138000, timeout
2026-04-24 15:47:20 | ERROR    | app.services.sms_sender | 短信发送异常: 13800138000, timeout
2026-04-24 15:47:20 | ERROR    | app.services.sms_sender | 短信发送异常: 13800138000, timeout
2026-04-24 15:47:20 | ERROR    | app.services.sms_sender | 短信发送异常: 13800138000, timeout
2026-04-24 15:47:20 | INFO     | app.main | VIP车位告警系统启动中...
2026-04-24 15:47:20 | INFO     | app.main | VIP车位告警系统启动中...
2026-04-24 15:47:20 | INFO     | app.main | VIP车位告警系统启动中...
2026-04-24 15:47:20 | INFO     | app.main | VIP车位告警系统启动中...
2026-04-24 15:47:20 | INFO     | app.main | VIP车位告警系统启动中...
2026-04-24 15:47:20 | INFO     | app.scheduler.setup | APScheduler调度器已启动
2026-04-24 15:47:20 | INFO     | app.scheduler.setup | APScheduler调度器已启动
2026-04-24 15:47:20 | INFO     | app.scheduler.setup | APScheduler调度器已启动
2026-04-24 15:47:20 | INFO     | app.scheduler.setup | APScheduler调度器已启动
2026-04-24 15:47:20 | INFO     | app.scheduler.setup | APScheduler调度器已启动
2026-04-24 15:47:20 | ERROR    | app.main | 未处理异常: http://testserver/api/spots - 1 validation error for SpotResponse
allowed_plates
  Input should be a valid list [type=list_type, input_value='["粤B12345", "粤B67890"]', input_type=str]
    For further information visit https://errors.pydantic.dev/2.13/v/list_type
Traceback (most recent call last):
  File "/usr/local/lib/python3.10/dist-packages/starlette/middleware/errors.py", line 165, in __call__
    await self.app(scope, receive, _send)
  File "/usr/local/lib/python3.10/dist-packages/starlette/middleware/exceptions.py", line 62, in __call__
    await wrap_app_handling_exceptions(self.app, conn)(scope, receive, send)
  File "/usr/local/lib/python3.10/dist-packages/starlette/_exception_handler.py", line 62, in wrapped_app
    raise exc
  File "/usr/local/lib/python3.10/dist-packages/starlette/_exception_handler.py", line 51, in wrapped_app
    await app(scope, receive, sender)
  File "/usr/local/lib/python3.10/dist-packages/starlette/routing.py", line 715, in __call__
    await self.middleware_stack(scope, receive, send)
  File "/usr/local/lib/python3.10/dist-packages/starlette/routing.py", line 735, in app
    await route.handle(scope, receive, send)
  File "/usr/local/lib/python3.10/dist-packages/starlette/routing.py", line 288, in handle
    await self.app(scope, receive, send)
  File "/usr/local/lib/python3.10/dist-packages/starlette/routing.py", line 76, in app
    await wrap_app_handling_exceptions(app, request)(scope, receive, send)
  File "/usr/local/lib/python3.10/dist-packages/starlette/_exception_handler.py", line 62, in wrapped_app
    raise exc
  File "/usr/local/lib/python3.10/dist-packages/starlette/_exception_handler.py", line 51, in wrapped_app
    await app(scope, receive, sender)
  File "/usr/local/lib/python3.10/dist-packages/starlette/routing.py", line 73, in app
    response = await f(request)
  File "/usr/local/lib/python3.10/dist-packages/fastapi/routing.py", line 301, in app
    raw_response = await run_endpoint_function(
  File "/usr/local/lib/python3.10/dist-packages/fastapi/routing.py", line 214, in run_endpoint_function
    return await run_in_threadpool(dependant.call, **values)
  File "/usr/local/lib/python3.10/dist-packages/starlette/concurrency.py", line 39, in run_in_threadpool
    return await anyio.to_thread.run_sync(func, *args)
  File "/usr/local/lib/python3.10/dist-packages/anyio/to_thread.py", line 63, in run_sync
    return await get_async_backend().run_sync_in_worker_thread(
  File "/usr/local/lib/python3.10/dist-packages/anyio/_backends/_asyncio.py", line 2518, in run_sync_in_worker_thread
    return await future
  File "/usr/local/lib/python3.10/dist-packages/anyio/_backends/_asyncio.py", line 1002, in run
    result = context.run(func, *args)
  File "/workspace/vip_parking_alert/backend/app/api/spots.py", line 76, in create_spot
    result = SpotResponse.model_validate(spot).model_dump()
  File "/usr/local/lib/python3.10/dist-packages/pydantic/main.py", line 732, in model_validate
    return cls.__pydantic_validator__.validate_python(
pydantic_core._pydantic_core.ValidationError: 1 validation error for SpotResponse
allowed_plates
  Input should be a valid list [type=list_type, input_value='["粤B12345", "粤B67890"]', input_type=str]
    For further information visit https://errors.pydantic.dev/2.13/v/list_type
2026-04-24 15:47:20 | ERROR    | app.main | 未处理异常: http://testserver/api/spots - 1 validation error for SpotResponse
allowed_plates
  Input should be a valid list [type=list_type, input_value='["粤B12345", "粤B67890"]', input_type=str]
    For further information visit https://errors.pydantic.dev/2.13/v/list_type
Traceback (most recent call last):
  File "/usr/local/lib/python3.10/dist-packages/starlette/middleware/errors.py", line 165, in __call__
    await self.app(scope, receive, _send)
  File "/usr/local/lib/python3.10/dist-packages/starlette/middleware/exceptions.py", line 62, in __call__
    await wrap_app_handling_exceptions(self.app, conn)(scope, receive, send)
  File "/usr/local/lib/python3.10/dist-packages/starlette/_exception_handler.py", line 62, in wrapped_app
    raise exc
  File "/usr/local/lib/python3.10/dist-packages/starlette/_exception_handler.py", line 51, in wrapped_app
    await app(scope, receive, sender)
  File "/usr/local/lib/python3.10/dist-packages/starlette/routing.py", line 715, in __call__
    await self.middleware_stack(scope, receive, send)
  File "/usr/local/lib/python3.10/dist-packages/starlette/routing.py", line 735, in app
    await route.handle(scope, receive, send)
  File "/usr/local/lib/python3.10/dist-packages/starlette/routing.py", line 288, in handle
    await self.app(scope, receive, send)
  File "/usr/local/lib/python3.10/dist-packages/starlette/routing.py", line 76, in app
    await wrap_app_handling_exceptions(app, request)(scope, receive, send)
  File "/usr/local/lib/python3.10/dist-packages/starlette/_exception_handler.py", line 62, in wrapped_app
    raise exc
  File "/usr/local/lib/python3.10/dist-packages/starlette/_exception_handler.py", line 51, in wrapped_app
    await app(scope, receive, sender)
  File "/usr/local/lib/python3.10/dist-packages/starlette/routing.py", line 73, in app
    response = await f(request)
  File "/usr/local/lib/python3.10/dist-packages/fastapi/routing.py", line 301, in app
    raw_response = await run_endpoint_function(
  File "/usr/local/lib/python3.10/dist-packages/fastapi/routing.py", line 214, in run_endpoint_function
    return await run_in_threadpool(dependant.call, **values)
  File "/usr/local/lib/python3.10/dist-packages/starlette/concurrency.py", line 39, in run_in_threadpool
    return await anyio.to_thread.run_sync(func, *args)
  File "/usr/local/lib/python3.10/dist-packages/anyio/to_thread.py", line 63, in run_sync
    return await get_async_backend().run_sync_in_worker_thread(
  File "/usr/local/lib/python3.10/dist-packages/anyio/_backends/_asyncio.py", line 2518, in run_sync_in_worker_thread
    return await future
  File "/usr/local/lib/python3.10/dist-packages/anyio/_backends/_asyncio.py", line 1002, in run
    result = context.run(func, *args)
  File "/workspace/vip_parking_alert/backend/app/api/spots.py", line 76, in create_spot
    result = SpotResponse.model_validate(spot).model_dump()
  File "/usr/local/lib/python3.10/dist-packages/pydantic/main.py", line 732, in model_validate
    return cls.__pydantic_validator__.validate_python(
pydantic_core._pydantic_core.ValidationError: 1 validation error for SpotResponse
allowed_plates
  Input should be a valid list [type=list_type, input_value='["粤B12345", "粤B67890"]', input_type=str]
    For further information visit https://errors.pydantic.dev/2.13/v/list_type
2026-04-24 15:47:20 | ERROR    | app.main | 未处理异常: http://testserver/api/spots - 1 validation error for SpotResponse
allowed_plates
  Input should be a valid list [type=list_type, input_value='["粤B12345", "粤B67890"]', input_type=str]
    For further information visit https://errors.pydantic.dev/2.13/v/list_type
Traceback (most recent call last):
  File "/usr/local/lib/python3.10/dist-packages/starlette/middleware/errors.py", line 165, in __call__
    await self.app(scope, receive, _send)
  File "/usr/local/lib/python3.10/dist-packages/starlette/middleware/exceptions.py", line 62, in __call__
    await wrap_app_handling_exceptions(self.app, conn)(scope, receive, send)
  File "/usr/local/lib/python3.10/dist-packages/starlette/_exception_handler.py", line 62, in wrapped_app
    raise exc
  File "/usr/local/lib/python3.10/dist-packages/starlette/_exception_handler.py", line 51, in wrapped_app
    await app(scope, receive, sender)
  File "/usr/local/lib/python3.10/dist-packages/starlette/routing.py", line 715, in __call__
    await self.middleware_stack(scope, receive, send)
  File "/usr/local/lib/python3.10/dist-packages/starlette/routing.py", line 735, in app
    await route.handle(scope, receive, send)
  File "/usr/local/lib/python3.10/dist-packages/starlette/routing.py", line 288, in handle
    await self.app(scope, receive, send)
  File "/usr/local/lib/python3.10/dist-packages/starlette/routing.py", line 76, in app
    await wrap_app_handling_exceptions(app, request)(scope, receive, send)
  File "/usr/local/lib/python3.10/dist-packages/starlette/_exception_handler.py", line 62, in wrapped_app
    raise exc
  File "/usr/local/lib/python3.10/dist-packages/starlette/_exception_handler.py", line 51, in wrapped_app
    await app(scope, receive, sender)
  File "/usr/local/lib/python3.10/dist-packages/starlette/routing.py", line 73, in app
    response = await f(request)
  File "/usr/local/lib/python3.10/dist-packages/fastapi/routing.py", line 301, in app
    raw_response = await run_endpoint_function(
  File "/usr/local/lib/python3.10/dist-packages/fastapi/routing.py", line 214, in run_endpoint_function
    return await run_in_threadpool(dependant.call, **values)
  File "/usr/local/lib/python3.10/dist-packages/starlette/concurrency.py", line 39, in run_in_threadpool
    return await anyio.to_thread.run_sync(func, *args)
  File "/usr/local/lib/python3.10/dist-packages/anyio/to_thread.py", line 63, in run_sync
    return await get_async_backend().run_sync_in_worker_thread(
  File "/usr/local/lib/python3.10/dist-packages/anyio/_backends/_asyncio.py", line 2518, in run_sync_in_worker_thread
    return await future
  File "/usr/local/lib/python3.10/dist-packages/anyio/_backends/_asyncio.py", line 1002, in run
    result = context.run(func, *args)
  File "/workspace/vip_parking_alert/backend/app/api/spots.py", line 76, in create_spot
    result = SpotResponse.model_validate(spot).model_dump()
  File "/usr/local/lib/python3.10/dist-packages/pydantic/main.py", line 732, in model_validate
    return cls.__pydantic_validator__.validate_python(
pydantic_core._pydantic_core.ValidationError: 1 validation error for SpotResponse
allowed_plates
  Input should be a valid list [type=list_type, input_value='["粤B12345", "粤B67890"]', input_type=str]
    For further information visit https://errors.pydantic.dev/2.13/v/list_type
2026-04-24 15:47:20 | ERROR    | app.main | 未处理异常: http://testserver/api/spots - 1 validation error for SpotResponse
allowed_plates
  Input should be a valid list [type=list_type, input_value='["粤B12345", "粤B67890"]', input_type=str]
    For further information visit https://errors.pydantic.dev/2.13/v/list_type
Traceback (most recent call last):
  File "/usr/local/lib/python3.10/dist-packages/starlette/middleware/errors.py", line 165, in __call__
    await self.app(scope, receive, _send)
  File "/usr/local/lib/python3.10/dist-packages/starlette/middleware/exceptions.py", line 62, in __call__
    await wrap_app_handling_exceptions(self.app, conn)(scope, receive, send)
  File "/usr/local/lib/python3.10/dist-packages/starlette/_exception_handler.py", line 62, in wrapped_app
    raise exc
  File "/usr/local/lib/python3.10/dist-packages/starlette/_exception_handler.py", line 51, in wrapped_app
    await app(scope, receive, sender)
  File "/usr/local/lib/python3.10/dist-packages/starlette/routing.py", line 715, in __call__
    await self.middleware_stack(scope, receive, send)
  File "/usr/local/lib/python3.10/dist-packages/starlette/routing.py", line 735, in app
    await route.handle(scope, receive, send)
  File "/usr/local/lib/python3.10/dist-packages/starlette/routing.py", line 288, in handle
    await self.app(scope, receive, send)
  File "/usr/local/lib/python3.10/dist-packages/starlette/routing.py", line 76, in app
    await wrap_app_handling_exceptions(app, request)(scope, receive, send)
  File "/usr/local/lib/python3.10/dist-packages/starlette/_exception_handler.py", line 62, in wrapped_app
    raise exc
  File "/usr/local/lib/python3.10/dist-packages/starlette/_exception_handler.py", line 51, in wrapped_app
    await app(scope, receive, sender)
  File "/usr/local/lib/python3.10/dist-packages/starlette/routing.py", line 73, in app
    response = await f(request)
  File "/usr/local/lib/python3.10/dist-packages/fastapi/routing.py", line 301, in app
    raw_response = await run_endpoint_function(
  File "/usr/local/lib/python3.10/dist-packages/fastapi/routing.py", line 214, in run_endpoint_function
    return await run_in_threadpool(dependant.call, **values)
  File "/usr/local/lib/python3.10/dist-packages/starlette/concurrency.py", line 39, in run_in_threadpool
    return await anyio.to_thread.run_sync(func, *args)
  File "/usr/local/lib/python3.10/dist-packages/anyio/to_thread.py", line 63, in run_sync
    return await get_async_backend().run_sync_in_worker_thread(
  File "/usr/local/lib/python3.10/dist-packages/anyio/_backends/_asyncio.py", line 2518, in run_sync_in_worker_thread
    return await future
  File "/usr/local/lib/python3.10/dist-packages/anyio/_backends/_asyncio.py", line 1002, in run
    result = context.run(func, *args)
  File "/workspace/vip_parking_alert/backend/app/api/spots.py", line 76, in create_spot
    result = SpotResponse.model_validate(spot).model_dump()
  File "/usr/local/lib/python3.10/dist-packages/pydantic/main.py", line 732, in model_validate
    return cls.__pydantic_validator__.validate_python(
pydantic_core._pydantic_core.ValidationError: 1 validation error for SpotResponse
allowed_plates
  Input should be a valid list [type=list_type, input_value='["粤B12345", "粤B67890"]', input_type=str]
    For further information visit https://errors.pydantic.dev/2.13/v/list_type
2026-04-24 15:47:20 | ERROR    | app.main | 未处理异常: http://testserver/api/spots - 1 validation error for SpotResponse
allowed_plates
  Input should be a valid list [type=list_type, input_value='["粤B12345", "粤B67890"]', input_type=str]
    For further information visit https://errors.pydantic.dev/2.13/v/list_type
Traceback (most recent call last):
  File "/usr/local/lib/python3.10/dist-packages/starlette/middleware/errors.py", line 165, in __call__
    await self.app(scope, receive, _send)
  File "/usr/local/lib/python3.10/dist-packages/starlette/middleware/exceptions.py", line 62, in __call__
    await wrap_app_handling_exceptions(self.app, conn)(scope, receive, send)
  File "/usr/local/lib/python3.10/dist-packages/starlette/_exception_handler.py", line 62, in wrapped_app
    raise exc
  File "/usr/local/lib/python3.10/dist-packages/starlette/_exception_handler.py", line 51, in wrapped_app
    await app(scope, receive, sender)
  File "/usr/local/lib/python3.10/dist-packages/starlette/routing.py", line 715, in __call__
    await self.middleware_stack(scope, receive, send)
  File "/usr/local/lib/python3.10/dist-packages/starlette/routing.py", line 735, in app
    await route.handle(scope, receive, send)
  File "/usr/local/lib/python3.10/dist-packages/starlette/routing.py", line 288, in handle
    await self.app(scope, receive, send)
  File "/usr/local/lib/python3.10/dist-packages/starlette/routing.py", line 76, in app
    await wrap_app_handling_exceptions(app, request)(scope, receive, send)
  File "/usr/local/lib/python3.10/dist-packages/starlette/_exception_handler.py", line 62, in wrapped_app
    raise exc
  File "/usr/local/lib/python3.10/dist-packages/starlette/_exception_handler.py", line 51, in wrapped_app
    await app(scope, receive, sender)
  File "/usr/local/lib/python3.10/dist-packages/starlette/routing.py", line 73, in app
    response = await f(request)
  File "/usr/local/lib/python3.10/dist-packages/fastapi/routing.py", line 301, in app
    raw_response = await run_endpoint_function(
  File "/usr/local/lib/python3.10/dist-packages/fastapi/routing.py", line 214, in run_endpoint_function
    return await run_in_threadpool(dependant.call, **values)
  File "/usr/local/lib/python3.10/dist-packages/starlette/concurrency.py", line 39, in run_in_threadpool
    return await anyio.to_thread.run_sync(func, *args)
  File "/usr/local/lib/python3.10/dist-packages/anyio/to_thread.py", line 63, in run_sync
    return await get_async_backend().run_sync_in_worker_thread(
  File "/usr/local/lib/python3.10/dist-packages/anyio/_backends/_asyncio.py", line 2518, in run_sync_in_worker_thread
    return await future
  File "/usr/local/lib/python3.10/dist-packages/anyio/_backends/_asyncio.py", line 1002, in run
    result = context.run(func, *args)
  File "/workspace/vip_parking_alert/backend/app/api/spots.py", line 76, in create_spot
    result = SpotResponse.model_validate(spot).model_dump()
  File "/usr/local/lib/python3.10/dist-packages/pydantic/main.py", line 732, in model_validate
    return cls.__pydantic_validator__.validate_python(
pydantic_core._pydantic_core.ValidationError: 1 validation error for SpotResponse
allowed_plates
  Input should be a valid list [type=list_type, input_value='["粤B12345", "粤B67890"]', input_type=str]
    For further information visit https://errors.pydantic.dev/2.13/v/list_type
2026-04-24 15:47:21 | INFO     | app.scheduler.setup | APScheduler调度器已关闭
2026-04-24 15:47:21 | INFO     | app.scheduler.setup | APScheduler调度器已关闭
2026-04-24 15:47:21 | INFO     | app.scheduler.setup | APScheduler调度器已关闭
2026-04-24 15:47:21 | INFO     | app.scheduler.setup | APScheduler调度器已关闭
2026-04-24 15:47:21 | INFO     | app.scheduler.setup | APScheduler调度器已关闭
2026-04-24 15:47:21 | INFO     | app.main | VIP车位告警系统已关闭
2026-04-24 15:47:21 | INFO     | app.main | VIP车位告警系统已关闭
2026-04-24 15:47:21 | INFO     | app.main | VIP车位告警系统已关闭
2026-04-24 15:47:21 | INFO     | app.main | VIP车位告警系统已关闭
2026-04-24 15:47:21 | INFO     | app.main | VIP车位告警系统已关闭
2026-04-24 15:47:21 | INFO     | app.main | VIP车位告警系统启动中...
2026-04-24 15:47:21 | INFO     | app.main | VIP车位告警系统启动中...
2026-04-24 15:47:21 | INFO     | app.main | VIP车位告警系统启动中...
2026-04-24 15:47:21 | INFO     | app.main | VIP车位告警系统启动中...
2026-04-24 15:47:21 | INFO     | app.main | VIP车位告警系统启动中...
2026-04-24 15:47:21 | INFO     | app.main | VIP车位告警系统启动中...
2026-04-24 15:47:21 | INFO     | app.scheduler.setup | APScheduler调度器已启动
2026-04-24 15:47:21 | INFO     | app.scheduler.setup | APScheduler调度器已启动
2026-04-24 15:47:21 | INFO     | app.scheduler.setup | APScheduler调度器已启动
2026-04-24 15:47:21 | INFO     | app.scheduler.setup | APScheduler调度器已启动
2026-04-24 15:47:21 | INFO     | app.scheduler.setup | APScheduler调度器已启动
2026-04-24 15:47:21 | INFO     | app.scheduler.setup | APScheduler调度器已启动
2026-04-24 15:47:21 | ERROR    | app.main | 未处理异常: http://testserver/api/spots - 1 validation error for SpotResponse
allowed_plates
  Input should be a valid list [type=list_type, input_value='["粤B11111"]', input_type=str]
    For further information visit https://errors.pydantic.dev/2.13/v/list_type
Traceback (most recent call last):
  File "/usr/local/lib/python3.10/dist-packages/starlette/middleware/errors.py", line 165, in __call__
    await self.app(scope, receive, _send)
  File "/usr/local/lib/python3.10/dist-packages/starlette/middleware/exceptions.py", line 62, in __call__
    await wrap_app_handling_exceptions(self.app, conn)(scope, receive, send)
  File "/usr/local/lib/python3.10/dist-packages/starlette/_exception_handler.py", line 62, in wrapped_app
    raise exc
  File "/usr/local/lib/python3.10/dist-packages/starlette/_exception_handler.py", line 51, in wrapped_app
    await app(scope, receive, sender)
  File "/usr/local/lib/python3.10/dist-packages/starlette/routing.py", line 715, in __call__
    await self.middleware_stack(scope, receive, send)
  File "/usr/local/lib/python3.10/dist-packages/starlette/routing.py", line 735, in app
    await route.handle(scope, receive, send)
  File "/usr/local/lib/python3.10/dist-packages/starlette/routing.py", line 288, in handle
    await self.app(scope, receive, send)
  File "/usr/local/lib/python3.10/dist-packages/starlette/routing.py", line 76, in app
    await wrap_app_handling_exceptions(app, request)(scope, receive, send)
  File "/usr/local/lib/python3.10/dist-packages/starlette/_exception_handler.py", line 62, in wrapped_app
    raise exc
  File "/usr/local/lib/python3.10/dist-packages/starlette/_exception_handler.py", line 51, in wrapped_app
    await app(scope, receive, sender)
  File "/usr/local/lib/python3.10/dist-packages/starlette/routing.py", line 73, in app
    response = await f(request)
  File "/usr/local/lib/python3.10/dist-packages/fastapi/routing.py", line 301, in app
    raw_response = await run_endpoint_function(
  File "/usr/local/lib/python3.10/dist-packages/fastapi/routing.py", line 214, in run_endpoint_function
    return await run_in_threadpool(dependant.call, **values)
  File "/usr/local/lib/python3.10/dist-packages/starlette/concurrency.py", line 39, in run_in_threadpool
    return await anyio.to_thread.run_sync(func, *args)
  File "/usr/local/lib/python3.10/dist-packages/anyio/to_thread.py", line 63, in run_sync
    return await get_async_backend().run_sync_in_worker_thread(
  File "/usr/local/lib/python3.10/dist-packages/anyio/_backends/_asyncio.py", line 2518, in run_sync_in_worker_thread
    return await future
  File "/usr/local/lib/python3.10/dist-packages/anyio/_backends/_asyncio.py", line 1002, in run
    result = context.run(func, *args)
  File "/workspace/vip_parking_alert/backend/app/api/spots.py", line 76, in create_spot
    result = SpotResponse.model_validate(spot).model_dump()
  File "/usr/local/lib/python3.10/dist-packages/pydantic/main.py", line 732, in model_validate
    return cls.__pydantic_validator__.validate_python(
pydantic_core._pydantic_core.ValidationError: 1 validation error for SpotResponse
allowed_plates
  Input should be a valid list [type=list_type, input_value='["粤B11111"]', input_type=str]
    For further information visit https://errors.pydantic.dev/2.13/v/list_type
2026-04-24 15:47:21 | ERROR    | app.main | 未处理异常: http://testserver/api/spots - 1 validation error for SpotResponse
allowed_plates
  Input should be a valid list [type=list_type, input_value='["粤B11111"]', input_type=str]
    For further information visit https://errors.pydantic.dev/2.13/v/list_type
Traceback (most recent call last):
  File "/usr/local/lib/python3.10/dist-packages/starlette/middleware/errors.py", line 165, in __call__
    await self.app(scope, receive, _send)
  File "/usr/local/lib/python3.10/dist-packages/starlette/middleware/exceptions.py", line 62, in __call__
    await wrap_app_handling_exceptions(self.app, conn)(scope, receive, send)
  File "/usr/local/lib/python3.10/dist-packages/starlette/_exception_handler.py", line 62, in wrapped_app
    raise exc
  File "/usr/local/lib/python3.10/dist-packages/starlette/_exception_handler.py", line 51, in wrapped_app
    await app(scope, receive, sender)
  File "/usr/local/lib/python3.10/dist-packages/starlette/routing.py", line 715, in __call__
    await self.middleware_stack(scope, receive, send)
  File "/usr/local/lib/python3.10/dist-packages/starlette/routing.py", line 735, in app
    await route.handle(scope, receive, send)
  File "/usr/local/lib/python3.10/dist-packages/starlette/routing.py", line 288, in handle
    await self.app(scope, receive, send)
  File "/usr/local/lib/python3.10/dist-packages/starlette/routing.py", line 76, in app
    await wrap_app_handling_exceptions(app, request)(scope, receive, send)
  File "/usr/local/lib/python3.10/dist-packages/starlette/_exception_handler.py", line 62, in wrapped_app
    raise exc
  File "/usr/local/lib/python3.10/dist-packages/starlette/_exception_handler.py", line 51, in wrapped_app
    await app(scope, receive, sender)
  File "/usr/local/lib/python3.10/dist-packages/starlette/routing.py", line 73, in app
    response = await f(request)
  File "/usr/local/lib/python3.10/dist-packages/fastapi/routing.py", line 301, in app
    raw_response = await run_endpoint_function(
  File "/usr/local/lib/python3.10/dist-packages/fastapi/routing.py", line 214, in run_endpoint_function
    return await run_in_threadpool(dependant.call, **values)
  File "/usr/local/lib/python3.10/dist-packages/starlette/concurrency.py", line 39, in run_in_threadpool
    return await anyio.to_thread.run_sync(func, *args)
  File "/usr/local/lib/python3.10/dist-packages/anyio/to_thread.py", line 63, in run_sync
    return await get_async_backend().run_sync_in_worker_thread(
  File "/usr/local/lib/python3.10/dist-packages/anyio/_backends/_asyncio.py", line 2518, in run_sync_in_worker_thread
    return await future
  File "/usr/local/lib/python3.10/dist-packages/anyio/_backends/_asyncio.py", line 1002, in run
    result = context.run(func, *args)
  File "/workspace/vip_parking_alert/backend/app/api/spots.py", line 76, in create_spot
    result = SpotResponse.model_validate(spot).model_dump()
  File "/usr/local/lib/python3.10/dist-packages/pydantic/main.py", line 732, in model_validate
    return cls.__pydantic_validator__.validate_python(
pydantic_core._pydantic_core.ValidationError: 1 validation error for SpotResponse
allowed_plates
  Input should be a valid list [type=list_type, input_value='["粤B11111"]', input_type=str]
    For further information visit https://errors.pydantic.dev/2.13/v/list_type
2026-04-24 15:47:21 | ERROR    | app.main | 未处理异常: http://testserver/api/spots - 1 validation error for SpotResponse
allowed_plates
  Input should be a valid list [type=list_type, input_value='["粤B11111"]', input_type=str]
    For further information visit https://errors.pydantic.dev/2.13/v/list_type
Traceback (most recent call last):
  File "/usr/local/lib/python3.10/dist-packages/starlette/middleware/errors.py", line 165, in __call__
    await self.app(scope, receive, _send)
  File "/usr/local/lib/python3.10/dist-packages/starlette/middleware/exceptions.py", line 62, in __call__
    await wrap_app_handling_exceptions(self.app, conn)(scope, receive, send)
  File "/usr/local/lib/python3.10/dist-packages/starlette/_exception_handler.py", line 62, in wrapped_app
    raise exc
  File "/usr/local/lib/python3.10/dist-packages/starlette/_exception_handler.py", line 51, in wrapped_app
    await app(scope, receive, sender)
  File "/usr/local/lib/python3.10/dist-packages/starlette/routing.py", line 715, in __call__
    await self.middleware_stack(scope, receive, send)
  File "/usr/local/lib/python3.10/dist-packages/starlette/routing.py", line 735, in app
    await route.handle(scope, receive, send)
  File "/usr/local/lib/python3.10/dist-packages/starlette/routing.py", line 288, in handle
    await self.app(scope, receive, send)
  File "/usr/local/lib/python3.10/dist-packages/starlette/routing.py", line 76, in app
    await wrap_app_handling_exceptions(app, request)(scope, receive, send)
  File "/usr/local/lib/python3.10/dist-packages/starlette/_exception_handler.py", line 62, in wrapped_app
    raise exc
  File "/usr/local/lib/python3.10/dist-packages/starlette/_exception_handler.py", line 51, in wrapped_app
    await app(scope, receive, sender)
  File "/usr/local/lib/python3.10/dist-packages/starlette/routing.py", line 73, in app
    response = await f(request)
  File "/usr/local/lib/python3.10/dist-packages/fastapi/routing.py", line 301, in app
    raw_response = await run_endpoint_function(
  File "/usr/local/lib/python3.10/dist-packages/fastapi/routing.py", line 214, in run_endpoint_function
    return await run_in_threadpool(dependant.call, **values)
  File "/usr/local/lib/python3.10/dist-packages/starlette/concurrency.py", line 39, in run_in_threadpool
    return await anyio.to_thread.run_sync(func, *args)
  File "/usr/local/lib/python3.10/dist-packages/anyio/to_thread.py", line 63, in run_sync
    return await get_async_backend().run_sync_in_worker_thread(
  File "/usr/local/lib/python3.10/dist-packages/anyio/_backends/_asyncio.py", line 2518, in run_sync_in_worker_thread
    return await future
  File "/usr/local/lib/python3.10/dist-packages/anyio/_backends/_asyncio.py", line 1002, in run
    result = context.run(func, *args)
  File "/workspace/vip_parking_alert/backend/app/api/spots.py", line 76, in create_spot
    result = SpotResponse.model_validate(spot).model_dump()
  File "/usr/local/lib/python3.10/dist-packages/pydantic/main.py", line 732, in model_validate
    return cls.__pydantic_validator__.validate_python(
pydantic_core._pydantic_core.ValidationError: 1 validation error for SpotResponse
allowed_plates
  Input should be a valid list [type=list_type, input_value='["粤B11111"]', input_type=str]
    For further information visit https://errors.pydantic.dev/2.13/v/list_type
2026-04-24 15:47:21 | ERROR    | app.main | 未处理异常: http://testserver/api/spots - 1 validation error for SpotResponse
allowed_plates
  Input should be a valid list [type=list_type, input_value='["粤B11111"]', input_type=str]
    For further information visit https://errors.pydantic.dev/2.13/v/list_type
Traceback (most recent call last):
  File "/usr/local/lib/python3.10/dist-packages/starlette/middleware/errors.py", line 165, in __call__
    await self.app(scope, receive, _send)
  File "/usr/local/lib/python3.10/dist-packages/starlette/middleware/exceptions.py", line 62, in __call__
    await wrap_app_handling_exceptions(self.app, conn)(scope, receive, send)
  File "/usr/local/lib/python3.10/dist-packages/starlette/_exception_handler.py", line 62, in wrapped_app
    raise exc
  File "/usr/local/lib/python3.10/dist-packages/starlette/_exception_handler.py", line 51, in wrapped_app
    await app(scope, receive, sender)
  File "/usr/local/lib/python3.10/dist-packages/starlette/routing.py", line 715, in __call__
    await self.middleware_stack(scope, receive, send)
  File "/usr/local/lib/python3.10/dist-packages/starlette/routing.py", line 735, in app
    await route.handle(scope, receive, send)
  File "/usr/local/lib/python3.10/dist-packages/starlette/routing.py", line 288, in handle
    await self.app(scope, receive, send)
  File "/usr/local/lib/python3.10/dist-packages/starlette/routing.py", line 76, in app
    await wrap_app_handling_exceptions(app, request)(scope, receive, send)
  File "/usr/local/lib/python3.10/dist-packages/starlette/_exception_handler.py", line 62, in wrapped_app
    raise exc
  File "/usr/local/lib/python3.10/dist-packages/starlette/_exception_handler.py", line 51, in wrapped_app
    await app(scope, receive, sender)
  File "/usr/local/lib/python3.10/dist-packages/starlette/routing.py", line 73, in app
    response = await f(request)
  File "/usr/local/lib/python3.10/dist-packages/fastapi/routing.py", line 301, in app
    raw_response = await run_endpoint_function(
  File "/usr/local/lib/python3.10/dist-packages/fastapi/routing.py", line 214, in run_endpoint_function
    return await run_in_threadpool(dependant.call, **values)
  File "/usr/local/lib/python3.10/dist-packages/starlette/concurrency.py", line 39, in run_in_threadpool
    return await anyio.to_thread.run_sync(func, *args)
  File "/usr/local/lib/python3.10/dist-packages/anyio/to_thread.py", line 63, in run_sync
    return await get_async_backend().run_sync_in_worker_thread(
  File "/usr/local/lib/python3.10/dist-packages/anyio/_backends/_asyncio.py", line 2518, in run_sync_in_worker_thread
    return await future
  File "/usr/local/lib/python3.10/dist-packages/anyio/_backends/_asyncio.py", line 1002, in run
    result = context.run(func, *args)
  File "/workspace/vip_parking_alert/backend/app/api/spots.py", line 76, in create_spot
    result = SpotResponse.model_validate(spot).model_dump()
  File "/usr/local/lib/python3.10/dist-packages/pydantic/main.py", line 732, in model_validate
    return cls.__pydantic_validator__.validate_python(
pydantic_core._pydantic_core.ValidationError: 1 validation error for SpotResponse
allowed_plates
  Input should be a valid list [type=list_type, input_value='["粤B11111"]', input_type=str]
    For further information visit https://errors.pydantic.dev/2.13/v/list_type
2026-04-24 15:47:21 | ERROR    | app.main | 未处理异常: http://testserver/api/spots - 1 validation error for SpotResponse
allowed_plates
  Input should be a valid list [type=list_type, input_value='["粤B11111"]', input_type=str]
    For further information visit https://errors.pydantic.dev/2.13/v/list_type
Traceback (most recent call last):
  File "/usr/local/lib/python3.10/dist-packages/starlette/middleware/errors.py", line 165, in __call__
    await self.app(scope, receive, _send)
  File "/usr/local/lib/python3.10/dist-packages/starlette/middleware/exceptions.py", line 62, in __call__
    await wrap_app_handling_exceptions(self.app, conn)(scope, receive, send)
  File "/usr/local/lib/python3.10/dist-packages/starlette/_exception_handler.py", line 62, in wrapped_app
    raise exc
  File "/usr/local/lib/python3.10/dist-packages/starlette/_exception_handler.py", line 51, in wrapped_app
    await app(scope, receive, sender)
  File "/usr/local/lib/python3.10/dist-packages/starlette/routing.py", line 715, in __call__
    await self.middleware_stack(scope, receive, send)
  File "/usr/local/lib/python3.10/dist-packages/starlette/routing.py", line 735, in app
    await route.handle(scope, receive, send)
  File "/usr/local/lib/python3.10/dist-packages/starlette/routing.py", line 288, in handle
    await self.app(scope, receive, send)
  File "/usr/local/lib/python3.10/dist-packages/starlette/routing.py", line 76, in app
    await wrap_app_handling_exceptions(app, request)(scope, receive, send)
  File "/usr/local/lib/python3.10/dist-packages/starlette/_exception_handler.py", line 62, in wrapped_app
    raise exc
  File "/usr/local/lib/python3.10/dist-packages/starlette/_exception_handler.py", line 51, in wrapped_app
    await app(scope, receive, sender)
  File "/usr/local/lib/python3.10/dist-packages/starlette/routing.py", line 73, in app
    response = await f(request)
  File "/usr/local/lib/python3.10/dist-packages/fastapi/routing.py", line 301, in app
    raw_response = await run_endpoint_function(
  File "/usr/local/lib/python3.10/dist-packages/fastapi/routing.py", line 214, in run_endpoint_function
    return await run_in_threadpool(dependant.call, **values)
  File "/usr/local/lib/python3.10/dist-packages/starlette/concurrency.py", line 39, in run_in_threadpool
    return await anyio.to_thread.run_sync(func, *args)
  File "/usr/local/lib/python3.10/dist-packages/anyio/to_thread.py", line 63, in run_sync
    return await get_async_backend().run_sync_in_worker_thread(
  File "/usr/local/lib/python3.10/dist-packages/anyio/_backends/_asyncio.py", line 2518, in run_sync_in_worker_thread
    return await future
  File "/usr/local/lib/python3.10/dist-packages/anyio/_backends/_asyncio.py", line 1002, in run
    result = context.run(func, *args)
  File "/workspace/vip_parking_alert/backend/app/api/spots.py", line 76, in create_spot
    result = SpotResponse.model_validate(spot).model_dump()
  File "/usr/local/lib/python3.10/dist-packages/pydantic/main.py", line 732, in model_validate
    return cls.__pydantic_validator__.validate_python(
pydantic_core._pydantic_core.ValidationError: 1 validation error for SpotResponse
allowed_plates
  Input should be a valid list [type=list_type, input_value='["粤B11111"]', input_type=str]
    For further information visit https://errors.pydantic.dev/2.13/v/list_type
2026-04-24 15:47:21 | ERROR    | app.main | 未处理异常: http://testserver/api/spots - 1 validation error for SpotResponse
allowed_plates
  Input should be a valid list [type=list_type, input_value='["粤B11111"]', input_type=str]
    For further information visit https://errors.pydantic.dev/2.13/v/list_type
Traceback (most recent call last):
  File "/usr/local/lib/python3.10/dist-packages/starlette/middleware/errors.py", line 165, in __call__
    await self.app(scope, receive, _send)
  File "/usr/local/lib/python3.10/dist-packages/starlette/middleware/exceptions.py", line 62, in __call__
    await wrap_app_handling_exceptions(self.app, conn)(scope, receive, send)
  File "/usr/local/lib/python3.10/dist-packages/starlette/_exception_handler.py", line 62, in wrapped_app
    raise exc
  File "/usr/local/lib/python3.10/dist-packages/starlette/_exception_handler.py", line 51, in wrapped_app
    await app(scope, receive, sender)
  File "/usr/local/lib/python3.10/dist-packages/starlette/routing.py", line 715, in __call__
    await self.middleware_stack(scope, receive, send)
  File "/usr/local/lib/python3.10/dist-packages/starlette/routing.py", line 735, in app
    await route.handle(scope, receive, send)
  File "/usr/local/lib/python3.10/dist-packages/starlette/routing.py", line 288, in handle
    await self.app(scope, receive, send)
  File "/usr/local/lib/python3.10/dist-packages/starlette/routing.py", line 76, in app
    await wrap_app_handling_exceptions(app, request)(scope, receive, send)
  File "/usr/local/lib/python3.10/dist-packages/starlette/_exception_handler.py", line 62, in wrapped_app
    raise exc
  File "/usr/local/lib/python3.10/dist-packages/starlette/_exception_handler.py", line 51, in wrapped_app
    await app(scope, receive, sender)
  File "/usr/local/lib/python3.10/dist-packages/starlette/routing.py", line 73, in app
    response = await f(request)
  File "/usr/local/lib/python3.10/dist-packages/fastapi/routing.py", line 301, in app
    raw_response = await run_endpoint_function(
  File "/usr/local/lib/python3.10/dist-packages/fastapi/routing.py", line 214, in run_endpoint_function
    return await run_in_threadpool(dependant.call, **values)
  File "/usr/local/lib/python3.10/dist-packages/starlette/concurrency.py", line 39, in run_in_threadpool
    return await anyio.to_thread.run_sync(func, *args)
  File "/usr/local/lib/python3.10/dist-packages/anyio/to_thread.py", line 63, in run_sync
    return await get_async_backend().run_sync_in_worker_thread(
  File "/usr/local/lib/python3.10/dist-packages/anyio/_backends/_asyncio.py", line 2518, in run_sync_in_worker_thread
    return await future
  File "/usr/local/lib/python3.10/dist-packages/anyio/_backends/_asyncio.py", line 1002, in run
    result = context.run(func, *args)
  File "/workspace/vip_parking_alert/backend/app/api/spots.py", line 76, in create_spot
    result = SpotResponse.model_validate(spot).model_dump()
  File "/usr/local/lib/python3.10/dist-packages/pydantic/main.py", line 732, in model_validate
    return cls.__pydantic_validator__.validate_python(
pydantic_core._pydantic_core.ValidationError: 1 validation error for SpotResponse
allowed_plates
  Input should be a valid list [type=list_type, input_value='["粤B11111"]', input_type=str]
    For further information visit https://errors.pydantic.dev/2.13/v/list_type
2026-04-24 15:47:21 | INFO     | app.scheduler.setup | APScheduler调度器已关闭
2026-04-24 15:47:21 | INFO     | app.scheduler.setup | APScheduler调度器已关闭
2026-04-24 15:47:21 | INFO     | app.scheduler.setup | APScheduler调度器已关闭
2026-04-24 15:47:21 | INFO     | app.scheduler.setup | APScheduler调度器已关闭
2026-04-24 15:47:21 | INFO     | app.scheduler.setup | APScheduler调度器已关闭
2026-04-24 15:47:21 | INFO     | app.scheduler.setup | APScheduler调度器已关闭
2026-04-24 15:47:21 | INFO     | app.main | VIP车位告警系统已关闭
2026-04-24 15:47:21 | INFO     | app.main | VIP车位告警系统已关闭
2026-04-24 15:47:21 | INFO     | app.main | VIP车位告警系统已关闭
2026-04-24 15:47:21 | INFO     | app.main | VIP车位告警系统已关闭
2026-04-24 15:47:21 | INFO     | app.main | VIP车位告警系统已关闭
2026-04-24 15:47:21 | INFO     | app.main | VIP车位告警系统已关闭
2026-04-24 15:47:21 | INFO     | app.main | VIP车位告警系统启动中...
2026-04-24 15:47:21 | INFO     | app.main | VIP车位告警系统启动中...
2026-04-24 15:47:21 | INFO     | app.main | VIP车位告警系统启动中...
2026-04-24 15:47:21 | INFO     | app.main | VIP车位告警系统启动中...
2026-04-24 15:47:21 | INFO     | app.main | VIP车位告警系统启动中...
2026-04-24 15:47:21 | INFO     | app.main | VIP车位告警系统启动中...
2026-04-24 15:47:21 | INFO     | app.main | VIP车位告警系统启动中...
2026-04-24 15:47:21 | INFO     | app.scheduler.setup | APScheduler调度器已启动
2026-04-24 15:47:21 | INFO     | app.scheduler.setup | APScheduler调度器已启动
2026-04-24 15:47:21 | INFO     | app.scheduler.setup | APScheduler调度器已启动
2026-04-24 15:47:21 | INFO     | app.scheduler.setup | APScheduler调度器已启动
2026-04-24 15:47:21 | INFO     | app.scheduler.setup | APScheduler调度器已启动
2026-04-24 15:47:21 | INFO     | app.scheduler.setup | APScheduler调度器已启动
2026-04-24 15:47:21 | INFO     | app.scheduler.setup | APScheduler调度器已启动
2026-04-24 15:47:21 | ERROR    | app.main | 未处理异常: http://testserver/api/spots - 1 validation error for SpotResponse
allowed_plates
  Input should be a valid list [type=list_type, input_value='["粤B22222"]', input_type=str]
    For further information visit https://errors.pydantic.dev/2.13/v/list_type
Traceback (most recent call last):
  File "/usr/local/lib/python3.10/dist-packages/starlette/middleware/errors.py", line 165, in __call__
    await self.app(scope, receive, _send)
  File "/usr/local/lib/python3.10/dist-packages/starlette/middleware/exceptions.py", line 62, in __call__
    await wrap_app_handling_exceptions(self.app, conn)(scope, receive, send)
  File "/usr/local/lib/python3.10/dist-packages/starlette/_exception_handler.py", line 62, in wrapped_app
    raise exc
  File "/usr/local/lib/python3.10/dist-packages/starlette/_exception_handler.py", line 51, in wrapped_app
    await app(scope, receive, sender)
  File "/usr/local/lib/python3.10/dist-packages/starlette/routing.py", line 715, in __call__
    await self.middleware_stack(scope, receive, send)
  File "/usr/local/lib/python3.10/dist-packages/starlette/routing.py", line 735, in app
    await route.handle(scope, receive, send)
  File "/usr/local/lib/python3.10/dist-packages/starlette/routing.py", line 288, in handle
    await self.app(scope, receive, send)
  File "/usr/local/lib/python3.10/dist-packages/starlette/routing.py", line 76, in app
    await wrap_app_handling_exceptions(app, request)(scope, receive, send)
  File "/usr/local/lib/python3.10/dist-packages/starlette/_exception_handler.py", line 62, in wrapped_app
    raise exc
  File "/usr/local/lib/python3.10/dist-packages/starlette/_exception_handler.py", line 51, in wrapped_app
    await app(scope, receive, sender)
  File "/usr/local/lib/python3.10/dist-packages/starlette/routing.py", line 73, in app
    response = await f(request)
  File "/usr/local/lib/python3.10/dist-packages/fastapi/routing.py", line 301, in app
    raw_response = await run_endpoint_function(
  File "/usr/local/lib/python3.10/dist-packages/fastapi/routing.py", line 214, in run_endpoint_function
    return await run_in_threadpool(dependant.call, **values)
  File "/usr/local/lib/python3.10/dist-packages/starlette/concurrency.py", line 39, in run_in_threadpool
    return await anyio.to_thread.run_sync(func, *args)
  File "/usr/local/lib/python3.10/dist-packages/anyio/to_thread.py", line 63, in run_sync
    return await get_async_backend().run_sync_in_worker_thread(
  File "/usr/local/lib/python3.10/dist-packages/anyio/_backends/_asyncio.py", line 2518, in run_sync_in_worker_thread
    return await future
  File "/usr/local/lib/python3.10/dist-packages/anyio/_backends/_asyncio.py", line 1002, in run
    result = context.run(func, *args)
  File "/workspace/vip_parking_alert/backend/app/api/spots.py", line 76, in create_spot
    result = SpotResponse.model_validate(spot).model_dump()
  File "/usr/local/lib/python3.10/dist-packages/pydantic/main.py", line 732, in model_validate
    return cls.__pydantic_validator__.validate_python(
pydantic_core._pydantic_core.ValidationError: 1 validation error for SpotResponse
allowed_plates
  Input should be a valid list [type=list_type, input_value='["粤B22222"]', input_type=str]
    For further information visit https://errors.pydantic.dev/2.13/v/list_type
2026-04-24 15:47:21 | ERROR    | app.main | 未处理异常: http://testserver/api/spots - 1 validation error for SpotResponse
allowed_plates
  Input should be a valid list [type=list_type, input_value='["粤B22222"]', input_type=str]
    For further information visit https://errors.pydantic.dev/2.13/v/list_type
Traceback (most recent call last):
  File "/usr/local/lib/python3.10/dist-packages/starlette/middleware/errors.py", line 165, in __call__
    await self.app(scope, receive, _send)
  File "/usr/local/lib/python3.10/dist-packages/starlette/middleware/exceptions.py", line 62, in __call__
    await wrap_app_handling_exceptions(self.app, conn)(scope, receive, send)
  File "/usr/local/lib/python3.10/dist-packages/starlette/_exception_handler.py", line 62, in wrapped_app
    raise exc
  File "/usr/local/lib/python3.10/dist-packages/starlette/_exception_handler.py", line 51, in wrapped_app
    await app(scope, receive, sender)
  File "/usr/local/lib/python3.10/dist-packages/starlette/routing.py", line 715, in __call__
    await self.middleware_stack(scope, receive, send)
  File "/usr/local/lib/python3.10/dist-packages/starlette/routing.py", line 735, in app
    await route.handle(scope, receive, send)
  File "/usr/local/lib/python3.10/dist-packages/starlette/routing.py", line 288, in handle
    await self.app(scope, receive, send)
  File "/usr/local/lib/python3.10/dist-packages/starlette/routing.py", line 76, in app
    await wrap_app_handling_exceptions(app, request)(scope, receive, send)
  File "/usr/local/lib/python3.10/dist-packages/starlette/_exception_handler.py", line 62, in wrapped_app
    raise exc
  File "/usr/local/lib/python3.10/dist-packages/starlette/_exception_handler.py", line 51, in wrapped_app
    await app(scope, receive, sender)
  File "/usr/local/lib/python3.10/dist-packages/starlette/routing.py", line 73, in app
    response = await f(request)
  File "/usr/local/lib/python3.10/dist-packages/fastapi/routing.py", line 301, in app
    raw_response = await run_endpoint_function(
  File "/usr/local/lib/python3.10/dist-packages/fastapi/routing.py", line 214, in run_endpoint_function
    return await run_in_threadpool(dependant.call, **values)
  File "/usr/local/lib/python3.10/dist-packages/starlette/concurrency.py", line 39, in run_in_threadpool
    return await anyio.to_thread.run_sync(func, *args)
  File "/usr/local/lib/python3.10/dist-packages/anyio/to_thread.py", line 63, in run_sync
    return await get_async_backend().run_sync_in_worker_thread(
  File "/usr/local/lib/python3.10/dist-packages/anyio/_backends/_asyncio.py", line 2518, in run_sync_in_worker_thread
    return await future
  File "/usr/local/lib/python3.10/dist-packages/anyio/_backends/_asyncio.py", line 1002, in run
    result = context.run(func, *args)
  File "/workspace/vip_parking_alert/backend/app/api/spots.py", line 76, in create_spot
    result = SpotResponse.model_validate(spot).model_dump()
  File "/usr/local/lib/python3.10/dist-packages/pydantic/main.py", line 732, in model_validate
    return cls.__pydantic_validator__.validate_python(
pydantic_core._pydantic_core.ValidationError: 1 validation error for SpotResponse
allowed_plates
  Input should be a valid list [type=list_type, input_value='["粤B22222"]', input_type=str]
    For further information visit https://errors.pydantic.dev/2.13/v/list_type
2026-04-24 15:47:21 | ERROR    | app.main | 未处理异常: http://testserver/api/spots - 1 validation error for SpotResponse
allowed_plates
  Input should be a valid list [type=list_type, input_value='["粤B22222"]', input_type=str]
    For further information visit https://errors.pydantic.dev/2.13/v/list_type
Traceback (most recent call last):
  File "/usr/local/lib/python3.10/dist-packages/starlette/middleware/errors.py", line 165, in __call__
    await self.app(scope, receive, _send)
  File "/usr/local/lib/python3.10/dist-packages/starlette/middleware/exceptions.py", line 62, in __call__
    await wrap_app_handling_exceptions(self.app, conn)(scope, receive, send)
  File "/usr/local/lib/python3.10/dist-packages/starlette/_exception_handler.py", line 62, in wrapped_app
    raise exc
  File "/usr/local/lib/python3.10/dist-packages/starlette/_exception_handler.py", line 51, in wrapped_app
    await app(scope, receive, sender)
  File "/usr/local/lib/python3.10/dist-packages/starlette/routing.py", line 715, in __call__
    await self.middleware_stack(scope, receive, send)
  File "/usr/local/lib/python3.10/dist-packages/starlette/routing.py", line 735, in app
    await route.handle(scope, receive, send)
  File "/usr/local/lib/python3.10/dist-packages/starlette/routing.py", line 288, in handle
    await self.app(scope, receive, send)
  File "/usr/local/lib/python3.10/dist-packages/starlette/routing.py", line 76, in app
    await wrap_app_handling_exceptions(app, request)(scope, receive, send)
  File "/usr/local/lib/python3.10/dist-packages/starlette/_exception_handler.py", line 62, in wrapped_app
    raise exc
  File "/usr/local/lib/python3.10/dist-packages/starlette/_exception_handler.py", line 51, in wrapped_app
    await app(scope, receive, sender)
  File "/usr/local/lib/python3.10/dist-packages/starlette/routing.py", line 73, in app
    response = await f(request)
  File "/usr/local/lib/python3.10/dist-packages/fastapi/routing.py", line 301, in app
    raw_response = await run_endpoint_function(
  File "/usr/local/lib/python3.10/dist-packages/fastapi/routing.py", line 214, in run_endpoint_function
    return await run_in_threadpool(dependant.call, **values)
  File "/usr/local/lib/python3.10/dist-packages/starlette/concurrency.py", line 39, in run_in_threadpool
    return await anyio.to_thread.run_sync(func, *args)
  File "/usr/local/lib/python3.10/dist-packages/anyio/to_thread.py", line 63, in run_sync
    return await get_async_backend().run_sync_in_worker_thread(
  File "/usr/local/lib/python3.10/dist-packages/anyio/_backends/_asyncio.py", line 2518, in run_sync_in_worker_thread
    return await future
  File "/usr/local/lib/python3.10/dist-packages/anyio/_backends/_asyncio.py", line 1002, in run
    result = context.run(func, *args)
  File "/workspace/vip_parking_alert/backend/app/api/spots.py", line 76, in create_spot
    result = SpotResponse.model_validate(spot).model_dump()
  File "/usr/local/lib/python3.10/dist-packages/pydantic/main.py", line 732, in model_validate
    return cls.__pydantic_validator__.validate_python(
pydantic_core._pydantic_core.ValidationError: 1 validation error for SpotResponse
allowed_plates
  Input should be a valid list [type=list_type, input_value='["粤B22222"]', input_type=str]
    For further information visit https://errors.pydantic.dev/2.13/v/list_type
2026-04-24 15:47:21 | ERROR    | app.main | 未处理异常: http://testserver/api/spots - 1 validation error for SpotResponse
allowed_plates
  Input should be a valid list [type=list_type, input_value='["粤B22222"]', input_type=str]
    For further information visit https://errors.pydantic.dev/2.13/v/list_type
Traceback (most recent call last):
  File "/usr/local/lib/python3.10/dist-packages/starlette/middleware/errors.py", line 165, in __call__
    await self.app(scope, receive, _send)
  File "/usr/local/lib/python3.10/dist-packages/starlette/middleware/exceptions.py", line 62, in __call__
    await wrap_app_handling_exceptions(self.app, conn)(scope, receive, send)
  File "/usr/local/lib/python3.10/dist-packages/starlette/_exception_handler.py", line 62, in wrapped_app
    raise exc
  File "/usr/local/lib/python3.10/dist-packages/starlette/_exception_handler.py", line 51, in wrapped_app
    await app(scope, receive, sender)
  File "/usr/local/lib/python3.10/dist-packages/starlette/routing.py", line 715, in __call__
    await self.middleware_stack(scope, receive, send)
  File "/usr/local/lib/python3.10/dist-packages/starlette/routing.py", line 735, in app
    await route.handle(scope, receive, send)
  File "/usr/local/lib/python3.10/dist-packages/starlette/routing.py", line 288, in handle
    await self.app(scope, receive, send)
  File "/usr/local/lib/python3.10/dist-packages/starlette/routing.py", line 76, in app
    await wrap_app_handling_exceptions(app, request)(scope, receive, send)
  File "/usr/local/lib/python3.10/dist-packages/starlette/_exception_handler.py", line 62, in wrapped_app
    raise exc
  File "/usr/local/lib/python3.10/dist-packages/starlette/_exception_handler.py", line 51, in wrapped_app
    await app(scope, receive, sender)
  File "/usr/local/lib/python3.10/dist-packages/starlette/routing.py", line 73, in app
    response = await f(request)
  File "/usr/local/lib/python3.10/dist-packages/fastapi/routing.py", line 301, in app
    raw_response = await run_endpoint_function(
  File "/usr/local/lib/python3.10/dist-packages/fastapi/routing.py", line 214, in run_endpoint_function
    return await run_in_threadpool(dependant.call, **values)
  File "/usr/local/lib/python3.10/dist-packages/starlette/concurrency.py", line 39, in run_in_threadpool
    return await anyio.to_thread.run_sync(func, *args)
  File "/usr/local/lib/python3.10/dist-packages/anyio/to_thread.py", line 63, in run_sync
    return await get_async_backend().run_sync_in_worker_thread(
  File "/usr/local/lib/python3.10/dist-packages/anyio/_backends/_asyncio.py", line 2518, in run_sync_in_worker_thread
    return await future
  File "/usr/local/lib/python3.10/dist-packages/anyio/_backends/_asyncio.py", line 1002, in run
    result = context.run(func, *args)
  File "/workspace/vip_parking_alert/backend/app/api/spots.py", line 76, in create_spot
    result = SpotResponse.model_validate(spot).model_dump()
  File "/usr/local/lib/python3.10/dist-packages/pydantic/main.py", line 732, in model_validate
    return cls.__pydantic_validator__.validate_python(
pydantic_core._pydantic_core.ValidationError: 1 validation error for SpotResponse
allowed_plates
  Input should be a valid list [type=list_type, input_value='["粤B22222"]', input_type=str]
    For further information visit https://errors.pydantic.dev/2.13/v/list_type
2026-04-24 15:47:21 | ERROR    | app.main | 未处理异常: http://testserver/api/spots - 1 validation error for SpotResponse
allowed_plates
  Input should be a valid list [type=list_type, input_value='["粤B22222"]', input_type=str]
    For further information visit https://errors.pydantic.dev/2.13/v/list_type
Traceback (most recent call last):
  File "/usr/local/lib/python3.10/dist-packages/starlette/middleware/errors.py", line 165, in __call__
    await self.app(scope, receive, _send)
  File "/usr/local/lib/python3.10/dist-packages/starlette/middleware/exceptions.py", line 62, in __call__
    await wrap_app_handling_exceptions(self.app, conn)(scope, receive, send)
  File "/usr/local/lib/python3.10/dist-packages/starlette/_exception_handler.py", line 62, in wrapped_app
    raise exc
  File "/usr/local/lib/python3.10/dist-packages/starlette/_exception_handler.py", line 51, in wrapped_app
    await app(scope, receive, sender)
  File "/usr/local/lib/python3.10/dist-packages/starlette/routing.py", line 715, in __call__
    await self.middleware_stack(scope, receive, send)
  File "/usr/local/lib/python3.10/dist-packages/starlette/routing.py", line 735, in app
    await route.handle(scope, receive, send)
  File "/usr/local/lib/python3.10/dist-packages/starlette/routing.py", line 288, in handle
    await self.app(scope, receive, send)
  File "/usr/local/lib/python3.10/dist-packages/starlette/routing.py", line 76, in app
    await wrap_app_handling_exceptions(app, request)(scope, receive, send)
  File "/usr/local/lib/python3.10/dist-packages/starlette/_exception_handler.py", line 62, in wrapped_app
    raise exc
  File "/usr/local/lib/python3.10/dist-packages/starlette/_exception_handler.py", line 51, in wrapped_app
    await app(scope, receive, sender)
  File "/usr/local/lib/python3.10/dist-packages/starlette/routing.py", line 73, in app
    response = await f(request)
  File "/usr/local/lib/python3.10/dist-packages/fastapi/routing.py", line 301, in app
    raw_response = await run_endpoint_function(
  File "/usr/local/lib/python3.10/dist-packages/fastapi/routing.py", line 214, in run_endpoint_function
    return await run_in_threadpool(dependant.call, **values)
  File "/usr/local/lib/python3.10/dist-packages/starlette/concurrency.py", line 39, in run_in_threadpool
    return await anyio.to_thread.run_sync(func, *args)
  File "/usr/local/lib/python3.10/dist-packages/anyio/to_thread.py", line 63, in run_sync
    return await get_async_backend().run_sync_in_worker_thread(
  File "/usr/local/lib/python3.10/dist-packages/anyio/_backends/_asyncio.py", line 2518, in run_sync_in_worker_thread
    return await future
  File "/usr/local/lib/python3.10/dist-packages/anyio/_backends/_asyncio.py", line 1002, in run
    result = context.run(func, *args)
  File "/workspace/vip_parking_alert/backend/app/api/spots.py", line 76, in create_spot
    result = SpotResponse.model_validate(spot).model_dump()
  File "/usr/local/lib/python3.10/dist-packages/pydantic/main.py", line 732, in model_validate
    return cls.__pydantic_validator__.validate_python(
pydantic_core._pydantic_core.ValidationError: 1 validation error for SpotResponse
allowed_plates
  Input should be a valid list [type=list_type, input_value='["粤B22222"]', input_type=str]
    For further information visit https://errors.pydantic.dev/2.13/v/list_type
2026-04-24 15:47:21 | ERROR    | app.main | 未处理异常: http://testserver/api/spots - 1 validation error for SpotResponse
allowed_plates
  Input should be a valid list [type=list_type, input_value='["粤B22222"]', input_type=str]
    For further information visit https://errors.pydantic.dev/2.13/v/list_type
Traceback (most recent call last):
  File "/usr/local/lib/python3.10/dist-packages/starlette/middleware/errors.py", line 165, in __call__
    await self.app(scope, receive, _send)
  File "/usr/local/lib/python3.10/dist-packages/starlette/middleware/exceptions.py", line 62, in __call__
    await wrap_app_handling_exceptions(self.app, conn)(scope, receive, send)
  File "/usr/local/lib/python3.10/dist-packages/starlette/_exception_handler.py", line 62, in wrapped_app
    raise exc
  File "/usr/local/lib/python3.10/dist-packages/starlette/_exception_handler.py", line 51, in wrapped_app
    await app(scope, receive, sender)
  File "/usr/local/lib/python3.10/dist-packages/starlette/routing.py", line 715, in __call__
    await self.middleware_stack(scope, receive, send)
  File "/usr/local/lib/python3.10/dist-packages/starlette/routing.py", line 735, in app
    await route.handle(scope, receive, send)
  File "/usr/local/lib/python3.10/dist-packages/starlette/routing.py", line 288, in handle
    await self.app(scope, receive, send)
  File "/usr/local/lib/python3.10/dist-packages/starlette/routing.py", line 76, in app
    await wrap_app_handling_exceptions(app, request)(scope, receive, send)
  File "/usr/local/lib/python3.10/dist-packages/starlette/_exception_handler.py", line 62, in wrapped_app
    raise exc
  File "/usr/local/lib/python3.10/dist-packages/starlette/_exception_handler.py", line 51, in wrapped_app
    await app(scope, receive, sender)
  File "/usr/local/lib/python3.10/dist-packages/starlette/routing.py", line 73, in app
    response = await f(request)
  File "/usr/local/lib/python3.10/dist-packages/fastapi/routing.py", line 301, in app
    raw_response = await run_endpoint_function(
  File "/usr/local/lib/python3.10/dist-packages/fastapi/routing.py", line 214, in run_endpoint_function
    return await run_in_threadpool(dependant.call, **values)
  File "/usr/local/lib/python3.10/dist-packages/starlette/concurrency.py", line 39, in run_in_threadpool
    return await anyio.to_thread.run_sync(func, *args)
  File "/usr/local/lib/python3.10/dist-packages/anyio/to_thread.py", line 63, in run_sync
    return await get_async_backend().run_sync_in_worker_thread(
  File "/usr/local/lib/python3.10/dist-packages/anyio/_backends/_asyncio.py", line 2518, in run_sync_in_worker_thread
    return await future
  File "/usr/local/lib/python3.10/dist-packages/anyio/_backends/_asyncio.py", line 1002, in run
    result = context.run(func, *args)
  File "/workspace/vip_parking_alert/backend/app/api/spots.py", line 76, in create_spot
    result = SpotResponse.model_validate(spot).model_dump()
  File "/usr/local/lib/python3.10/dist-packages/pydantic/main.py", line 732, in model_validate
    return cls.__pydantic_validator__.validate_python(
pydantic_core._pydantic_core.ValidationError: 1 validation error for SpotResponse
allowed_plates
  Input should be a valid list [type=list_type, input_value='["粤B22222"]', input_type=str]
    For further information visit https://errors.pydantic.dev/2.13/v/list_type
2026-04-24 15:47:21 | ERROR    | app.main | 未处理异常: http://testserver/api/spots - 1 validation error for SpotResponse
allowed_plates
  Input should be a valid list [type=list_type, input_value='["粤B22222"]', input_type=str]
    For further information visit https://errors.pydantic.dev/2.13/v/list_type
Traceback (most recent call last):
  File "/usr/local/lib/python3.10/dist-packages/starlette/middleware/errors.py", line 165, in __call__
    await self.app(scope, receive, _send)
  File "/usr/local/lib/python3.10/dist-packages/starlette/middleware/exceptions.py", line 62, in __call__
    await wrap_app_handling_exceptions(self.app, conn)(scope, receive, send)
  File "/usr/local/lib/python3.10/dist-packages/starlette/_exception_handler.py", line 62, in wrapped_app
    raise exc
  File "/usr/local/lib/python3.10/dist-packages/starlette/_exception_handler.py", line 51, in wrapped_app
    await app(scope, receive, sender)
  File "/usr/local/lib/python3.10/dist-packages/starlette/routing.py", line 715, in __call__
    await self.middleware_stack(scope, receive, send)
  File "/usr/local/lib/python3.10/dist-packages/starlette/routing.py", line 735, in app
    await route.handle(scope, receive, send)
  File "/usr/local/lib/python3.10/dist-packages/starlette/routing.py", line 288, in handle
    await self.app(scope, receive, send)
  File "/usr/local/lib/python3.10/dist-packages/starlette/routing.py", line 76, in app
    await wrap_app_handling_exceptions(app, request)(scope, receive, send)
  File "/usr/local/lib/python3.10/dist-packages/starlette/_exception_handler.py", line 62, in wrapped_app
    raise exc
  File "/usr/local/lib/python3.10/dist-packages/starlette/_exception_handler.py", line 51, in wrapped_app
    await app(scope, receive, sender)
  File "/usr/local/lib/python3.10/dist-packages/starlette/routing.py", line 73, in app
    response = await f(request)
  File "/usr/local/lib/python3.10/dist-packages/fastapi/routing.py", line 301, in app
    raw_response = await run_endpoint_function(
  File "/usr/local/lib/python3.10/dist-packages/fastapi/routing.py", line 214, in run_endpoint_function
    return await run_in_threadpool(dependant.call, **values)
  File "/usr/local/lib/python3.10/dist-packages/starlette/concurrency.py", line 39, in run_in_threadpool
    return await anyio.to_thread.run_sync(func, *args)
  File "/usr/local/lib/python3.10/dist-packages/anyio/to_thread.py", line 63, in run_sync
    return await get_async_backend().run_sync_in_worker_thread(
  File "/usr/local/lib/python3.10/dist-packages/anyio/_backends/_asyncio.py", line 2518, in run_sync_in_worker_thread
    return await future
  File "/usr/local/lib/python3.10/dist-packages/anyio/_backends/_asyncio.py", line 1002, in run
    result = context.run(func, *args)
  File "/workspace/vip_parking_alert/backend/app/api/spots.py", line 76, in create_spot
    result = SpotResponse.model_validate(spot).model_dump()
  File "/usr/local/lib/python3.10/dist-packages/pydantic/main.py", line 732, in model_validate
    return cls.__pydantic_validator__.validate_python(
pydantic_core._pydantic_core.ValidationError: 1 validation error for SpotResponse
allowed_plates
  Input should be a valid list [type=list_type, input_value='["粤B22222"]', input_type=str]
    For further information visit https://errors.pydantic.dev/2.13/v/list_type
2026-04-24 15:47:22 | INFO     | app.scheduler.setup | APScheduler调度器已关闭
2026-04-24 15:47:22 | INFO     | app.scheduler.setup | APScheduler调度器已关闭
2026-04-24 15:47:22 | INFO     | app.scheduler.setup | APScheduler调度器已关闭
2026-04-24 15:47:22 | INFO     | app.scheduler.setup | APScheduler调度器已关闭
2026-04-24 15:47:22 | INFO     | app.scheduler.setup | APScheduler调度器已关闭
2026-04-24 15:47:22 | INFO     | app.scheduler.setup | APScheduler调度器已关闭
2026-04-24 15:47:22 | INFO     | app.scheduler.setup | APScheduler调度器已关闭
2026-04-24 15:47:22 | INFO     | app.main | VIP车位告警系统已关闭
2026-04-24 15:47:22 | INFO     | app.main | VIP车位告警系统已关闭
2026-04-24 15:47:22 | INFO     | app.main | VIP车位告警系统已关闭
2026-04-24 15:47:22 | INFO     | app.main | VIP车位告警系统已关闭
2026-04-24 15:47:22 | INFO     | app.main | VIP车位告警系统已关闭
2026-04-24 15:47:22 | INFO     | app.main | VIP车位告警系统已关闭
2026-04-24 15:47:22 | INFO     | app.main | VIP车位告警系统已关闭
2026-04-24 15:47:22 | INFO     | app.main | VIP车位告警系统启动中...
2026-04-24 15:47:22 | INFO     | app.main | VIP车位告警系统启动中...
2026-04-24 15:47:22 | INFO     | app.main | VIP车位告警系统启动中...
2026-04-24 15:47:22 | INFO     | app.main | VIP车位告警系统启动中...
2026-04-24 15:47:22 | INFO     | app.main | VIP车位告警系统启动中...
2026-04-24 15:47:22 | INFO     | app.main | VIP车位告警系统启动中...
2026-04-24 15:47:22 | INFO     | app.main | VIP车位告警系统启动中...
2026-04-24 15:47:22 | INFO     | app.main | VIP车位告警系统启动中...
2026-04-24 15:47:22 | INFO     | app.scheduler.setup | APScheduler调度器已启动
2026-04-24 15:47:22 | INFO     | app.scheduler.setup | APScheduler调度器已启动
2026-04-24 15:47:22 | INFO     | app.scheduler.setup | APScheduler调度器已启动
2026-04-24 15:47:22 | INFO     | app.scheduler.setup | APScheduler调度器已启动
2026-04-24 15:47:22 | INFO     | app.scheduler.setup | APScheduler调度器已启动
2026-04-24 15:47:22 | INFO     | app.scheduler.setup | APScheduler调度器已启动
2026-04-24 15:47:22 | INFO     | app.scheduler.setup | APScheduler调度器已启动
2026-04-24 15:47:22 | INFO     | app.scheduler.setup | APScheduler调度器已启动
2026-04-24 15:47:22 | ERROR    | app.main | 未处理异常: http://testserver/api/spots - 1 validation error for SpotResponse
allowed_plates
  Input should be a valid list [type=list_type, input_value='["粤B33333"]', input_type=str]
    For further information visit https://errors.pydantic.dev/2.13/v/list_type
Traceback (most recent call last):
  File "/usr/local/lib/python3.10/dist-packages/starlette/middleware/errors.py", line 165, in __call__
    await self.app(scope, receive, _send)
  File "/usr/local/lib/python3.10/dist-packages/starlette/middleware/exceptions.py", line 62, in __call__
    await wrap_app_handling_exceptions(self.app, conn)(scope, receive, send)
  File "/usr/local/lib/python3.10/dist-packages/starlette/_exception_handler.py", line 62, in wrapped_app
    raise exc
  File "/usr/local/lib/python3.10/dist-packages/starlette/_exception_handler.py", line 51, in wrapped_app
    await app(scope, receive, sender)
  File "/usr/local/lib/python3.10/dist-packages/starlette/routing.py", line 715, in __call__
    await self.middleware_stack(scope, receive, send)
  File "/usr/local/lib/python3.10/dist-packages/starlette/routing.py", line 735, in app
    await route.handle(scope, receive, send)
  File "/usr/local/lib/python3.10/dist-packages/starlette/routing.py", line 288, in handle
    await self.app(scope, receive, send)
  File "/usr/local/lib/python3.10/dist-packages/starlette/routing.py", line 76, in app
    await wrap_app_handling_exceptions(app, request)(scope, receive, send)
  File "/usr/local/lib/python3.10/dist-packages/starlette/_exception_handler.py", line 62, in wrapped_app
    raise exc
  File "/usr/local/lib/python3.10/dist-packages/starlette/_exception_handler.py", line 51, in wrapped_app
    await app(scope, receive, sender)
  File "/usr/local/lib/python3.10/dist-packages/starlette/routing.py", line 73, in app
    response = await f(request)
  File "/usr/local/lib/python3.10/dist-packages/fastapi/routing.py", line 301, in app
    raw_response = await run_endpoint_function(
  File "/usr/local/lib/python3.10/dist-packages/fastapi/routing.py", line 214, in run_endpoint_function
    return await run_in_threadpool(dependant.call, **values)
  File "/usr/local/lib/python3.10/dist-packages/starlette/concurrency.py", line 39, in run_in_threadpool
    return await anyio.to_thread.run_sync(func, *args)
  File "/usr/local/lib/python3.10/dist-packages/anyio/to_thread.py", line 63, in run_sync
    return await get_async_backend().run_sync_in_worker_thread(
  File "/usr/local/lib/python3.10/dist-packages/anyio/_backends/_asyncio.py", line 2518, in run_sync_in_worker_thread
    return await future
  File "/usr/local/lib/python3.10/dist-packages/anyio/_backends/_asyncio.py", line 1002, in run
    result = context.run(func, *args)
  File "/workspace/vip_parking_alert/backend/app/api/spots.py", line 76, in create_spot
    result = SpotResponse.model_validate(spot).model_dump()
  File "/usr/local/lib/python3.10/dist-packages/pydantic/main.py", line 732, in model_validate
    return cls.__pydantic_validator__.validate_python(
pydantic_core._pydantic_core.ValidationError: 1 validation error for SpotResponse
allowed_plates
  Input should be a valid list [type=list_type, input_value='["粤B33333"]', input_type=str]
    For further information visit https://errors.pydantic.dev/2.13/v/list_type
2026-04-24 15:47:22 | ERROR    | app.main | 未处理异常: http://testserver/api/spots - 1 validation error for SpotResponse
allowed_plates
  Input should be a valid list [type=list_type, input_value='["粤B33333"]', input_type=str]
    For further information visit https://errors.pydantic.dev/2.13/v/list_type
Traceback (most recent call last):
  File "/usr/local/lib/python3.10/dist-packages/starlette/middleware/errors.py", line 165, in __call__
    await self.app(scope, receive, _send)
  File "/usr/local/lib/python3.10/dist-packages/starlette/middleware/exceptions.py", line 62, in __call__
    await wrap_app_handling_exceptions(self.app, conn)(scope, receive, send)
  File "/usr/local/lib/python3.10/dist-packages/starlette/_exception_handler.py", line 62, in wrapped_app
    raise exc
  File "/usr/local/lib/python3.10/dist-packages/starlette/_exception_handler.py", line 51, in wrapped_app
    await app(scope, receive, sender)
  File "/usr/local/lib/python3.10/dist-packages/starlette/routing.py", line 715, in __call__
    await self.middleware_stack(scope, receive, send)
  File "/usr/local/lib/python3.10/dist-packages/starlette/routing.py", line 735, in app
    await route.handle(scope, receive, send)
  File "/usr/local/lib/python3.10/dist-packages/starlette/routing.py", line 288, in handle
    await self.app(scope, receive, send)
  File "/usr/local/lib/python3.10/dist-packages/starlette/routing.py", line 76, in app
    await wrap_app_handling_exceptions(app, request)(scope, receive, send)
  File "/usr/local/lib/python3.10/dist-packages/starlette/_exception_handler.py", line 62, in wrapped_app
    raise exc
  File "/usr/local/lib/python3.10/dist-packages/starlette/_exception_handler.py", line 51, in wrapped_app
    await app(scope, receive, sender)
  File "/usr/local/lib/python3.10/dist-packages/starlette/routing.py", line 73, in app
    response = await f(request)
  File "/usr/local/lib/python3.10/dist-packages/fastapi/routing.py", line 301, in app
    raw_response = await run_endpoint_function(
  File "/usr/local/lib/python3.10/dist-packages/fastapi/routing.py", line 214, in run_endpoint_function
    return await run_in_threadpool(dependant.call, **values)
  File "/usr/local/lib/python3.10/dist-packages/starlette/concurrency.py", line 39, in run_in_threadpool
    return await anyio.to_thread.run_sync(func, *args)
  File "/usr/local/lib/python3.10/dist-packages/anyio/to_thread.py", line 63, in run_sync
    return await get_async_backend().run_sync_in_worker_thread(
  File "/usr/local/lib/python3.10/dist-packages/anyio/_backends/_asyncio.py", line 2518, in run_sync_in_worker_thread
    return await future
  File "/usr/local/lib/python3.10/dist-packages/anyio/_backends/_asyncio.py", line 1002, in run
    result = context.run(func, *args)
  File "/workspace/vip_parking_alert/backend/app/api/spots.py", line 76, in create_spot
    result = SpotResponse.model_validate(spot).model_dump()
  File "/usr/local/lib/python3.10/dist-packages/pydantic/main.py", line 732, in model_validate
    return cls.__pydantic_validator__.validate_python(
pydantic_core._pydantic_core.ValidationError: 1 validation error for SpotResponse
allowed_plates
  Input should be a valid list [type=list_type, input_value='["粤B33333"]', input_type=str]
    For further information visit https://errors.pydantic.dev/2.13/v/list_type
2026-04-24 15:47:22 | ERROR    | app.main | 未处理异常: http://testserver/api/spots - 1 validation error for SpotResponse
allowed_plates
  Input should be a valid list [type=list_type, input_value='["粤B33333"]', input_type=str]
    For further information visit https://errors.pydantic.dev/2.13/v/list_type
Traceback (most recent call last):
  File "/usr/local/lib/python3.10/dist-packages/starlette/middleware/errors.py", line 165, in __call__
    await self.app(scope, receive, _send)
  File "/usr/local/lib/python3.10/dist-packages/starlette/middleware/exceptions.py", line 62, in __call__
    await wrap_app_handling_exceptions(self.app, conn)(scope, receive, send)
  File "/usr/local/lib/python3.10/dist-packages/starlette/_exception_handler.py", line 62, in wrapped_app
    raise exc
  File "/usr/local/lib/python3.10/dist-packages/starlette/_exception_handler.py", line 51, in wrapped_app
    await app(scope, receive, sender)
  File "/usr/local/lib/python3.10/dist-packages/starlette/routing.py", line 715, in __call__
    await self.middleware_stack(scope, receive, send)
  File "/usr/local/lib/python3.10/dist-packages/starlette/routing.py", line 735, in app
    await route.handle(scope, receive, send)
  File "/usr/local/lib/python3.10/dist-packages/starlette/routing.py", line 288, in handle
    await self.app(scope, receive, send)
  File "/usr/local/lib/python3.10/dist-packages/starlette/routing.py", line 76, in app
    await wrap_app_handling_exceptions(app, request)(scope, receive, send)
  File "/usr/local/lib/python3.10/dist-packages/starlette/_exception_handler.py", line 62, in wrapped_app
    raise exc
  File "/usr/local/lib/python3.10/dist-packages/starlette/_exception_handler.py", line 51, in wrapped_app
    await app(scope, receive, sender)
  File "/usr/local/lib/python3.10/dist-packages/starlette/routing.py", line 73, in app
    response = await f(request)
  File "/usr/local/lib/python3.10/dist-packages/fastapi/routing.py", line 301, in app
    raw_response = await run_endpoint_function(
  File "/usr/local/lib/python3.10/dist-packages/fastapi/routing.py", line 214, in run_endpoint_function
    return await run_in_threadpool(dependant.call, **values)
  File "/usr/local/lib/python3.10/dist-packages/starlette/concurrency.py", line 39, in run_in_threadpool
    return await anyio.to_thread.run_sync(func, *args)
  File "/usr/local/lib/python3.10/dist-packages/anyio/to_thread.py", line 63, in run_sync
    return await get_async_backend().run_sync_in_worker_thread(
  File "/usr/local/lib/python3.10/dist-packages/anyio/_backends/_asyncio.py", line 2518, in run_sync_in_worker_thread
    return await future
  File "/usr/local/lib/python3.10/dist-packages/anyio/_backends/_asyncio.py", line 1002, in run
    result = context.run(func, *args)
  File "/workspace/vip_parking_alert/backend/app/api/spots.py", line 76, in create_spot
    result = SpotResponse.model_validate(spot).model_dump()
  File "/usr/local/lib/python3.10/dist-packages/pydantic/main.py", line 732, in model_validate
    return cls.__pydantic_validator__.validate_python(
pydantic_core._pydantic_core.ValidationError: 1 validation error for SpotResponse
allowed_plates
  Input should be a valid list [type=list_type, input_value='["粤B33333"]', input_type=str]
    For further information visit https://errors.pydantic.dev/2.13/v/list_type
2026-04-24 15:47:22 | ERROR    | app.main | 未处理异常: http://testserver/api/spots - 1 validation error for SpotResponse
allowed_plates
  Input should be a valid list [type=list_type, input_value='["粤B33333"]', input_type=str]
    For further information visit https://errors.pydantic.dev/2.13/v/list_type
Traceback (most recent call last):
  File "/usr/local/lib/python3.10/dist-packages/starlette/middleware/errors.py", line 165, in __call__
    await self.app(scope, receive, _send)
  File "/usr/local/lib/python3.10/dist-packages/starlette/middleware/exceptions.py", line 62, in __call__
    await wrap_app_handling_exceptions(self.app, conn)(scope, receive, send)
  File "/usr/local/lib/python3.10/dist-packages/starlette/_exception_handler.py", line 62, in wrapped_app
    raise exc
  File "/usr/local/lib/python3.10/dist-packages/starlette/_exception_handler.py", line 51, in wrapped_app
    await app(scope, receive, sender)
  File "/usr/local/lib/python3.10/dist-packages/starlette/routing.py", line 715, in __call__
    await self.middleware_stack(scope, receive, send)
  File "/usr/local/lib/python3.10/dist-packages/starlette/routing.py", line 735, in app
    await route.handle(scope, receive, send)
  File "/usr/local/lib/python3.10/dist-packages/starlette/routing.py", line 288, in handle
    await self.app(scope, receive, send)
  File "/usr/local/lib/python3.10/dist-packages/starlette/routing.py", line 76, in app
    await wrap_app_handling_exceptions(app, request)(scope, receive, send)
  File "/usr/local/lib/python3.10/dist-packages/starlette/_exception_handler.py", line 62, in wrapped_app
    raise exc
  File "/usr/local/lib/python3.10/dist-packages/starlette/_exception_handler.py", line 51, in wrapped_app
    await app(scope, receive, sender)
  File "/usr/local/lib/python3.10/dist-packages/starlette/routing.py", line 73, in app
    response = await f(request)
  File "/usr/local/lib/python3.10/dist-packages/fastapi/routing.py", line 301, in app
    raw_response = await run_endpoint_function(
  File "/usr/local/lib/python3.10/dist-packages/fastapi/routing.py", line 214, in run_endpoint_function
    return await run_in_threadpool(dependant.call, **values)
  File "/usr/local/lib/python3.10/dist-packages/starlette/concurrency.py", line 39, in run_in_threadpool
    return await anyio.to_thread.run_sync(func, *args)
  File "/usr/local/lib/python3.10/dist-packages/anyio/to_thread.py", line 63, in run_sync
    return await get_async_backend().run_sync_in_worker_thread(
  File "/usr/local/lib/python3.10/dist-packages/anyio/_backends/_asyncio.py", line 2518, in run_sync_in_worker_thread
    return await future
  File "/usr/local/lib/python3.10/dist-packages/anyio/_backends/_asyncio.py", line 1002, in run
    result = context.run(func, *args)
  File "/workspace/vip_parking_alert/backend/app/api/spots.py", line 76, in create_spot
    result = SpotResponse.model_validate(spot).model_dump()
  File "/usr/local/lib/python3.10/dist-packages/pydantic/main.py", line 732, in model_validate
    return cls.__pydantic_validator__.validate_python(
pydantic_core._pydantic_core.ValidationError: 1 validation error for SpotResponse
allowed_plates
  Input should be a valid list [type=list_type, input_value='["粤B33333"]', input_type=str]
    For further information visit https://errors.pydantic.dev/2.13/v/list_type
2026-04-24 15:47:22 | ERROR    | app.main | 未处理异常: http://testserver/api/spots - 1 validation error for SpotResponse
allowed_plates
  Input should be a valid list [type=list_type, input_value='["粤B33333"]', input_type=str]
    For further information visit https://errors.pydantic.dev/2.13/v/list_type
Traceback (most recent call last):
  File "/usr/local/lib/python3.10/dist-packages/starlette/middleware/errors.py", line 165, in __call__
    await self.app(scope, receive, _send)
  File "/usr/local/lib/python3.10/dist-packages/starlette/middleware/exceptions.py", line 62, in __call__
    await wrap_app_handling_exceptions(self.app, conn)(scope, receive, send)
  File "/usr/local/lib/python3.10/dist-packages/starlette/_exception_handler.py", line 62, in wrapped_app
    raise exc
  File "/usr/local/lib/python3.10/dist-packages/starlette/_exception_handler.py", line 51, in wrapped_app
    await app(scope, receive, sender)
  File "/usr/local/lib/python3.10/dist-packages/starlette/routing.py", line 715, in __call__
    await self.middleware_stack(scope, receive, send)
  File "/usr/local/lib/python3.10/dist-packages/starlette/routing.py", line 735, in app
    await route.handle(scope, receive, send)
  File "/usr/local/lib/python3.10/dist-packages/starlette/routing.py", line 288, in handle
    await self.app(scope, receive, send)
  File "/usr/local/lib/python3.10/dist-packages/starlette/routing.py", line 76, in app
    await wrap_app_handling_exceptions(app, request)(scope, receive, send)
  File "/usr/local/lib/python3.10/dist-packages/starlette/_exception_handler.py", line 62, in wrapped_app
    raise exc
  File "/usr/local/lib/python3.10/dist-packages/starlette/_exception_handler.py", line 51, in wrapped_app
    await app(scope, receive, sender)
  File "/usr/local/lib/python3.10/dist-packages/starlette/routing.py", line 73, in app
    response = await f(request)
  File "/usr/local/lib/python3.10/dist-packages/fastapi/routing.py", line 301, in app
    raw_response = await run_endpoint_function(
  File "/usr/local/lib/python3.10/dist-packages/fastapi/routing.py", line 214, in run_endpoint_function
    return await run_in_threadpool(dependant.call, **values)
  File "/usr/local/lib/python3.10/dist-packages/starlette/concurrency.py", line 39, in run_in_threadpool
    return await anyio.to_thread.run_sync(func, *args)
  File "/usr/local/lib/python3.10/dist-packages/anyio/to_thread.py", line 63, in run_sync
    return await get_async_backend().run_sync_in_worker_thread(
  File "/usr/local/lib/python3.10/dist-packages/anyio/_backends/_asyncio.py", line 2518, in run_sync_in_worker_thread
    return await future
  File "/usr/local/lib/python3.10/dist-packages/anyio/_backends/_asyncio.py", line 1002, in run
    result = context.run(func, *args)
  File "/workspace/vip_parking_alert/backend/app/api/spots.py", line 76, in create_spot
    result = SpotResponse.model_validate(spot).model_dump()
  File "/usr/local/lib/python3.10/dist-packages/pydantic/main.py", line 732, in model_validate
    return cls.__pydantic_validator__.validate_python(
pydantic_core._pydantic_core.ValidationError: 1 validation error for SpotResponse
allowed_plates
  Input should be a valid list [type=list_type, input_value='["粤B33333"]', input_type=str]
    For further information visit https://errors.pydantic.dev/2.13/v/list_type
2026-04-24 15:47:22 | ERROR    | app.main | 未处理异常: http://testserver/api/spots - 1 validation error for SpotResponse
allowed_plates
  Input should be a valid list [type=list_type, input_value='["粤B33333"]', input_type=str]
    For further information visit https://errors.pydantic.dev/2.13/v/list_type
Traceback (most recent call last):
  File "/usr/local/lib/python3.10/dist-packages/starlette/middleware/errors.py", line 165, in __call__
    await self.app(scope, receive, _send)
  File "/usr/local/lib/python3.10/dist-packages/starlette/middleware/exceptions.py", line 62, in __call__
    await wrap_app_handling_exceptions(self.app, conn)(scope, receive, send)
  File "/usr/local/lib/python3.10/dist-packages/starlette/_exception_handler.py", line 62, in wrapped_app
    raise exc
  File "/usr/local/lib/python3.10/dist-packages/starlette/_exception_handler.py", line 51, in wrapped_app
    await app(scope, receive, sender)
  File "/usr/local/lib/python3.10/dist-packages/starlette/routing.py", line 715, in __call__
    await self.middleware_stack(scope, receive, send)
  File "/usr/local/lib/python3.10/dist-packages/starlette/routing.py", line 735, in app
    await route.handle(scope, receive, send)
  File "/usr/local/lib/python3.10/dist-packages/starlette/routing.py", line 288, in handle
    await self.app(scope, receive, send)
  File "/usr/local/lib/python3.10/dist-packages/starlette/routing.py", line 76, in app
    await wrap_app_handling_exceptions(app, request)(scope, receive, send)
  File "/usr/local/lib/python3.10/dist-packages/starlette/_exception_handler.py", line 62, in wrapped_app
    raise exc
  File "/usr/local/lib/python3.10/dist-packages/starlette/_exception_handler.py", line 51, in wrapped_app
    await app(scope, receive, sender)
  File "/usr/local/lib/python3.10/dist-packages/starlette/routing.py", line 73, in app
    response = await f(request)
  File "/usr/local/lib/python3.10/dist-packages/fastapi/routing.py", line 301, in app
    raw_response = await run_endpoint_function(
  File "/usr/local/lib/python3.10/dist-packages/fastapi/routing.py", line 214, in run_endpoint_function
    return await run_in_threadpool(dependant.call, **values)
  File "/usr/local/lib/python3.10/dist-packages/starlette/concurrency.py", line 39, in run_in_threadpool
    return await anyio.to_thread.run_sync(func, *args)
  File "/usr/local/lib/python3.10/dist-packages/anyio/to_thread.py", line 63, in run_sync
    return await get_async_backend().run_sync_in_worker_thread(
  File "/usr/local/lib/python3.10/dist-packages/anyio/_backends/_asyncio.py", line 2518, in run_sync_in_worker_thread
    return await future
  File "/usr/local/lib/python3.10/dist-packages/anyio/_backends/_asyncio.py", line 1002, in run
    result = context.run(func, *args)
  File "/workspace/vip_parking_alert/backend/app/api/spots.py", line 76, in create_spot
    result = SpotResponse.model_validate(spot).model_dump()
  File "/usr/local/lib/python3.10/dist-packages/pydantic/main.py", line 732, in model_validate
    return cls.__pydantic_validator__.validate_python(
pydantic_core._pydantic_core.ValidationError: 1 validation error for SpotResponse
allowed_plates
  Input should be a valid list [type=list_type, input_value='["粤B33333"]', input_type=str]
    For further information visit https://errors.pydantic.dev/2.13/v/list_type
2026-04-24 15:47:22 | ERROR    | app.main | 未处理异常: http://testserver/api/spots - 1 validation error for SpotResponse
allowed_plates
  Input should be a valid list [type=list_type, input_value='["粤B33333"]', input_type=str]
    For further information visit https://errors.pydantic.dev/2.13/v/list_type
Traceback (most recent call last):
  File "/usr/local/lib/python3.10/dist-packages/starlette/middleware/errors.py", line 165, in __call__
    await self.app(scope, receive, _send)
  File "/usr/local/lib/python3.10/dist-packages/starlette/middleware/exceptions.py", line 62, in __call__
    await wrap_app_handling_exceptions(self.app, conn)(scope, receive, send)
  File "/usr/local/lib/python3.10/dist-packages/starlette/_exception_handler.py", line 62, in wrapped_app
    raise exc
  File "/usr/local/lib/python3.10/dist-packages/starlette/_exception_handler.py", line 51, in wrapped_app
    await app(scope, receive, sender)
  File "/usr/local/lib/python3.10/dist-packages/starlette/routing.py", line 715, in __call__
    await self.middleware_stack(scope, receive, send)
  File "/usr/local/lib/python3.10/dist-packages/starlette/routing.py", line 735, in app
    await route.handle(scope, receive, send)
  File "/usr/local/lib/python3.10/dist-packages/starlette/routing.py", line 288, in handle
    await self.app(scope, receive, send)
  File "/usr/local/lib/python3.10/dist-packages/starlette/routing.py", line 76, in app
    await wrap_app_handling_exceptions(app, request)(scope, receive, send)
  File "/usr/local/lib/python3.10/dist-packages/starlette/_exception_handler.py", line 62, in wrapped_app
    raise exc
  File "/usr/local/lib/python3.10/dist-packages/starlette/_exception_handler.py", line 51, in wrapped_app
    await app(scope, receive, sender)
  File "/usr/local/lib/python3.10/dist-packages/starlette/routing.py", line 73, in app
    response = await f(request)
  File "/usr/local/lib/python3.10/dist-packages/fastapi/routing.py", line 301, in app
    raw_response = await run_endpoint_function(
  File "/usr/local/lib/python3.10/dist-packages/fastapi/routing.py", line 214, in run_endpoint_function
    return await run_in_threadpool(dependant.call, **values)
  File "/usr/local/lib/python3.10/dist-packages/starlette/concurrency.py", line 39, in run_in_threadpool
    return await anyio.to_thread.run_sync(func, *args)
  File "/usr/local/lib/python3.10/dist-packages/anyio/to_thread.py", line 63, in run_sync
    return await get_async_backend().run_sync_in_worker_thread(
  File "/usr/local/lib/python3.10/dist-packages/anyio/_backends/_asyncio.py", line 2518, in run_sync_in_worker_thread
    return await future
  File "/usr/local/lib/python3.10/dist-packages/anyio/_backends/_asyncio.py", line 1002, in run
    result = context.run(func, *args)
  File "/workspace/vip_parking_alert/backend/app/api/spots.py", line 76, in create_spot
    result = SpotResponse.model_validate(spot).model_dump()
  File "/usr/local/lib/python3.10/dist-packages/pydantic/main.py", line 732, in model_validate
    return cls.__pydantic_validator__.validate_python(
pydantic_core._pydantic_core.ValidationError: 1 validation error for SpotResponse
allowed_plates
  Input should be a valid list [type=list_type, input_value='["粤B33333"]', input_type=str]
    For further information visit https://errors.pydantic.dev/2.13/v/list_type
2026-04-24 15:47:22 | ERROR    | app.main | 未处理异常: http://testserver/api/spots - 1 validation error for SpotResponse
allowed_plates
  Input should be a valid list [type=list_type, input_value='["粤B33333"]', input_type=str]
    For further information visit https://errors.pydantic.dev/2.13/v/list_type
Traceback (most recent call last):
  File "/usr/local/lib/python3.10/dist-packages/starlette/middleware/errors.py", line 165, in __call__
    await self.app(scope, receive, _send)
  File "/usr/local/lib/python3.10/dist-packages/starlette/middleware/exceptions.py", line 62, in __call__
    await wrap_app_handling_exceptions(self.app, conn)(scope, receive, send)
  File "/usr/local/lib/python3.10/dist-packages/starlette/_exception_handler.py", line 62, in wrapped_app
    raise exc
  File "/usr/local/lib/python3.10/dist-packages/starlette/_exception_handler.py", line 51, in wrapped_app
    await app(scope, receive, sender)
  File "/usr/local/lib/python3.10/dist-packages/starlette/routing.py", line 715, in __call__
    await self.middleware_stack(scope, receive, send)
  File "/usr/local/lib/python3.10/dist-packages/starlette/routing.py", line 735, in app
    await route.handle(scope, receive, send)
  File "/usr/local/lib/python3.10/dist-packages/starlette/routing.py", line 288, in handle
    await self.app(scope, receive, send)
  File "/usr/local/lib/python3.10/dist-packages/starlette/routing.py", line 76, in app
    await wrap_app_handling_exceptions(app, request)(scope, receive, send)
  File "/usr/local/lib/python3.10/dist-packages/starlette/_exception_handler.py", line 62, in wrapped_app
    raise exc
  File "/usr/local/lib/python3.10/dist-packages/starlette/_exception_handler.py", line 51, in wrapped_app
    await app(scope, receive, sender)
  File "/usr/local/lib/python3.10/dist-packages/starlette/routing.py", line 73, in app
    response = await f(request)
  File "/usr/local/lib/python3.10/dist-packages/fastapi/routing.py", line 301, in app
    raw_response = await run_endpoint_function(
  File "/usr/local/lib/python3.10/dist-packages/fastapi/routing.py", line 214, in run_endpoint_function
    return await run_in_threadpool(dependant.call, **values)
  File "/usr/local/lib/python3.10/dist-packages/starlette/concurrency.py", line 39, in run_in_threadpool
    return await anyio.to_thread.run_sync(func, *args)
  File "/usr/local/lib/python3.10/dist-packages/anyio/to_thread.py", line 63, in run_sync
    return await get_async_backend().run_sync_in_worker_thread(
  File "/usr/local/lib/python3.10/dist-packages/anyio/_backends/_asyncio.py", line 2518, in run_sync_in_worker_thread
    return await future
  File "/usr/local/lib/python3.10/dist-packages/anyio/_backends/_asyncio.py", line 1002, in run
    result = context.run(func, *args)
  File "/workspace/vip_parking_alert/backend/app/api/spots.py", line 76, in create_spot
    result = SpotResponse.model_validate(spot).model_dump()
  File "/usr/local/lib/python3.10/dist-packages/pydantic/main.py", line 732, in model_validate
    return cls.__pydantic_validator__.validate_python(
pydantic_core._pydantic_core.ValidationError: 1 validation error for SpotResponse
allowed_plates
  Input should be a valid list [type=list_type, input_value='["粤B33333"]', input_type=str]
    For further information visit https://errors.pydantic.dev/2.13/v/list_type
2026-04-24 15:47:22 | INFO     | app.scheduler.setup | APScheduler调度器已关闭
2026-04-24 15:47:22 | INFO     | app.scheduler.setup | APScheduler调度器已关闭
2026-04-24 15:47:22 | INFO     | app.scheduler.setup | APScheduler调度器已关闭
2026-04-24 15:47:22 | INFO     | app.scheduler.setup | APScheduler调度器已关闭
2026-04-24 15:47:22 | INFO     | app.scheduler.setup | APScheduler调度器已关闭
2026-04-24 15:47:22 | INFO     | app.scheduler.setup | APScheduler调度器已关闭
2026-04-24 15:47:22 | INFO     | app.scheduler.setup | APScheduler调度器已关闭
2026-04-24 15:47:22 | INFO     | app.scheduler.setup | APScheduler调度器已关闭
2026-04-24 15:47:22 | INFO     | app.main | VIP车位告警系统已关闭
2026-04-24 15:47:22 | INFO     | app.main | VIP车位告警系统已关闭
2026-04-24 15:47:22 | INFO     | app.main | VIP车位告警系统已关闭
2026-04-24 15:47:22 | INFO     | app.main | VIP车位告警系统已关闭
2026-04-24 15:47:22 | INFO     | app.main | VIP车位告警系统已关闭
2026-04-24 15:47:22 | INFO     | app.main | VIP车位告警系统已关闭
2026-04-24 15:47:22 | INFO     | app.main | VIP车位告警系统已关闭
2026-04-24 15:47:22 | INFO     | app.main | VIP车位告警系统已关闭
2026-04-24 15:47:22 | INFO     | app.main | VIP车位告警系统启动中...
2026-04-24 15:47:22 | INFO     | app.main | VIP车位告警系统启动中...
2026-04-24 15:47:22 | INFO     | app.main | VIP车位告警系统启动中...
2026-04-24 15:47:22 | INFO     | app.main | VIP车位告警系统启动中...
2026-04-24 15:47:22 | INFO     | app.main | VIP车位告警系统启动中...
2026-04-24 15:47:22 | INFO     | app.main | VIP车位告警系统启动中...
2026-04-24 15:47:22 | INFO     | app.main | VIP车位告警系统启动中...
2026-04-24 15:47:22 | INFO     | app.main | VIP车位告警系统启动中...
2026-04-24 15:47:22 | INFO     | app.main | VIP车位告警系统启动中...
2026-04-24 15:47:22 | INFO     | app.scheduler.setup | APScheduler调度器已启动
2026-04-24 15:47:22 | INFO     | app.scheduler.setup | APScheduler调度器已启动
2026-04-24 15:47:22 | INFO     | app.scheduler.setup | APScheduler调度器已启动
2026-04-24 15:47:22 | INFO     | app.scheduler.setup | APScheduler调度器已启动
2026-04-24 15:47:22 | INFO     | app.scheduler.setup | APScheduler调度器已启动
2026-04-24 15:47:22 | INFO     | app.scheduler.setup | APScheduler调度器已启动
2026-04-24 15:47:22 | INFO     | app.scheduler.setup | APScheduler调度器已启动
2026-04-24 15:47:22 | INFO     | app.scheduler.setup | APScheduler调度器已启动
2026-04-24 15:47:22 | INFO     | app.scheduler.setup | APScheduler调度器已启动
2026-04-24 15:47:22 | ERROR    | app.main | 未处理异常: http://testserver/api/spots - 1 validation error for SpotResponse
allowed_plates
  Input should be a valid list [type=list_type, input_value='["粤B44444"]', input_type=str]
    For further information visit https://errors.pydantic.dev/2.13/v/list_type
Traceback (most recent call last):
  File "/usr/local/lib/python3.10/dist-packages/starlette/middleware/errors.py", line 165, in __call__
    await self.app(scope, receive, _send)
  File "/usr/local/lib/python3.10/dist-packages/starlette/middleware/exceptions.py", line 62, in __call__
    await wrap_app_handling_exceptions(self.app, conn)(scope, receive, send)
  File "/usr/local/lib/python3.10/dist-packages/starlette/_exception_handler.py", line 62, in wrapped_app
    raise exc
  File "/usr/local/lib/python3.10/dist-packages/starlette/_exception_handler.py", line 51, in wrapped_app
    await app(scope, receive, sender)
  File "/usr/local/lib/python3.10/dist-packages/starlette/routing.py", line 715, in __call__
    await self.middleware_stack(scope, receive, send)
  File "/usr/local/lib/python3.10/dist-packages/starlette/routing.py", line 735, in app
    await route.handle(scope, receive, send)
  File "/usr/local/lib/python3.10/dist-packages/starlette/routing.py", line 288, in handle
    await self.app(scope, receive, send)
  File "/usr/local/lib/python3.10/dist-packages/starlette/routing.py", line 76, in app
    await wrap_app_handling_exceptions(app, request)(scope, receive, send)
  File "/usr/local/lib/python3.10/dist-packages/starlette/_exception_handler.py", line 62, in wrapped_app
    raise exc
  File "/usr/local/lib/python3.10/dist-packages/starlette/_exception_handler.py", line 51, in wrapped_app
    await app(scope, receive, sender)
  File "/usr/local/lib/python3.10/dist-packages/starlette/routing.py", line 73, in app
    response = await f(request)
  File "/usr/local/lib/python3.10/dist-packages/fastapi/routing.py", line 301, in app
    raw_response = await run_endpoint_function(
  File "/usr/local/lib/python3.10/dist-packages/fastapi/routing.py", line 214, in run_endpoint_function
    return await run_in_threadpool(dependant.call, **values)
  File "/usr/local/lib/python3.10/dist-packages/starlette/concurrency.py", line 39, in run_in_threadpool
    return await anyio.to_thread.run_sync(func, *args)
  File "/usr/local/lib/python3.10/dist-packages/anyio/to_thread.py", line 63, in run_sync
    return await get_async_backend().run_sync_in_worker_thread(
  File "/usr/local/lib/python3.10/dist-packages/anyio/_backends/_asyncio.py", line 2518, in run_sync_in_worker_thread
    return await future
  File "/usr/local/lib/python3.10/dist-packages/anyio/_backends/_asyncio.py", line 1002, in run
    result = context.run(func, *args)
  File "/workspace/vip_parking_alert/backend/app/api/spots.py", line 76, in create_spot
    result = SpotResponse.model_validate(spot).model_dump()
  File "/usr/local/lib/python3.10/dist-packages/pydantic/main.py", line 732, in model_validate
    return cls.__pydantic_validator__.validate_python(
pydantic_core._pydantic_core.ValidationError: 1 validation error for SpotResponse
allowed_plates
  Input should be a valid list [type=list_type, input_value='["粤B44444"]', input_type=str]
    For further information visit https://errors.pydantic.dev/2.13/v/list_type
2026-04-24 15:47:22 | ERROR    | app.main | 未处理异常: http://testserver/api/spots - 1 validation error for SpotResponse
allowed_plates
  Input should be a valid list [type=list_type, input_value='["粤B44444"]', input_type=str]
    For further information visit https://errors.pydantic.dev/2.13/v/list_type
Traceback (most recent call last):
  File "/usr/local/lib/python3.10/dist-packages/starlette/middleware/errors.py", line 165, in __call__
    await self.app(scope, receive, _send)
  File "/usr/local/lib/python3.10/dist-packages/starlette/middleware/exceptions.py", line 62, in __call__
    await wrap_app_handling_exceptions(self.app, conn)(scope, receive, send)
  File "/usr/local/lib/python3.10/dist-packages/starlette/_exception_handler.py", line 62, in wrapped_app
    raise exc
  File "/usr/local/lib/python3.10/dist-packages/starlette/_exception_handler.py", line 51, in wrapped_app
    await app(scope, receive, sender)
  File "/usr/local/lib/python3.10/dist-packages/starlette/routing.py", line 715, in __call__
    await self.middleware_stack(scope, receive, send)
  File "/usr/local/lib/python3.10/dist-packages/starlette/routing.py", line 735, in app
    await route.handle(scope, receive, send)
  File "/usr/local/lib/python3.10/dist-packages/starlette/routing.py", line 288, in handle
    await self.app(scope, receive, send)
  File "/usr/local/lib/python3.10/dist-packages/starlette/routing.py", line 76, in app
    await wrap_app_handling_exceptions(app, request)(scope, receive, send)
  File "/usr/local/lib/python3.10/dist-packages/starlette/_exception_handler.py", line 62, in wrapped_app
    raise exc
  File "/usr/local/lib/python3.10/dist-packages/starlette/_exception_handler.py", line 51, in wrapped_app
    await app(scope, receive, sender)
  File "/usr/local/lib/python3.10/dist-packages/starlette/routing.py", line 73, in app
    response = await f(request)
  File "/usr/local/lib/python3.10/dist-packages/fastapi/routing.py", line 301, in app
    raw_response = await run_endpoint_function(
  File "/usr/local/lib/python3.10/dist-packages/fastapi/routing.py", line 214, in run_endpoint_function
    return await run_in_threadpool(dependant.call, **values)
  File "/usr/local/lib/python3.10/dist-packages/starlette/concurrency.py", line 39, in run_in_threadpool
    return await anyio.to_thread.run_sync(func, *args)
  File "/usr/local/lib/python3.10/dist-packages/anyio/to_thread.py", line 63, in run_sync
    return await get_async_backend().run_sync_in_worker_thread(
  File "/usr/local/lib/python3.10/dist-packages/anyio/_backends/_asyncio.py", line 2518, in run_sync_in_worker_thread
    return await future
  File "/usr/local/lib/python3.10/dist-packages/anyio/_backends/_asyncio.py", line 1002, in run
    result = context.run(func, *args)
  File "/workspace/vip_parking_alert/backend/app/api/spots.py", line 76, in create_spot
    result = SpotResponse.model_validate(spot).model_dump()
  File "/usr/local/lib/python3.10/dist-packages/pydantic/main.py", line 732, in model_validate
    return cls.__pydantic_validator__.validate_python(
pydantic_core._pydantic_core.ValidationError: 1 validation error for SpotResponse
allowed_plates
  Input should be a valid list [type=list_type, input_value='["粤B44444"]', input_type=str]
    For further information visit https://errors.pydantic.dev/2.13/v/list_type
2026-04-24 15:47:22 | ERROR    | app.main | 未处理异常: http://testserver/api/spots - 1 validation error for SpotResponse
allowed_plates
  Input should be a valid list [type=list_type, input_value='["粤B44444"]', input_type=str]
    For further information visit https://errors.pydantic.dev/2.13/v/list_type
Traceback (most recent call last):
  File "/usr/local/lib/python3.10/dist-packages/starlette/middleware/errors.py", line 165, in __call__
    await self.app(scope, receive, _send)
  File "/usr/local/lib/python3.10/dist-packages/starlette/middleware/exceptions.py", line 62, in __call__
    await wrap_app_handling_exceptions(self.app, conn)(scope, receive, send)
  File "/usr/local/lib/python3.10/dist-packages/starlette/_exception_handler.py", line 62, in wrapped_app
    raise exc
  File "/usr/local/lib/python3.10/dist-packages/starlette/_exception_handler.py", line 51, in wrapped_app
    await app(scope, receive, sender)
  File "/usr/local/lib/python3.10/dist-packages/starlette/routing.py", line 715, in __call__
    await self.middleware_stack(scope, receive, send)
  File "/usr/local/lib/python3.10/dist-packages/starlette/routing.py", line 735, in app
    await route.handle(scope, receive, send)
  File "/usr/local/lib/python3.10/dist-packages/starlette/routing.py", line 288, in handle
    await self.app(scope, receive, send)
  File "/usr/local/lib/python3.10/dist-packages/starlette/routing.py", line 76, in app
    await wrap_app_handling_exceptions(app, request)(scope, receive, send)
  File "/usr/local/lib/python3.10/dist-packages/starlette/_exception_handler.py", line 62, in wrapped_app
    raise exc
  File "/usr/local/lib/python3.10/dist-packages/starlette/_exception_handler.py", line 51, in wrapped_app
    await app(scope, receive, sender)
  File "/usr/local/lib/python3.10/dist-packages/starlette/routing.py", line 73, in app
    response = await f(request)
  File "/usr/local/lib/python3.10/dist-packages/fastapi/routing.py", line 301, in app
    raw_response = await run_endpoint_function(
  File "/usr/local/lib/python3.10/dist-packages/fastapi/routing.py", line 214, in run_endpoint_function
    return await run_in_threadpool(dependant.call, **values)
  File "/usr/local/lib/python3.10/dist-packages/starlette/concurrency.py", line 39, in run_in_threadpool
    return await anyio.to_thread.run_sync(func, *args)
  File "/usr/local/lib/python3.10/dist-packages/anyio/to_thread.py", line 63, in run_sync
    return await get_async_backend().run_sync_in_worker_thread(
  File "/usr/local/lib/python3.10/dist-packages/anyio/_backends/_asyncio.py", line 2518, in run_sync_in_worker_thread
    return await future
  File "/usr/local/lib/python3.10/dist-packages/anyio/_backends/_asyncio.py", line 1002, in run
    result = context.run(func, *args)
  File "/workspace/vip_parking_alert/backend/app/api/spots.py", line 76, in create_spot
    result = SpotResponse.model_validate(spot).model_dump()
  File "/usr/local/lib/python3.10/dist-packages/pydantic/main.py", line 732, in model_validate
    return cls.__pydantic_validator__.validate_python(
pydantic_core._pydantic_core.ValidationError: 1 validation error for SpotResponse
allowed_plates
  Input should be a valid list [type=list_type, input_value='["粤B44444"]', input_type=str]
    For further information visit https://errors.pydantic.dev/2.13/v/list_type
2026-04-24 15:47:22 | ERROR    | app.main | 未处理异常: http://testserver/api/spots - 1 validation error for SpotResponse
allowed_plates
  Input should be a valid list [type=list_type, input_value='["粤B44444"]', input_type=str]
    For further information visit https://errors.pydantic.dev/2.13/v/list_type
Traceback (most recent call last):
  File "/usr/local/lib/python3.10/dist-packages/starlette/middleware/errors.py", line 165, in __call__
    await self.app(scope, receive, _send)
  File "/usr/local/lib/python3.10/dist-packages/starlette/middleware/exceptions.py", line 62, in __call__
    await wrap_app_handling_exceptions(self.app, conn)(scope, receive, send)
  File "/usr/local/lib/python3.10/dist-packages/starlette/_exception_handler.py", line 62, in wrapped_app
    raise exc
  File "/usr/local/lib/python3.10/dist-packages/starlette/_exception_handler.py", line 51, in wrapped_app
    await app(scope, receive, sender)
  File "/usr/local/lib/python3.10/dist-packages/starlette/routing.py", line 715, in __call__
    await self.middleware_stack(scope, receive, send)
  File "/usr/local/lib/python3.10/dist-packages/starlette/routing.py", line 735, in app
    await route.handle(scope, receive, send)
  File "/usr/local/lib/python3.10/dist-packages/starlette/routing.py", line 288, in handle
    await self.app(scope, receive, send)
  File "/usr/local/lib/python3.10/dist-packages/starlette/routing.py", line 76, in app
    await wrap_app_handling_exceptions(app, request)(scope, receive, send)
  File "/usr/local/lib/python3.10/dist-packages/starlette/_exception_handler.py", line 62, in wrapped_app
    raise exc
  File "/usr/local/lib/python3.10/dist-packages/starlette/_exception_handler.py", line 51, in wrapped_app
    await app(scope, receive, sender)
  File "/usr/local/lib/python3.10/dist-packages/starlette/routing.py", line 73, in app
    response = await f(request)
  File "/usr/local/lib/python3.10/dist-packages/fastapi/routing.py", line 301, in app
    raw_response = await run_endpoint_function(
  File "/usr/local/lib/python3.10/dist-packages/fastapi/routing.py", line 214, in run_endpoint_function
    return await run_in_threadpool(dependant.call, **values)
  File "/usr/local/lib/python3.10/dist-packages/starlette/concurrency.py", line 39, in run_in_threadpool
    return await anyio.to_thread.run_sync(func, *args)
  File "/usr/local/lib/python3.10/dist-packages/anyio/to_thread.py", line 63, in run_sync
    return await get_async_backend().run_sync_in_worker_thread(
  File "/usr/local/lib/python3.10/dist-packages/anyio/_backends/_asyncio.py", line 2518, in run_sync_in_worker_thread
    return await future
  File "/usr/local/lib/python3.10/dist-packages/anyio/_backends/_asyncio.py", line 1002, in run
    result = context.run(func, *args)
  File "/workspace/vip_parking_alert/backend/app/api/spots.py", line 76, in create_spot
    result = SpotResponse.model_validate(spot).model_dump()
  File "/usr/local/lib/python3.10/dist-packages/pydantic/main.py", line 732, in model_validate
    return cls.__pydantic_validator__.validate_python(
pydantic_core._pydantic_core.ValidationError: 1 validation error for SpotResponse
allowed_plates
  Input should be a valid list [type=list_type, input_value='["粤B44444"]', input_type=str]
    For further information visit https://errors.pydantic.dev/2.13/v/list_type
2026-04-24 15:47:22 | ERROR    | app.main | 未处理异常: http://testserver/api/spots - 1 validation error for SpotResponse
allowed_plates
  Input should be a valid list [type=list_type, input_value='["粤B44444"]', input_type=str]
    For further information visit https://errors.pydantic.dev/2.13/v/list_type
Traceback (most recent call last):
  File "/usr/local/lib/python3.10/dist-packages/starlette/middleware/errors.py", line 165, in __call__
    await self.app(scope, receive, _send)
  File "/usr/local/lib/python3.10/dist-packages/starlette/middleware/exceptions.py", line 62, in __call__
    await wrap_app_handling_exceptions(self.app, conn)(scope, receive, send)
  File "/usr/local/lib/python3.10/dist-packages/starlette/_exception_handler.py", line 62, in wrapped_app
    raise exc
  File "/usr/local/lib/python3.10/dist-packages/starlette/_exception_handler.py", line 51, in wrapped_app
    await app(scope, receive, sender)
  File "/usr/local/lib/python3.10/dist-packages/starlette/routing.py", line 715, in __call__
    await self.middleware_stack(scope, receive, send)
  File "/usr/local/lib/python3.10/dist-packages/starlette/routing.py", line 735, in app
    await route.handle(scope, receive, send)
  File "/usr/local/lib/python3.10/dist-packages/starlette/routing.py", line 288, in handle
    await self.app(scope, receive, send)
  File "/usr/local/lib/python3.10/dist-packages/starlette/routing.py", line 76, in app
    await wrap_app_handling_exceptions(app, request)(scope, receive, send)
  File "/usr/local/lib/python3.10/dist-packages/starlette/_exception_handler.py", line 62, in wrapped_app
    raise exc
  File "/usr/local/lib/python3.10/dist-packages/starlette/_exception_handler.py", line 51, in wrapped_app
    await app(scope, receive, sender)
  File "/usr/local/lib/python3.10/dist-packages/starlette/routing.py", line 73, in app
    response = await f(request)
  File "/usr/local/lib/python3.10/dist-packages/fastapi/routing.py", line 301, in app
    raw_response = await run_endpoint_function(
  File "/usr/local/lib/python3.10/dist-packages/fastapi/routing.py", line 214, in run_endpoint_function
    return await run_in_threadpool(dependant.call, **values)
  File "/usr/local/lib/python3.10/dist-packages/starlette/concurrency.py", line 39, in run_in_threadpool
    return await anyio.to_thread.run_sync(func, *args)
  File "/usr/local/lib/python3.10/dist-packages/anyio/to_thread.py", line 63, in run_sync
    return await get_async_backend().run_sync_in_worker_thread(
  File "/usr/local/lib/python3.10/dist-packages/anyio/_backends/_asyncio.py", line 2518, in run_sync_in_worker_thread
    return await future
  File "/usr/local/lib/python3.10/dist-packages/anyio/_backends/_asyncio.py", line 1002, in run
    result = context.run(func, *args)
  File "/workspace/vip_parking_alert/backend/app/api/spots.py", line 76, in create_spot
    result = SpotResponse.model_validate(spot).model_dump()
  File "/usr/local/lib/python3.10/dist-packages/pydantic/main.py", line 732, in model_validate
    return cls.__pydantic_validator__.validate_python(
pydantic_core._pydantic_core.ValidationError: 1 validation error for SpotResponse
allowed_plates
  Input should be a valid list [type=list_type, input_value='["粤B44444"]', input_type=str]
    For further information visit https://errors.pydantic.dev/2.13/v/list_type
2026-04-24 15:47:22 | ERROR    | app.main | 未处理异常: http://testserver/api/spots - 1 validation error for SpotResponse
allowed_plates
  Input should be a valid list [type=list_type, input_value='["粤B44444"]', input_type=str]
    For further information visit https://errors.pydantic.dev/2.13/v/list_type
Traceback (most recent call last):
  File "/usr/local/lib/python3.10/dist-packages/starlette/middleware/errors.py", line 165, in __call__
    await self.app(scope, receive, _send)
  File "/usr/local/lib/python3.10/dist-packages/starlette/middleware/exceptions.py", line 62, in __call__
    await wrap_app_handling_exceptions(self.app, conn)(scope, receive, send)
  File "/usr/local/lib/python3.10/dist-packages/starlette/_exception_handler.py", line 62, in wrapped_app
    raise exc
  File "/usr/local/lib/python3.10/dist-packages/starlette/_exception_handler.py", line 51, in wrapped_app
    await app(scope, receive, sender)
  File "/usr/local/lib/python3.10/dist-packages/starlette/routing.py", line 715, in __call__
    await self.middleware_stack(scope, receive, send)
  File "/usr/local/lib/python3.10/dist-packages/starlette/routing.py", line 735, in app
    await route.handle(scope, receive, send)
  File "/usr/local/lib/python3.10/dist-packages/starlette/routing.py", line 288, in handle
    await self.app(scope, receive, send)
  File "/usr/local/lib/python3.10/dist-packages/starlette/routing.py", line 76, in app
    await wrap_app_handling_exceptions(app, request)(scope, receive, send)
  File "/usr/local/lib/python3.10/dist-packages/starlette/_exception_handler.py", line 62, in wrapped_app
    raise exc
  File "/usr/local/lib/python3.10/dist-packages/starlette/_exception_handler.py", line 51, in wrapped_app
    await app(scope, receive, sender)
  File "/usr/local/lib/python3.10/dist-packages/starlette/routing.py", line 73, in app
    response = await f(request)
  File "/usr/local/lib/python3.10/dist-packages/fastapi/routing.py", line 301, in app
    raw_response = await run_endpoint_function(
  File "/usr/local/lib/python3.10/dist-packages/fastapi/routing.py", line 214, in run_endpoint_function
    return await run_in_threadpool(dependant.call, **values)
  File "/usr/local/lib/python3.10/dist-packages/starlette/concurrency.py", line 39, in run_in_threadpool
    return await anyio.to_thread.run_sync(func, *args)
  File "/usr/local/lib/python3.10/dist-packages/anyio/to_thread.py", line 63, in run_sync
    return await get_async_backend().run_sync_in_worker_thread(
  File "/usr/local/lib/python3.10/dist-packages/anyio/_backends/_asyncio.py", line 2518, in run_sync_in_worker_thread
    return await future
  File "/usr/local/lib/python3.10/dist-packages/anyio/_backends/_asyncio.py", line 1002, in run
    result = context.run(func, *args)
  File "/workspace/vip_parking_alert/backend/app/api/spots.py", line 76, in create_spot
    result = SpotResponse.model_validate(spot).model_dump()
  File "/usr/local/lib/python3.10/dist-packages/pydantic/main.py", line 732, in model_validate
    return cls.__pydantic_validator__.validate_python(
pydantic_core._pydantic_core.ValidationError: 1 validation error for SpotResponse
allowed_plates
  Input should be a valid list [type=list_type, input_value='["粤B44444"]', input_type=str]
    For further information visit https://errors.pydantic.dev/2.13/v/list_type
2026-04-24 15:47:22 | ERROR    | app.main | 未处理异常: http://testserver/api/spots - 1 validation error for SpotResponse
allowed_plates
  Input should be a valid list [type=list_type, input_value='["粤B44444"]', input_type=str]
    For further information visit https://errors.pydantic.dev/2.13/v/list_type
Traceback (most recent call last):
  File "/usr/local/lib/python3.10/dist-packages/starlette/middleware/errors.py", line 165, in __call__
    await self.app(scope, receive, _send)
  File "/usr/local/lib/python3.10/dist-packages/starlette/middleware/exceptions.py", line 62, in __call__
    await wrap_app_handling_exceptions(self.app, conn)(scope, receive, send)
  File "/usr/local/lib/python3.10/dist-packages/starlette/_exception_handler.py", line 62, in wrapped_app
    raise exc
  File "/usr/local/lib/python3.10/dist-packages/starlette/_exception_handler.py", line 51, in wrapped_app
    await app(scope, receive, sender)
  File "/usr/local/lib/python3.10/dist-packages/starlette/routing.py", line 715, in __call__
    await self.middleware_stack(scope, receive, send)
  File "/usr/local/lib/python3.10/dist-packages/starlette/routing.py", line 735, in app
    await route.handle(scope, receive, send)
  File "/usr/local/lib/python3.10/dist-packages/starlette/routing.py", line 288, in handle
    await self.app(scope, receive, send)
  File "/usr/local/lib/python3.10/dist-packages/starlette/routing.py", line 76, in app
    await wrap_app_handling_exceptions(app, request)(scope, receive, send)
  File "/usr/local/lib/python3.10/dist-packages/starlette/_exception_handler.py", line 62, in wrapped_app
    raise exc
  File "/usr/local/lib/python3.10/dist-packages/starlette/_exception_handler.py", line 51, in wrapped_app
    await app(scope, receive, sender)
  File "/usr/local/lib/python3.10/dist-packages/starlette/routing.py", line 73, in app
    response = await f(request)
  File "/usr/local/lib/python3.10/dist-packages/fastapi/routing.py", line 301, in app
    raw_response = await run_endpoint_function(
  File "/usr/local/lib/python3.10/dist-packages/fastapi/routing.py", line 214, in run_endpoint_function
    return await run_in_threadpool(dependant.call, **values)
  File "/usr/local/lib/python3.10/dist-packages/starlette/concurrency.py", line 39, in run_in_threadpool
    return await anyio.to_thread.run_sync(func, *args)
  File "/usr/local/lib/python3.10/dist-packages/anyio/to_thread.py", line 63, in run_sync
    return await get_async_backend().run_sync_in_worker_thread(
  File "/usr/local/lib/python3.10/dist-packages/anyio/_backends/_asyncio.py", line 2518, in run_sync_in_worker_thread
    return await future
  File "/usr/local/lib/python3.10/dist-packages/anyio/_backends/_asyncio.py", line 1002, in run
    result = context.run(func, *args)
  File "/workspace/vip_parking_alert/backend/app/api/spots.py", line 76, in create_spot
    result = SpotResponse.model_validate(spot).model_dump()
  File "/usr/local/lib/python3.10/dist-packages/pydantic/main.py", line 732, in model_validate
    return cls.__pydantic_validator__.validate_python(
pydantic_core._pydantic_core.ValidationError: 1 validation error for SpotResponse
allowed_plates
  Input should be a valid list [type=list_type, input_value='["粤B44444"]', input_type=str]
    For further information visit https://errors.pydantic.dev/2.13/v/list_type
2026-04-24 15:47:22 | ERROR    | app.main | 未处理异常: http://testserver/api/spots - 1 validation error for SpotResponse
allowed_plates
  Input should be a valid list [type=list_type, input_value='["粤B44444"]', input_type=str]
    For further information visit https://errors.pydantic.dev/2.13/v/list_type
Traceback (most recent call last):
  File "/usr/local/lib/python3.10/dist-packages/starlette/middleware/errors.py", line 165, in __call__
    await self.app(scope, receive, _send)
  File "/usr/local/lib/python3.10/dist-packages/starlette/middleware/exceptions.py", line 62, in __call__
    await wrap_app_handling_exceptions(self.app, conn)(scope, receive, send)
  File "/usr/local/lib/python3.10/dist-packages/starlette/_exception_handler.py", line 62, in wrapped_app
    raise exc
  File "/usr/local/lib/python3.10/dist-packages/starlette/_exception_handler.py", line 51, in wrapped_app
    await app(scope, receive, sender)
  File "/usr/local/lib/python3.10/dist-packages/starlette/routing.py", line 715, in __call__
    await self.middleware_stack(scope, receive, send)
  File "/usr/local/lib/python3.10/dist-packages/starlette/routing.py", line 735, in app
    await route.handle(scope, receive, send)
  File "/usr/local/lib/python3.10/dist-packages/starlette/routing.py", line 288, in handle
    await self.app(scope, receive, send)
  File "/usr/local/lib/python3.10/dist-packages/starlette/routing.py", line 76, in app
    await wrap_app_handling_exceptions(app, request)(scope, receive, send)
  File "/usr/local/lib/python3.10/dist-packages/starlette/_exception_handler.py", line 62, in wrapped_app
    raise exc
  File "/usr/local/lib/python3.10/dist-packages/starlette/_exception_handler.py", line 51, in wrapped_app
    await app(scope, receive, sender)
  File "/usr/local/lib/python3.10/dist-packages/starlette/routing.py", line 73, in app
    response = await f(request)
  File "/usr/local/lib/python3.10/dist-packages/fastapi/routing.py", line 301, in app
    raw_response = await run_endpoint_function(
  File "/usr/local/lib/python3.10/dist-packages/fastapi/routing.py", line 214, in run_endpoint_function
    return await run_in_threadpool(dependant.call, **values)
  File "/usr/local/lib/python3.10/dist-packages/starlette/concurrency.py", line 39, in run_in_threadpool
    return await anyio.to_thread.run_sync(func, *args)
  File "/usr/local/lib/python3.10/dist-packages/anyio/to_thread.py", line 63, in run_sync
    return await get_async_backend().run_sync_in_worker_thread(
  File "/usr/local/lib/python3.10/dist-packages/anyio/_backends/_asyncio.py", line 2518, in run_sync_in_worker_thread
    return await future
  File "/usr/local/lib/python3.10/dist-packages/anyio/_backends/_asyncio.py", line 1002, in run
    result = context.run(func, *args)
  File "/workspace/vip_parking_alert/backend/app/api/spots.py", line 76, in create_spot
    result = SpotResponse.model_validate(spot).model_dump()
  File "/usr/local/lib/python3.10/dist-packages/pydantic/main.py", line 732, in model_validate
    return cls.__pydantic_validator__.validate_python(
pydantic_core._pydantic_core.ValidationError: 1 validation error for SpotResponse
allowed_plates
  Input should be a valid list [type=list_type, input_value='["粤B44444"]', input_type=str]
    For further information visit https://errors.pydantic.dev/2.13/v/list_type
2026-04-24 15:47:22 | ERROR    | app.main | 未处理异常: http://testserver/api/spots - 1 validation error for SpotResponse
allowed_plates
  Input should be a valid list [type=list_type, input_value='["粤B44444"]', input_type=str]
    For further information visit https://errors.pydantic.dev/2.13/v/list_type
Traceback (most recent call last):
  File "/usr/local/lib/python3.10/dist-packages/starlette/middleware/errors.py", line 165, in __call__
    await self.app(scope, receive, _send)
  File "/usr/local/lib/python3.10/dist-packages/starlette/middleware/exceptions.py", line 62, in __call__
    await wrap_app_handling_exceptions(self.app, conn)(scope, receive, send)
  File "/usr/local/lib/python3.10/dist-packages/starlette/_exception_handler.py", line 62, in wrapped_app
    raise exc
  File "/usr/local/lib/python3.10/dist-packages/starlette/_exception_handler.py", line 51, in wrapped_app
    await app(scope, receive, sender)
  File "/usr/local/lib/python3.10/dist-packages/starlette/routing.py", line 715, in __call__
    await self.middleware_stack(scope, receive, send)
  File "/usr/local/lib/python3.10/dist-packages/starlette/routing.py", line 735, in app
    await route.handle(scope, receive, send)
  File "/usr/local/lib/python3.10/dist-packages/starlette/routing.py", line 288, in handle
    await self.app(scope, receive, send)
  File "/usr/local/lib/python3.10/dist-packages/starlette/routing.py", line 76, in app
    await wrap_app_handling_exceptions(app, request)(scope, receive, send)
  File "/usr/local/lib/python3.10/dist-packages/starlette/_exception_handler.py", line 62, in wrapped_app
    raise exc
  File "/usr/local/lib/python3.10/dist-packages/starlette/_exception_handler.py", line 51, in wrapped_app
    await app(scope, receive, sender)
  File "/usr/local/lib/python3.10/dist-packages/starlette/routing.py", line 73, in app
    response = await f(request)
  File "/usr/local/lib/python3.10/dist-packages/fastapi/routing.py", line 301, in app
    raw_response = await run_endpoint_function(
  File "/usr/local/lib/python3.10/dist-packages/fastapi/routing.py", line 214, in run_endpoint_function
    return await run_in_threadpool(dependant.call, **values)
  File "/usr/local/lib/python3.10/dist-packages/starlette/concurrency.py", line 39, in run_in_threadpool
    return await anyio.to_thread.run_sync(func, *args)
  File "/usr/local/lib/python3.10/dist-packages/anyio/to_thread.py", line 63, in run_sync
    return await get_async_backend().run_sync_in_worker_thread(
  File "/usr/local/lib/python3.10/dist-packages/anyio/_backends/_asyncio.py", line 2518, in run_sync_in_worker_thread
    return await future
  File "/usr/local/lib/python3.10/dist-packages/anyio/_backends/_asyncio.py", line 1002, in run
    result = context.run(func, *args)
  File "/workspace/vip_parking_alert/backend/app/api/spots.py", line 76, in create_spot
    result = SpotResponse.model_validate(spot).model_dump()
  File "/usr/local/lib/python3.10/dist-packages/pydantic/main.py", line 732, in model_validate
    return cls.__pydantic_validator__.validate_python(
pydantic_core._pydantic_core.ValidationError: 1 validation error for SpotResponse
allowed_plates
  Input should be a valid list [type=list_type, input_value='["粤B44444"]', input_type=str]
    For further information visit https://errors.pydantic.dev/2.13/v/list_type
2026-04-24 15:47:22 | INFO     | app.scheduler.setup | APScheduler调度器已关闭
2026-04-24 15:47:22 | INFO     | app.scheduler.setup | APScheduler调度器已关闭
2026-04-24 15:47:22 | INFO     | app.scheduler.setup | APScheduler调度器已关闭
2026-04-24 15:47:22 | INFO     | app.scheduler.setup | APScheduler调度器已关闭
2026-04-24 15:47:22 | INFO     | app.scheduler.setup | APScheduler调度器已关闭
2026-04-24 15:47:22 | INFO     | app.scheduler.setup | APScheduler调度器已关闭
2026-04-24 15:47:22 | INFO     | app.scheduler.setup | APScheduler调度器已关闭
2026-04-24 15:47:22 | INFO     | app.scheduler.setup | APScheduler调度器已关闭
2026-04-24 15:47:22 | INFO     | app.scheduler.setup | APScheduler调度器已关闭
2026-04-24 15:47:22 | INFO     | app.main | VIP车位告警系统已关闭
2026-04-24 15:47:22 | INFO     | app.main | VIP车位告警系统已关闭
2026-04-24 15:47:22 | INFO     | app.main | VIP车位告警系统已关闭
2026-04-24 15:47:22 | INFO     | app.main | VIP车位告警系统已关闭
2026-04-24 15:47:22 | INFO     | app.main | VIP车位告警系统已关闭
2026-04-24 15:47:22 | INFO     | app.main | VIP车位告警系统已关闭
2026-04-24 15:47:22 | INFO     | app.main | VIP车位告警系统已关闭
2026-04-24 15:47:22 | INFO     | app.main | VIP车位告警系统已关闭
2026-04-24 15:47:22 | INFO     | app.main | VIP车位告警系统已关闭
2026-04-24 15:47:22 | INFO     | app.services.webhook_sender | Webhook发送成功: https://example.com/webhook...
2026-04-24 15:47:22 | INFO     | app.services.webhook_sender | Webhook发送成功: https://example.com/webhook...
2026-04-24 15:47:22 | INFO     | app.services.webhook_sender | Webhook发送成功: https://example.com/webhook...
2026-04-24 15:47:22 | INFO     | app.services.webhook_sender | Webhook发送成功: https://example.com/webhook...
2026-04-24 15:47:22 | INFO     | app.services.webhook_sender | Webhook发送成功: https://example.com/webhook...
2026-04-24 15:47:22 | INFO     | app.services.webhook_sender | Webhook发送成功: https://example.com/webhook...
2026-04-24 15:47:22 | INFO     | app.services.webhook_sender | Webhook发送成功: https://example.com/webhook...
2026-04-24 15:47:22 | INFO     | app.services.webhook_sender | Webhook发送成功: https://example.com/webhook...
2026-04-24 15:47:22 | INFO     | app.services.webhook_sender | Webhook发送成功: https://example.com/webhook...
2026-04-24 15:47:22 | WARNING  | app.services.webhook_sender | Webhook发送失败: HTTP 500, body=error
2026-04-24 15:47:22 | WARNING  | app.services.webhook_sender | Webhook发送失败: HTTP 500, body=error
2026-04-24 15:47:22 | WARNING  | app.services.webhook_sender | Webhook发送失败: HTTP 500, body=error
2026-04-24 15:47:22 | WARNING  | app.services.webhook_sender | Webhook发送失败: HTTP 500, body=error
2026-04-24 15:47:22 | WARNING  | app.services.webhook_sender | Webhook发送失败: HTTP 500, body=error
2026-04-24 15:47:22 | WARNING  | app.services.webhook_sender | Webhook发送失败: HTTP 500, body=error
2026-04-24 15:47:22 | WARNING  | app.services.webhook_sender | Webhook发送失败: HTTP 500, body=error
2026-04-24 15:47:22 | WARNING  | app.services.webhook_sender | Webhook发送失败: HTTP 500, body=error
2026-04-24 15:47:22 | WARNING  | app.services.webhook_sender | Webhook发送失败: HTTP 500, body=error
2026-04-24 15:48:00 | INFO     | app.main | VIP车位告警系统启动中...
2026-04-24 15:48:00 | INFO     | app.scheduler.setup | APScheduler调度器已启动
2026-04-24 15:48:00 | INFO     | app.api.contacts | 新增联系人: id=1, name=张三
2026-04-24 15:48:00 | INFO     | httpx | HTTP Request: POST http://testserver/api/contacts "HTTP/1.1 200 OK"
2026-04-24 15:48:00 | INFO     | app.scheduler.setup | APScheduler调度器已关闭
2026-04-24 15:48:00 | INFO     | app.main | VIP车位告警系统已关闭
2026-04-24 15:48:00 | INFO     | app.main | VIP车位告警系统启动中...
2026-04-24 15:48:00 | INFO     | app.main | VIP车位告警系统启动中...
2026-04-24 15:48:00 | INFO     | app.scheduler.setup | APScheduler调度器已启动
2026-04-24 15:48:00 | INFO     | app.scheduler.setup | APScheduler调度器已启动
2026-04-24 15:48:00 | INFO     | app.api.contacts | 查询通讯录列表: page=1, page_size=20, total=0
2026-04-24 15:48:00 | INFO     | app.api.contacts | 查询通讯录列表: page=1, page_size=20, total=0
2026-04-24 15:48:00 | INFO     | httpx | HTTP Request: GET http://testserver/api/contacts "HTTP/1.1 200 OK"
2026-04-24 15:48:00 | INFO     | httpx | HTTP Request: GET http://testserver/api/contacts "HTTP/1.1 200 OK"
2026-04-24 15:48:00 | INFO     | app.scheduler.setup | APScheduler调度器已关闭
2026-04-24 15:48:00 | INFO     | app.scheduler.setup | APScheduler调度器已关闭
2026-04-24 15:48:00 | INFO     | app.main | VIP车位告警系统已关闭
2026-04-24 15:48:00 | INFO     | app.main | VIP车位告警系统已关闭
2026-04-24 15:48:00 | INFO     | app.main | VIP车位告警系统启动中...
2026-04-24 15:48:00 | INFO     | app.main | VIP车位告警系统启动中...
2026-04-24 15:48:00 | INFO     | app.main | VIP车位告警系统启动中...
2026-04-24 15:48:00 | INFO     | app.scheduler.setup | APScheduler调度器已启动
2026-04-24 15:48:00 | INFO     | app.scheduler.setup | APScheduler调度器已启动
2026-04-24 15:48:00 | INFO     | app.scheduler.setup | APScheduler调度器已启动
2026-04-24 15:48:00 | INFO     | app.api.contacts | 新增联系人: id=1, name=李四
2026-04-24 15:48:00 | INFO     | app.api.contacts | 新增联系人: id=1, name=李四
2026-04-24 15:48:00 | INFO     | app.api.contacts | 新增联系人: id=1, name=李四
2026-04-24 15:48:00 | INFO     | httpx | HTTP Request: POST http://testserver/api/contacts "HTTP/1.1 200 OK"
2026-04-24 15:48:00 | INFO     | httpx | HTTP Request: POST http://testserver/api/contacts "HTTP/1.1 200 OK"
2026-04-24 15:48:00 | INFO     | httpx | HTTP Request: POST http://testserver/api/contacts "HTTP/1.1 200 OK"
2026-04-24 15:48:00 | INFO     | app.api.contacts | 编辑联系人: id=1, name=李四更新
2026-04-24 15:48:00 | INFO     | app.api.contacts | 编辑联系人: id=1, name=李四更新
2026-04-24 15:48:00 | INFO     | app.api.contacts | 编辑联系人: id=1, name=李四更新
2026-04-24 15:48:00 | INFO     | httpx | HTTP Request: PUT http://testserver/api/contacts/1 "HTTP/1.1 200 OK"
2026-04-24 15:48:00 | INFO     | httpx | HTTP Request: PUT http://testserver/api/contacts/1 "HTTP/1.1 200 OK"
2026-04-24 15:48:00 | INFO     | httpx | HTTP Request: PUT http://testserver/api/contacts/1 "HTTP/1.1 200 OK"
2026-04-24 15:48:00 | INFO     | app.scheduler.setup | APScheduler调度器已关闭
2026-04-24 15:48:00 | INFO     | app.scheduler.setup | APScheduler调度器已关闭
2026-04-24 15:48:00 | INFO     | app.scheduler.setup | APScheduler调度器已关闭
2026-04-24 15:48:00 | INFO     | app.main | VIP车位告警系统已关闭
2026-04-24 15:48:00 | INFO     | app.main | VIP车位告警系统已关闭
2026-04-24 15:48:00 | INFO     | app.main | VIP车位告警系统已关闭
2026-04-24 15:48:00 | INFO     | app.main | VIP车位告警系统启动中...
2026-04-24 15:48:00 | INFO     | app.main | VIP车位告警系统启动中...
2026-04-24 15:48:00 | INFO     | app.main | VIP车位告警系统启动中...
2026-04-24 15:48:00 | INFO     | app.main | VIP车位告警系统启动中...
2026-04-24 15:48:00 | INFO     | app.scheduler.setup | APScheduler调度器已启动
2026-04-24 15:48:00 | INFO     | app.scheduler.setup | APScheduler调度器已启动
2026-04-24 15:48:00 | INFO     | app.scheduler.setup | APScheduler调度器已启动
2026-04-24 15:48:00 | INFO     | app.scheduler.setup | APScheduler调度器已启动
2026-04-24 15:48:00 | INFO     | app.api.contacts | 新增联系人: id=1, name=王五
2026-04-24 15:48:00 | INFO     | app.api.contacts | 新增联系人: id=1, name=王五
2026-04-24 15:48:00 | INFO     | app.api.contacts | 新增联系人: id=1, name=王五
2026-04-24 15:48:00 | INFO     | app.api.contacts | 新增联系人: id=1, name=王五
2026-04-24 15:48:00 | INFO     | httpx | HTTP Request: POST http://testserver/api/contacts "HTTP/1.1 200 OK"
2026-04-24 15:48:00 | INFO     | httpx | HTTP Request: POST http://testserver/api/contacts "HTTP/1.1 200 OK"
2026-04-24 15:48:00 | INFO     | httpx | HTTP Request: POST http://testserver/api/contacts "HTTP/1.1 200 OK"
2026-04-24 15:48:00 | INFO     | httpx | HTTP Request: POST http://testserver/api/contacts "HTTP/1.1 200 OK"
2026-04-24 15:48:00 | INFO     | app.api.contacts | 删除联系人: id=1
2026-04-24 15:48:00 | INFO     | app.api.contacts | 删除联系人: id=1
2026-04-24 15:48:00 | INFO     | app.api.contacts | 删除联系人: id=1
2026-04-24 15:48:00 | INFO     | app.api.contacts | 删除联系人: id=1
2026-04-24 15:48:00 | INFO     | httpx | HTTP Request: DELETE http://testserver/api/contacts/1 "HTTP/1.1 200 OK"
2026-04-24 15:48:00 | INFO     | httpx | HTTP Request: DELETE http://testserver/api/contacts/1 "HTTP/1.1 200 OK"
2026-04-24 15:48:00 | INFO     | httpx | HTTP Request: DELETE http://testserver/api/contacts/1 "HTTP/1.1 200 OK"
2026-04-24 15:48:00 | INFO     | httpx | HTTP Request: DELETE http://testserver/api/contacts/1 "HTTP/1.1 200 OK"
2026-04-24 15:48:00 | INFO     | app.scheduler.setup | APScheduler调度器已关闭
2026-04-24 15:48:00 | INFO     | app.scheduler.setup | APScheduler调度器已关闭
2026-04-24 15:48:00 | INFO     | app.scheduler.setup | APScheduler调度器已关闭
2026-04-24 15:48:00 | INFO     | app.scheduler.setup | APScheduler调度器已关闭
2026-04-24 15:48:00 | INFO     | app.main | VIP车位告警系统已关闭
2026-04-24 15:48:00 | INFO     | app.main | VIP车位告警系统已关闭
2026-04-24 15:48:00 | INFO     | app.main | VIP车位告警系统已关闭
2026-04-24 15:48:00 | INFO     | app.main | VIP车位告警系统已关闭
2026-04-24 15:48:01 | INFO     | app.services.sms_sender | 短信发送成功: 13800138000
2026-04-24 15:48:01 | INFO     | app.services.sms_sender | 短信发送成功: 13800138000
2026-04-24 15:48:01 | INFO     | app.services.sms_sender | 短信发送成功: 13800138000
2026-04-24 15:48:01 | INFO     | app.services.sms_sender | 短信发送成功: 13800138000
2026-04-24 15:48:01 | WARNING  | app.services.sms_sender | 短信发送失败: 13800138000, HTTP 500, body=error
2026-04-24 15:48:01 | WARNING  | app.services.sms_sender | 短信发送失败: 13800138000, HTTP 500, body=error
2026-04-24 15:48:01 | WARNING  | app.services.sms_sender | 短信发送失败: 13800138000, HTTP 500, body=error
2026-04-24 15:48:01 | WARNING  | app.services.sms_sender | 短信发送失败: 13800138000, HTTP 500, body=error
2026-04-24 15:48:01 | ERROR    | app.services.sms_sender | 短信发送异常: 13800138000, timeout
2026-04-24 15:48:01 | ERROR    | app.services.sms_sender | 短信发送异常: 13800138000, timeout
2026-04-24 15:48:01 | ERROR    | app.services.sms_sender | 短信发送异常: 13800138000, timeout
2026-04-24 15:48:01 | ERROR    | app.services.sms_sender | 短信发送异常: 13800138000, timeout
2026-04-24 15:48:01 | INFO     | app.main | VIP车位告警系统启动中...
2026-04-24 15:48:01 | INFO     | app.main | VIP车位告警系统启动中...
2026-04-24 15:48:01 | INFO     | app.main | VIP车位告警系统启动中...
2026-04-24 15:48:01 | INFO     | app.main | VIP车位告警系统启动中...
2026-04-24 15:48:01 | INFO     | app.main | VIP车位告警系统启动中...
2026-04-24 15:48:01 | INFO     | app.scheduler.setup | APScheduler调度器已启动
2026-04-24 15:48:01 | INFO     | app.scheduler.setup | APScheduler调度器已启动
2026-04-24 15:48:01 | INFO     | app.scheduler.setup | APScheduler调度器已启动
2026-04-24 15:48:01 | INFO     | app.scheduler.setup | APScheduler调度器已启动
2026-04-24 15:48:01 | INFO     | app.scheduler.setup | APScheduler调度器已启动
2026-04-24 15:48:01 | INFO     | app.api.spots | 新增VIP车位: id=1, spot_number=A01
2026-04-24 15:48:01 | INFO     | app.api.spots | 新增VIP车位: id=1, spot_number=A01
2026-04-24 15:48:01 | INFO     | app.api.spots | 新增VIP车位: id=1, spot_number=A01
2026-04-24 15:48:01 | INFO     | app.api.spots | 新增VIP车位: id=1, spot_number=A01
2026-04-24 15:48:01 | INFO     | app.api.spots | 新增VIP车位: id=1, spot_number=A01
2026-04-24 15:48:01 | INFO     | httpx | HTTP Request: POST http://testserver/api/spots "HTTP/1.1 200 OK"
2026-04-24 15:48:01 | INFO     | httpx | HTTP Request: POST http://testserver/api/spots "HTTP/1.1 200 OK"
2026-04-24 15:48:01 | INFO     | httpx | HTTP Request: POST http://testserver/api/spots "HTTP/1.1 200 OK"
2026-04-24 15:48:01 | INFO     | httpx | HTTP Request: POST http://testserver/api/spots "HTTP/1.1 200 OK"
2026-04-24 15:48:01 | INFO     | httpx | HTTP Request: POST http://testserver/api/spots "HTTP/1.1 200 OK"
2026-04-24 15:48:01 | INFO     | app.scheduler.setup | APScheduler调度器已关闭
2026-04-24 15:48:01 | INFO     | app.scheduler.setup | APScheduler调度器已关闭
2026-04-24 15:48:01 | INFO     | app.scheduler.setup | APScheduler调度器已关闭
2026-04-24 15:48:01 | INFO     | app.scheduler.setup | APScheduler调度器已关闭
2026-04-24 15:48:01 | INFO     | app.scheduler.setup | APScheduler调度器已关闭
2026-04-24 15:48:01 | INFO     | app.main | VIP车位告警系统已关闭
2026-04-24 15:48:01 | INFO     | app.main | VIP车位告警系统已关闭
2026-04-24 15:48:01 | INFO     | app.main | VIP车位告警系统已关闭
2026-04-24 15:48:01 | INFO     | app.main | VIP车位告警系统已关闭
2026-04-24 15:48:01 | INFO     | app.main | VIP车位告警系统已关闭
2026-04-24 15:48:01 | INFO     | app.main | VIP车位告警系统启动中...
2026-04-24 15:48:01 | INFO     | app.main | VIP车位告警系统启动中...
2026-04-24 15:48:01 | INFO     | app.main | VIP车位告警系统启动中...
2026-04-24 15:48:01 | INFO     | app.main | VIP车位告警系统启动中...
2026-04-24 15:48:01 | INFO     | app.main | VIP车位告警系统启动中...
2026-04-24 15:48:01 | INFO     | app.main | VIP车位告警系统启动中...
2026-04-24 15:48:01 | INFO     | app.scheduler.setup | APScheduler调度器已启动
2026-04-24 15:48:01 | INFO     | app.scheduler.setup | APScheduler调度器已启动
2026-04-24 15:48:01 | INFO     | app.scheduler.setup | APScheduler调度器已启动
2026-04-24 15:48:01 | INFO     | app.scheduler.setup | APScheduler调度器已启动
2026-04-24 15:48:01 | INFO     | app.scheduler.setup | APScheduler调度器已启动
2026-04-24 15:48:01 | INFO     | app.scheduler.setup | APScheduler调度器已启动
2026-04-24 15:48:01 | INFO     | app.api.spots | 新增VIP车位: id=1, spot_number=A02
2026-04-24 15:48:01 | INFO     | app.api.spots | 新增VIP车位: id=1, spot_number=A02
2026-04-24 15:48:01 | INFO     | app.api.spots | 新增VIP车位: id=1, spot_number=A02
2026-04-24 15:48:01 | INFO     | app.api.spots | 新增VIP车位: id=1, spot_number=A02
2026-04-24 15:48:01 | INFO     | app.api.spots | 新增VIP车位: id=1, spot_number=A02
2026-04-24 15:48:01 | INFO     | app.api.spots | 新增VIP车位: id=1, spot_number=A02
2026-04-24 15:48:01 | INFO     | httpx | HTTP Request: POST http://testserver/api/spots "HTTP/1.1 200 OK"
2026-04-24 15:48:01 | INFO     | httpx | HTTP Request: POST http://testserver/api/spots "HTTP/1.1 200 OK"
2026-04-24 15:48:01 | INFO     | httpx | HTTP Request: POST http://testserver/api/spots "HTTP/1.1 200 OK"
2026-04-24 15:48:01 | INFO     | httpx | HTTP Request: POST http://testserver/api/spots "HTTP/1.1 200 OK"
2026-04-24 15:48:01 | INFO     | httpx | HTTP Request: POST http://testserver/api/spots "HTTP/1.1 200 OK"
2026-04-24 15:48:01 | INFO     | httpx | HTTP Request: POST http://testserver/api/spots "HTTP/1.1 200 OK"
2026-04-24 15:48:01 | INFO     | app.api.spots | 查询VIP车位列表: page=1, page_size=20, total=1
2026-04-24 15:48:01 | INFO     | app.api.spots | 查询VIP车位列表: page=1, page_size=20, total=1
2026-04-24 15:48:01 | INFO     | app.api.spots | 查询VIP车位列表: page=1, page_size=20, total=1
2026-04-24 15:48:01 | INFO     | app.api.spots | 查询VIP车位列表: page=1, page_size=20, total=1
2026-04-24 15:48:01 | INFO     | app.api.spots | 查询VIP车位列表: page=1, page_size=20, total=1
2026-04-24 15:48:01 | INFO     | app.api.spots | 查询VIP车位列表: page=1, page_size=20, total=1
2026-04-24 15:48:01 | INFO     | httpx | HTTP Request: GET http://testserver/api/spots "HTTP/1.1 200 OK"
2026-04-24 15:48:01 | INFO     | httpx | HTTP Request: GET http://testserver/api/spots "HTTP/1.1 200 OK"
2026-04-24 15:48:01 | INFO     | httpx | HTTP Request: GET http://testserver/api/spots "HTTP/1.1 200 OK"
2026-04-24 15:48:01 | INFO     | httpx | HTTP Request: GET http://testserver/api/spots "HTTP/1.1 200 OK"
2026-04-24 15:48:01 | INFO     | httpx | HTTP Request: GET http://testserver/api/spots "HTTP/1.1 200 OK"
2026-04-24 15:48:01 | INFO     | httpx | HTTP Request: GET http://testserver/api/spots "HTTP/1.1 200 OK"
2026-04-24 15:48:01 | INFO     | app.scheduler.setup | APScheduler调度器已关闭
2026-04-24 15:48:01 | INFO     | app.scheduler.setup | APScheduler调度器已关闭
2026-04-24 15:48:01 | INFO     | app.scheduler.setup | APScheduler调度器已关闭
2026-04-24 15:48:01 | INFO     | app.scheduler.setup | APScheduler调度器已关闭
2026-04-24 15:48:01 | INFO     | app.scheduler.setup | APScheduler调度器已关闭
2026-04-24 15:48:01 | INFO     | app.scheduler.setup | APScheduler调度器已关闭
2026-04-24 15:48:01 | INFO     | app.main | VIP车位告警系统已关闭
2026-04-24 15:48:01 | INFO     | app.main | VIP车位告警系统已关闭
2026-04-24 15:48:01 | INFO     | app.main | VIP车位告警系统已关闭
2026-04-24 15:48:01 | INFO     | app.main | VIP车位告警系统已关闭
2026-04-24 15:48:01 | INFO     | app.main | VIP车位告警系统已关闭
2026-04-24 15:48:01 | INFO     | app.main | VIP车位告警系统已关闭
2026-04-24 15:48:01 | INFO     | app.main | VIP车位告警系统启动中...
2026-04-24 15:48:01 | INFO     | app.main | VIP车位告警系统启动中...
2026-04-24 15:48:01 | INFO     | app.main | VIP车位告警系统启动中...
2026-04-24 15:48:01 | INFO     | app.main | VIP车位告警系统启动中...
2026-04-24 15:48:01 | INFO     | app.main | VIP车位告警系统启动中...
2026-04-24 15:48:01 | INFO     | app.main | VIP车位告警系统启动中...
2026-04-24 15:48:01 | INFO     | app.main | VIP车位告警系统启动中...
2026-04-24 15:48:01 | INFO     | app.scheduler.setup | APScheduler调度器已启动
2026-04-24 15:48:01 | INFO     | app.scheduler.setup | APScheduler调度器已启动
2026-04-24 15:48:01 | INFO     | app.scheduler.setup | APScheduler调度器已启动
2026-04-24 15:48:01 | INFO     | app.scheduler.setup | APScheduler调度器已启动
2026-04-24 15:48:01 | INFO     | app.scheduler.setup | APScheduler调度器已启动
2026-04-24 15:48:01 | INFO     | app.scheduler.setup | APScheduler调度器已启动
2026-04-24 15:48:01 | INFO     | app.scheduler.setup | APScheduler调度器已启动
2026-04-24 15:48:01 | INFO     | app.api.spots | 新增VIP车位: id=1, spot_number=A03
2026-04-24 15:48:01 | INFO     | app.api.spots | 新增VIP车位: id=1, spot_number=A03
2026-04-24 15:48:01 | INFO     | app.api.spots | 新增VIP车位: id=1, spot_number=A03
2026-04-24 15:48:01 | INFO     | app.api.spots | 新增VIP车位: id=1, spot_number=A03
2026-04-24 15:48:01 | INFO     | app.api.spots | 新增VIP车位: id=1, spot_number=A03
2026-04-24 15:48:01 | INFO     | app.api.spots | 新增VIP车位: id=1, spot_number=A03
2026-04-24 15:48:01 | INFO     | app.api.spots | 新增VIP车位: id=1, spot_number=A03
2026-04-24 15:48:01 | INFO     | httpx | HTTP Request: POST http://testserver/api/spots "HTTP/1.1 200 OK"
2026-04-24 15:48:01 | INFO     | httpx | HTTP Request: POST http://testserver/api/spots "HTTP/1.1 200 OK"
2026-04-24 15:48:01 | INFO     | httpx | HTTP Request: POST http://testserver/api/spots "HTTP/1.1 200 OK"
2026-04-24 15:48:01 | INFO     | httpx | HTTP Request: POST http://testserver/api/spots "HTTP/1.1 200 OK"
2026-04-24 15:48:01 | INFO     | httpx | HTTP Request: POST http://testserver/api/spots "HTTP/1.1 200 OK"
2026-04-24 15:48:01 | INFO     | httpx | HTTP Request: POST http://testserver/api/spots "HTTP/1.1 200 OK"
2026-04-24 15:48:01 | INFO     | httpx | HTTP Request: POST http://testserver/api/spots "HTTP/1.1 200 OK"
2026-04-24 15:48:01 | INFO     | app.api.spots | 编辑VIP车位: id=1, spot_number=A03
2026-04-24 15:48:01 | INFO     | app.api.spots | 编辑VIP车位: id=1, spot_number=A03
2026-04-24 15:48:01 | INFO     | app.api.spots | 编辑VIP车位: id=1, spot_number=A03
2026-04-24 15:48:01 | INFO     | app.api.spots | 编辑VIP车位: id=1, spot_number=A03
2026-04-24 15:48:01 | INFO     | app.api.spots | 编辑VIP车位: id=1, spot_number=A03
2026-04-24 15:48:01 | INFO     | app.api.spots | 编辑VIP车位: id=1, spot_number=A03
2026-04-24 15:48:01 | INFO     | app.api.spots | 编辑VIP车位: id=1, spot_number=A03
2026-04-24 15:48:01 | INFO     | httpx | HTTP Request: PUT http://testserver/api/spots/1 "HTTP/1.1 200 OK"
2026-04-24 15:48:01 | INFO     | httpx | HTTP Request: PUT http://testserver/api/spots/1 "HTTP/1.1 200 OK"
2026-04-24 15:48:01 | INFO     | httpx | HTTP Request: PUT http://testserver/api/spots/1 "HTTP/1.1 200 OK"
2026-04-24 15:48:01 | INFO     | httpx | HTTP Request: PUT http://testserver/api/spots/1 "HTTP/1.1 200 OK"
2026-04-24 15:48:01 | INFO     | httpx | HTTP Request: PUT http://testserver/api/spots/1 "HTTP/1.1 200 OK"
2026-04-24 15:48:01 | INFO     | httpx | HTTP Request: PUT http://testserver/api/spots/1 "HTTP/1.1 200 OK"
2026-04-24 15:48:01 | INFO     | httpx | HTTP Request: PUT http://testserver/api/spots/1 "HTTP/1.1 200 OK"
2026-04-24 15:48:01 | INFO     | app.scheduler.setup | APScheduler调度器已关闭
2026-04-24 15:48:01 | INFO     | app.scheduler.setup | APScheduler调度器已关闭
2026-04-24 15:48:01 | INFO     | app.scheduler.setup | APScheduler调度器已关闭
2026-04-24 15:48:01 | INFO     | app.scheduler.setup | APScheduler调度器已关闭
2026-04-24 15:48:01 | INFO     | app.scheduler.setup | APScheduler调度器已关闭
2026-04-24 15:48:01 | INFO     | app.scheduler.setup | APScheduler调度器已关闭
2026-04-24 15:48:01 | INFO     | app.scheduler.setup | APScheduler调度器已关闭
2026-04-24 15:48:01 | INFO     | app.main | VIP车位告警系统已关闭
2026-04-24 15:48:01 | INFO     | app.main | VIP车位告警系统已关闭
2026-04-24 15:48:01 | INFO     | app.main | VIP车位告警系统已关闭
2026-04-24 15:48:01 | INFO     | app.main | VIP车位告警系统已关闭
2026-04-24 15:48:01 | INFO     | app.main | VIP车位告警系统已关闭
2026-04-24 15:48:01 | INFO     | app.main | VIP车位告警系统已关闭
2026-04-24 15:48:01 | INFO     | app.main | VIP车位告警系统已关闭
2026-04-24 15:48:01 | INFO     | app.main | VIP车位告警系统启动中...
2026-04-24 15:48:01 | INFO     | app.main | VIP车位告警系统启动中...
2026-04-24 15:48:01 | INFO     | app.main | VIP车位告警系统启动中...
2026-04-24 15:48:01 | INFO     | app.main | VIP车位告警系统启动中...
2026-04-24 15:48:01 | INFO     | app.main | VIP车位告警系统启动中...
2026-04-24 15:48:01 | INFO     | app.main | VIP车位告警系统启动中...
2026-04-24 15:48:01 | INFO     | app.main | VIP车位告警系统启动中...
2026-04-24 15:48:01 | INFO     | app.main | VIP车位告警系统启动中...
2026-04-24 15:48:01 | INFO     | app.scheduler.setup | APScheduler调度器已启动
2026-04-24 15:48:01 | INFO     | app.scheduler.setup | APScheduler调度器已启动
2026-04-24 15:48:01 | INFO     | app.scheduler.setup | APScheduler调度器已启动
2026-04-24 15:48:01 | INFO     | app.scheduler.setup | APScheduler调度器已启动
2026-04-24 15:48:01 | INFO     | app.scheduler.setup | APScheduler调度器已启动
2026-04-24 15:48:01 | INFO     | app.scheduler.setup | APScheduler调度器已启动
2026-04-24 15:48:01 | INFO     | app.scheduler.setup | APScheduler调度器已启动
2026-04-24 15:48:01 | INFO     | app.scheduler.setup | APScheduler调度器已启动
2026-04-24 15:48:01 | INFO     | app.api.spots | 新增VIP车位: id=1, spot_number=A04
2026-04-24 15:48:01 | INFO     | app.api.spots | 新增VIP车位: id=1, spot_number=A04
2026-04-24 15:48:01 | INFO     | app.api.spots | 新增VIP车位: id=1, spot_number=A04
2026-04-24 15:48:01 | INFO     | app.api.spots | 新增VIP车位: id=1, spot_number=A04
2026-04-24 15:48:01 | INFO     | app.api.spots | 新增VIP车位: id=1, spot_number=A04
2026-04-24 15:48:01 | INFO     | app.api.spots | 新增VIP车位: id=1, spot_number=A04
2026-04-24 15:48:01 | INFO     | app.api.spots | 新增VIP车位: id=1, spot_number=A04
2026-04-24 15:48:01 | INFO     | app.api.spots | 新增VIP车位: id=1, spot_number=A04
2026-04-24 15:48:01 | INFO     | httpx | HTTP Request: POST http://testserver/api/spots "HTTP/1.1 200 OK"
2026-04-24 15:48:01 | INFO     | httpx | HTTP Request: POST http://testserver/api/spots "HTTP/1.1 200 OK"
2026-04-24 15:48:01 | INFO     | httpx | HTTP Request: POST http://testserver/api/spots "HTTP/1.1 200 OK"
2026-04-24 15:48:01 | INFO     | httpx | HTTP Request: POST http://testserver/api/spots "HTTP/1.1 200 OK"
2026-04-24 15:48:01 | INFO     | httpx | HTTP Request: POST http://testserver/api/spots "HTTP/1.1 200 OK"
2026-04-24 15:48:01 | INFO     | httpx | HTTP Request: POST http://testserver/api/spots "HTTP/1.1 200 OK"
2026-04-24 15:48:01 | INFO     | httpx | HTTP Request: POST http://testserver/api/spots "HTTP/1.1 200 OK"
2026-04-24 15:48:01 | INFO     | httpx | HTTP Request: POST http://testserver/api/spots "HTTP/1.1 200 OK"
2026-04-24 15:48:01 | INFO     | app.api.spots | 删除VIP车位: id=1, spot_number=A04
2026-04-24 15:48:01 | INFO     | app.api.spots | 删除VIP车位: id=1, spot_number=A04
2026-04-24 15:48:01 | INFO     | app.api.spots | 删除VIP车位: id=1, spot_number=A04
2026-04-24 15:48:01 | INFO     | app.api.spots | 删除VIP车位: id=1, spot_number=A04
2026-04-24 15:48:01 | INFO     | app.api.spots | 删除VIP车位: id=1, spot_number=A04
2026-04-24 15:48:01 | INFO     | app.api.spots | 删除VIP车位: id=1, spot_number=A04
2026-04-24 15:48:01 | INFO     | app.api.spots | 删除VIP车位: id=1, spot_number=A04
2026-04-24 15:48:01 | INFO     | app.api.spots | 删除VIP车位: id=1, spot_number=A04
2026-04-24 15:48:01 | INFO     | httpx | HTTP Request: DELETE http://testserver/api/spots/1 "HTTP/1.1 200 OK"
2026-04-24 15:48:01 | INFO     | httpx | HTTP Request: DELETE http://testserver/api/spots/1 "HTTP/1.1 200 OK"
2026-04-24 15:48:01 | INFO     | httpx | HTTP Request: DELETE http://testserver/api/spots/1 "HTTP/1.1 200 OK"
2026-04-24 15:48:01 | INFO     | httpx | HTTP Request: DELETE http://testserver/api/spots/1 "HTTP/1.1 200 OK"
2026-04-24 15:48:01 | INFO     | httpx | HTTP Request: DELETE http://testserver/api/spots/1 "HTTP/1.1 200 OK"
2026-04-24 15:48:01 | INFO     | httpx | HTTP Request: DELETE http://testserver/api/spots/1 "HTTP/1.1 200 OK"
2026-04-24 15:48:01 | INFO     | httpx | HTTP Request: DELETE http://testserver/api/spots/1 "HTTP/1.1 200 OK"
2026-04-24 15:48:01 | INFO     | httpx | HTTP Request: DELETE http://testserver/api/spots/1 "HTTP/1.1 200 OK"
2026-04-24 15:48:01 | INFO     | app.scheduler.setup | APScheduler调度器已关闭
2026-04-24 15:48:01 | INFO     | app.scheduler.setup | APScheduler调度器已关闭
2026-04-24 15:48:01 | INFO     | app.scheduler.setup | APScheduler调度器已关闭
2026-04-24 15:48:01 | INFO     | app.scheduler.setup | APScheduler调度器已关闭
2026-04-24 15:48:01 | INFO     | app.scheduler.setup | APScheduler调度器已关闭
2026-04-24 15:48:01 | INFO     | app.scheduler.setup | APScheduler调度器已关闭
2026-04-24 15:48:01 | INFO     | app.scheduler.setup | APScheduler调度器已关闭
2026-04-24 15:48:01 | INFO     | app.scheduler.setup | APScheduler调度器已关闭
2026-04-24 15:48:01 | INFO     | app.main | VIP车位告警系统已关闭
2026-04-24 15:48:01 | INFO     | app.main | VIP车位告警系统已关闭
2026-04-24 15:48:01 | INFO     | app.main | VIP车位告警系统已关闭
2026-04-24 15:48:01 | INFO     | app.main | VIP车位告警系统已关闭
2026-04-24 15:48:01 | INFO     | app.main | VIP车位告警系统已关闭
2026-04-24 15:48:01 | INFO     | app.main | VIP车位告警系统已关闭
2026-04-24 15:48:01 | INFO     | app.main | VIP车位告警系统已关闭
2026-04-24 15:48:01 | INFO     | app.main | VIP车位告警系统已关闭
2026-04-24 15:48:01 | INFO     | app.main | VIP车位告警系统启动中...
2026-04-24 15:48:01 | INFO     | app.main | VIP车位告警系统启动中...
2026-04-24 15:48:01 | INFO     | app.main | VIP车位告警系统启动中...
2026-04-24 15:48:01 | INFO     | app.main | VIP车位告警系统启动中...
2026-04-24 15:48:01 | INFO     | app.main | VIP车位告警系统启动中...
2026-04-24 15:48:01 | INFO     | app.main | VIP车位告警系统启动中...
2026-04-24 15:48:01 | INFO     | app.main | VIP车位告警系统启动中...
2026-04-24 15:48:01 | INFO     | app.main | VIP车位告警系统启动中...
2026-04-24 15:48:01 | INFO     | app.main | VIP车位告警系统启动中...
2026-04-24 15:48:01 | INFO     | app.scheduler.setup | APScheduler调度器已启动
2026-04-24 15:48:01 | INFO     | app.scheduler.setup | APScheduler调度器已启动
2026-04-24 15:48:01 | INFO     | app.scheduler.setup | APScheduler调度器已启动
2026-04-24 15:48:01 | INFO     | app.scheduler.setup | APScheduler调度器已启动
2026-04-24 15:48:01 | INFO     | app.scheduler.setup | APScheduler调度器已启动
2026-04-24 15:48:01 | INFO     | app.scheduler.setup | APScheduler调度器已启动
2026-04-24 15:48:01 | INFO     | app.scheduler.setup | APScheduler调度器已启动
2026-04-24 15:48:01 | INFO     | app.scheduler.setup | APScheduler调度器已启动
2026-04-24 15:48:01 | INFO     | app.scheduler.setup | APScheduler调度器已启动
2026-04-24 15:48:01 | INFO     | app.api.spots | 新增VIP车位: id=1, spot_number=A05
2026-04-24 15:48:01 | INFO     | app.api.spots | 新增VIP车位: id=1, spot_number=A05
2026-04-24 15:48:01 | INFO     | app.api.spots | 新增VIP车位: id=1, spot_number=A05
2026-04-24 15:48:01 | INFO     | app.api.spots | 新增VIP车位: id=1, spot_number=A05
2026-04-24 15:48:01 | INFO     | app.api.spots | 新增VIP车位: id=1, spot_number=A05
2026-04-24 15:48:01 | INFO     | app.api.spots | 新增VIP车位: id=1, spot_number=A05
2026-04-24 15:48:01 | INFO     | app.api.spots | 新增VIP车位: id=1, spot_number=A05
2026-04-24 15:48:01 | INFO     | app.api.spots | 新增VIP车位: id=1, spot_number=A05
2026-04-24 15:48:01 | INFO     | app.api.spots | 新增VIP车位: id=1, spot_number=A05
2026-04-24 15:48:01 | INFO     | httpx | HTTP Request: POST http://testserver/api/spots "HTTP/1.1 200 OK"
2026-04-24 15:48:01 | INFO     | httpx | HTTP Request: POST http://testserver/api/spots "HTTP/1.1 200 OK"
2026-04-24 15:48:01 | INFO     | httpx | HTTP Request: POST http://testserver/api/spots "HTTP/1.1 200 OK"
2026-04-24 15:48:01 | INFO     | httpx | HTTP Request: POST http://testserver/api/spots "HTTP/1.1 200 OK"
2026-04-24 15:48:01 | INFO     | httpx | HTTP Request: POST http://testserver/api/spots "HTTP/1.1 200 OK"
2026-04-24 15:48:01 | INFO     | httpx | HTTP Request: POST http://testserver/api/spots "HTTP/1.1 200 OK"
2026-04-24 15:48:01 | INFO     | httpx | HTTP Request: POST http://testserver/api/spots "HTTP/1.1 200 OK"
2026-04-24 15:48:01 | INFO     | httpx | HTTP Request: POST http://testserver/api/spots "HTTP/1.1 200 OK"
2026-04-24 15:48:01 | INFO     | httpx | HTTP Request: POST http://testserver/api/spots "HTTP/1.1 200 OK"
2026-04-24 15:48:01 | ERROR    | app.main | 未处理异常: http://testserver/api/spots - (sqlite3.IntegrityError) UNIQUE constraint failed: vip_parking_spots.spot_number
[SQL: INSERT INTO vip_parking_spots (spot_number, owner, allowed_plates, status, created_at, updated_at) VALUES (?, ?, ?, ?, ?, ?)]
[parameters: ('A05', '重复', '["粤B55555"]', 1, '2026-04-24 15:48:01.609289', '2026-04-24 15:48:01.609292')]
(Background on this error at: https://sqlalche.me/e/20/gkpj)
Traceback (most recent call last):
  File "/usr/local/lib/python3.10/dist-packages/sqlalchemy/engine/base.py", line 1967, in _exec_single_context
    self.dialect.do_execute(
  File "/usr/local/lib/python3.10/dist-packages/sqlalchemy/engine/default.py", line 941, in do_execute
    cursor.execute(statement, parameters)
sqlite3.IntegrityError: UNIQUE constraint failed: vip_parking_spots.spot_number

The above exception was the direct cause of the following exception:

Traceback (most recent call last):
  File "/usr/local/lib/python3.10/dist-packages/starlette/middleware/errors.py", line 165, in __call__
    await self.app(scope, receive, _send)
  File "/usr/local/lib/python3.10/dist-packages/starlette/middleware/exceptions.py", line 62, in __call__
    await wrap_app_handling_exceptions(self.app, conn)(scope, receive, send)
  File "/usr/local/lib/python3.10/dist-packages/starlette/_exception_handler.py", line 62, in wrapped_app
    raise exc
  File "/usr/local/lib/python3.10/dist-packages/starlette/_exception_handler.py", line 51, in wrapped_app
    await app(scope, receive, sender)
  File "/usr/local/lib/python3.10/dist-packages/starlette/routing.py", line 715, in __call__
    await self.middleware_stack(scope, receive, send)
  File "/usr/local/lib/python3.10/dist-packages/starlette/routing.py", line 735, in app
    await route.handle(scope, receive, send)
  File "/usr/local/lib/python3.10/dist-packages/starlette/routing.py", line 288, in handle
    await self.app(scope, receive, send)
  File "/usr/local/lib/python3.10/dist-packages/starlette/routing.py", line 76, in app
    await wrap_app_handling_exceptions(app, request)(scope, receive, send)
  File "/usr/local/lib/python3.10/dist-packages/starlette/_exception_handler.py", line 62, in wrapped_app
    raise exc
  File "/usr/local/lib/python3.10/dist-packages/starlette/_exception_handler.py", line 51, in wrapped_app
    await app(scope, receive, sender)
  File "/usr/local/lib/python3.10/dist-packages/starlette/routing.py", line 73, in app
    response = await f(request)
  File "/usr/local/lib/python3.10/dist-packages/fastapi/routing.py", line 301, in app
    raw_response = await run_endpoint_function(
  File "/usr/local/lib/python3.10/dist-packages/fastapi/routing.py", line 214, in run_endpoint_function
    return await run_in_threadpool(dependant.call, **values)
  File "/usr/local/lib/python3.10/dist-packages/starlette/concurrency.py", line 39, in run_in_threadpool
    return await anyio.to_thread.run_sync(func, *args)
  File "/usr/local/lib/python3.10/dist-packages/anyio/to_thread.py", line 63, in run_sync
    return await get_async_backend().run_sync_in_worker_thread(
  File "/usr/local/lib/python3.10/dist-packages/anyio/_backends/_asyncio.py", line 2518, in run_sync_in_worker_thread
    return await future
  File "/usr/local/lib/python3.10/dist-packages/anyio/_backends/_asyncio.py", line 1002, in run
    result = context.run(func, *args)
  File "/workspace/vip_parking_alert/backend/app/api/spots.py", line 83, in create_spot
    db.commit()
  File "/usr/local/lib/python3.10/dist-packages/sqlalchemy/orm/session.py", line 2028, in commit
    trans.commit(_to_root=True)
  File "<string>", line 2, in commit
  File "/usr/local/lib/python3.10/dist-packages/sqlalchemy/orm/state_changes.py", line 139, in _go
    ret_value = fn(self, *arg, **kw)
  File "/usr/local/lib/python3.10/dist-packages/sqlalchemy/orm/session.py", line 1313, in commit
    self._prepare_impl()
  File "<string>", line 2, in _prepare_impl
  File "/usr/local/lib/python3.10/dist-packages/sqlalchemy/orm/state_changes.py", line 139, in _go
    ret_value = fn(self, *arg, **kw)
  File "/usr/local/lib/python3.10/dist-packages/sqlalchemy/orm/session.py", line 1288, in _prepare_impl
    self.session.flush()
  File "/usr/local/lib/python3.10/dist-packages/sqlalchemy/orm/session.py", line 4352, in flush
    self._flush(objects)
  File "/usr/local/lib/python3.10/dist-packages/sqlalchemy/orm/session.py", line 4487, in _flush
    with util.safe_reraise():
  File "/usr/local/lib/python3.10/dist-packages/sqlalchemy/util/langhelpers.py", line 146, in __exit__
    raise exc_value.with_traceback(exc_tb)
  File "/usr/local/lib/python3.10/dist-packages/sqlalchemy/orm/session.py", line 4448, in _flush
    flush_context.execute()
  File "/usr/local/lib/python3.10/dist-packages/sqlalchemy/orm/unitofwork.py", line 466, in execute
    rec.execute(self)
  File "/usr/local/lib/python3.10/dist-packages/sqlalchemy/orm/unitofwork.py", line 642, in execute
    util.preloaded.orm_persistence.save_obj(
  File "/usr/local/lib/python3.10/dist-packages/sqlalchemy/orm/persistence.py", line 93, in save_obj
    _emit_insert_statements(
  File "/usr/local/lib/python3.10/dist-packages/sqlalchemy/orm/persistence.py", line 1233, in _emit_insert_statements
    result = connection.execute(
  File "/usr/local/lib/python3.10/dist-packages/sqlalchemy/engine/base.py", line 1418, in execute
    return meth(
  File "/usr/local/lib/python3.10/dist-packages/sqlalchemy/sql/elements.py", line 515, in _execute_on_connection
    return connection._execute_clauseelement(
  File "/usr/local/lib/python3.10/dist-packages/sqlalchemy/engine/base.py", line 1640, in _execute_clauseelement
    ret = self._execute_context(
  File "/usr/local/lib/python3.10/dist-packages/sqlalchemy/engine/base.py", line 1846, in _execute_context
    return self._exec_single_context(
  File "/usr/local/lib/python3.10/dist-packages/sqlalchemy/engine/base.py", line 1986, in _exec_single_context
    self._handle_dbapi_exception(
  File "/usr/local/lib/python3.10/dist-packages/sqlalchemy/engine/base.py", line 2355, in _handle_dbapi_exception
    raise sqlalchemy_exception.with_traceback(exc_info[2]) from e
  File "/usr/local/lib/python3.10/dist-packages/sqlalchemy/engine/base.py", line 1967, in _exec_single_context
    self.dialect.do_execute(
  File "/usr/local/lib/python3.10/dist-packages/sqlalchemy/engine/default.py", line 941, in do_execute
    cursor.execute(statement, parameters)
sqlalchemy.exc.IntegrityError: (sqlite3.IntegrityError) UNIQUE constraint failed: vip_parking_spots.spot_number
[SQL: INSERT INTO vip_parking_spots (spot_number, owner, allowed_plates, status, created_at, updated_at) VALUES (?, ?, ?, ?, ?, ?)]
[parameters: ('A05', '重复', '["粤B55555"]', 1, '2026-04-24 15:48:01.609289', '2026-04-24 15:48:01.609292')]
(Background on this error at: https://sqlalche.me/e/20/gkpj)
2026-04-24 15:48:01 | ERROR    | app.main | 未处理异常: http://testserver/api/spots - (sqlite3.IntegrityError) UNIQUE constraint failed: vip_parking_spots.spot_number
[SQL: INSERT INTO vip_parking_spots (spot_number, owner, allowed_plates, status, created_at, updated_at) VALUES (?, ?, ?, ?, ?, ?)]
[parameters: ('A05', '重复', '["粤B55555"]', 1, '2026-04-24 15:48:01.609289', '2026-04-24 15:48:01.609292')]
(Background on this error at: https://sqlalche.me/e/20/gkpj)
Traceback (most recent call last):
  File "/usr/local/lib/python3.10/dist-packages/sqlalchemy/engine/base.py", line 1967, in _exec_single_context
    self.dialect.do_execute(
  File "/usr/local/lib/python3.10/dist-packages/sqlalchemy/engine/default.py", line 941, in do_execute
    cursor.execute(statement, parameters)
sqlite3.IntegrityError: UNIQUE constraint failed: vip_parking_spots.spot_number

The above exception was the direct cause of the following exception:

Traceback (most recent call last):
  File "/usr/local/lib/python3.10/dist-packages/starlette/middleware/errors.py", line 165, in __call__
    await self.app(scope, receive, _send)
  File "/usr/local/lib/python3.10/dist-packages/starlette/middleware/exceptions.py", line 62, in __call__
    await wrap_app_handling_exceptions(self.app, conn)(scope, receive, send)
  File "/usr/local/lib/python3.10/dist-packages/starlette/_exception_handler.py", line 62, in wrapped_app
    raise exc
  File "/usr/local/lib/python3.10/dist-packages/starlette/_exception_handler.py", line 51, in wrapped_app
    await app(scope, receive, sender)
  File "/usr/local/lib/python3.10/dist-packages/starlette/routing.py", line 715, in __call__
    await self.middleware_stack(scope, receive, send)
  File "/usr/local/lib/python3.10/dist-packages/starlette/routing.py", line 735, in app
    await route.handle(scope, receive, send)
  File "/usr/local/lib/python3.10/dist-packages/starlette/routing.py", line 288, in handle
    await self.app(scope, receive, send)
  File "/usr/local/lib/python3.10/dist-packages/starlette/routing.py", line 76, in app
    await wrap_app_handling_exceptions(app, request)(scope, receive, send)
  File "/usr/local/lib/python3.10/dist-packages/starlette/_exception_handler.py", line 62, in wrapped_app
    raise exc
  File "/usr/local/lib/python3.10/dist-packages/starlette/_exception_handler.py", line 51, in wrapped_app
    await app(scope, receive, sender)
  File "/usr/local/lib/python3.10/dist-packages/starlette/routing.py", line 73, in app
    response = await f(request)
  File "/usr/local/lib/python3.10/dist-packages/fastapi/routing.py", line 301, in app
    raw_response = await run_endpoint_function(
  File "/usr/local/lib/python3.10/dist-packages/fastapi/routing.py", line 214, in run_endpoint_function
    return await run_in_threadpool(dependant.call, **values)
  File "/usr/local/lib/python3.10/dist-packages/starlette/concurrency.py", line 39, in run_in_threadpool
    return await anyio.to_thread.run_sync(func, *args)
  File "/usr/local/lib/python3.10/dist-packages/anyio/to_thread.py", line 63, in run_sync
    return await get_async_backend().run_sync_in_worker_thread(
  File "/usr/local/lib/python3.10/dist-packages/anyio/_backends/_asyncio.py", line 2518, in run_sync_in_worker_thread
    return await future
  File "/usr/local/lib/python3.10/dist-packages/anyio/_backends/_asyncio.py", line 1002, in run
    result = context.run(func, *args)
  File "/workspace/vip_parking_alert/backend/app/api/spots.py", line 83, in create_spot
    db.commit()
  File "/usr/local/lib/python3.10/dist-packages/sqlalchemy/orm/session.py", line 2028, in commit
    trans.commit(_to_root=True)
  File "<string>", line 2, in commit
  File "/usr/local/lib/python3.10/dist-packages/sqlalchemy/orm/state_changes.py", line 139, in _go
    ret_value = fn(self, *arg, **kw)
  File "/usr/local/lib/python3.10/dist-packages/sqlalchemy/orm/session.py", line 1313, in commit
    self._prepare_impl()
  File "<string>", line 2, in _prepare_impl
  File "/usr/local/lib/python3.10/dist-packages/sqlalchemy/orm/state_changes.py", line 139, in _go
    ret_value = fn(self, *arg, **kw)
  File "/usr/local/lib/python3.10/dist-packages/sqlalchemy/orm/session.py", line 1288, in _prepare_impl
    self.session.flush()
  File "/usr/local/lib/python3.10/dist-packages/sqlalchemy/orm/session.py", line 4352, in flush
    self._flush(objects)
  File "/usr/local/lib/python3.10/dist-packages/sqlalchemy/orm/session.py", line 4487, in _flush
    with util.safe_reraise():
  File "/usr/local/lib/python3.10/dist-packages/sqlalchemy/util/langhelpers.py", line 146, in __exit__
    raise exc_value.with_traceback(exc_tb)
  File "/usr/local/lib/python3.10/dist-packages/sqlalchemy/orm/session.py", line 4448, in _flush
    flush_context.execute()
  File "/usr/local/lib/python3.10/dist-packages/sqlalchemy/orm/unitofwork.py", line 466, in execute
    rec.execute(self)
  File "/usr/local/lib/python3.10/dist-packages/sqlalchemy/orm/unitofwork.py", line 642, in execute
    util.preloaded.orm_persistence.save_obj(
  File "/usr/local/lib/python3.10/dist-packages/sqlalchemy/orm/persistence.py", line 93, in save_obj
    _emit_insert_statements(
  File "/usr/local/lib/python3.10/dist-packages/sqlalchemy/orm/persistence.py", line 1233, in _emit_insert_statements
    result = connection.execute(
  File "/usr/local/lib/python3.10/dist-packages/sqlalchemy/engine/base.py", line 1418, in execute
    return meth(
  File "/usr/local/lib/python3.10/dist-packages/sqlalchemy/sql/elements.py", line 515, in _execute_on_connection
    return connection._execute_clauseelement(
  File "/usr/local/lib/python3.10/dist-packages/sqlalchemy/engine/base.py", line 1640, in _execute_clauseelement
    ret = self._execute_context(
  File "/usr/local/lib/python3.10/dist-packages/sqlalchemy/engine/base.py", line 1846, in _execute_context
    return self._exec_single_context(
  File "/usr/local/lib/python3.10/dist-packages/sqlalchemy/engine/base.py", line 1986, in _exec_single_context
    self._handle_dbapi_exception(
  File "/usr/local/lib/python3.10/dist-packages/sqlalchemy/engine/base.py", line 2355, in _handle_dbapi_exception
    raise sqlalchemy_exception.with_traceback(exc_info[2]) from e
  File "/usr/local/lib/python3.10/dist-packages/sqlalchemy/engine/base.py", line 1967, in _exec_single_context
    self.dialect.do_execute(
  File "/usr/local/lib/python3.10/dist-packages/sqlalchemy/engine/default.py", line 941, in do_execute
    cursor.execute(statement, parameters)
sqlalchemy.exc.IntegrityError: (sqlite3.IntegrityError) UNIQUE constraint failed: vip_parking_spots.spot_number
[SQL: INSERT INTO vip_parking_spots (spot_number, owner, allowed_plates, status, created_at, updated_at) VALUES (?, ?, ?, ?, ?, ?)]
[parameters: ('A05', '重复', '["粤B55555"]', 1, '2026-04-24 15:48:01.609289', '2026-04-24 15:48:01.609292')]
(Background on this error at: https://sqlalche.me/e/20/gkpj)
2026-04-24 15:48:01 | ERROR    | app.main | 未处理异常: http://testserver/api/spots - (sqlite3.IntegrityError) UNIQUE constraint failed: vip_parking_spots.spot_number
[SQL: INSERT INTO vip_parking_spots (spot_number, owner, allowed_plates, status, created_at, updated_at) VALUES (?, ?, ?, ?, ?, ?)]
[parameters: ('A05', '重复', '["粤B55555"]', 1, '2026-04-24 15:48:01.609289', '2026-04-24 15:48:01.609292')]
(Background on this error at: https://sqlalche.me/e/20/gkpj)
Traceback (most recent call last):
  File "/usr/local/lib/python3.10/dist-packages/sqlalchemy/engine/base.py", line 1967, in _exec_single_context
    self.dialect.do_execute(
  File "/usr/local/lib/python3.10/dist-packages/sqlalchemy/engine/default.py", line 941, in do_execute
    cursor.execute(statement, parameters)
sqlite3.IntegrityError: UNIQUE constraint failed: vip_parking_spots.spot_number

The above exception was the direct cause of the following exception:

Traceback (most recent call last):
  File "/usr/local/lib/python3.10/dist-packages/starlette/middleware/errors.py", line 165, in __call__
    await self.app(scope, receive, _send)
  File "/usr/local/lib/python3.10/dist-packages/starlette/middleware/exceptions.py", line 62, in __call__
    await wrap_app_handling_exceptions(self.app, conn)(scope, receive, send)
  File "/usr/local/lib/python3.10/dist-packages/starlette/_exception_handler.py", line 62, in wrapped_app
    raise exc
  File "/usr/local/lib/python3.10/dist-packages/starlette/_exception_handler.py", line 51, in wrapped_app
    await app(scope, receive, sender)
  File "/usr/local/lib/python3.10/dist-packages/starlette/routing.py", line 715, in __call__
    await self.middleware_stack(scope, receive, send)
  File "/usr/local/lib/python3.10/dist-packages/starlette/routing.py", line 735, in app
    await route.handle(scope, receive, send)
  File "/usr/local/lib/python3.10/dist-packages/starlette/routing.py", line 288, in handle
    await self.app(scope, receive, send)
  File "/usr/local/lib/python3.10/dist-packages/starlette/routing.py", line 76, in app
    await wrap_app_handling_exceptions(app, request)(scope, receive, send)
  File "/usr/local/lib/python3.10/dist-packages/starlette/_exception_handler.py", line 62, in wrapped_app
    raise exc
  File "/usr/local/lib/python3.10/dist-packages/starlette/_exception_handler.py", line 51, in wrapped_app
    await app(scope, receive, sender)
  File "/usr/local/lib/python3.10/dist-packages/starlette/routing.py", line 73, in app
    response = await f(request)
  File "/usr/local/lib/python3.10/dist-packages/fastapi/routing.py", line 301, in app
    raw_response = await run_endpoint_function(
  File "/usr/local/lib/python3.10/dist-packages/fastapi/routing.py", line 214, in run_endpoint_function
    return await run_in_threadpool(dependant.call, **values)
  File "/usr/local/lib/python3.10/dist-packages/starlette/concurrency.py", line 39, in run_in_threadpool
    return await anyio.to_thread.run_sync(func, *args)
  File "/usr/local/lib/python3.10/dist-packages/anyio/to_thread.py", line 63, in run_sync
    return await get_async_backend().run_sync_in_worker_thread(
  File "/usr/local/lib/python3.10/dist-packages/anyio/_backends/_asyncio.py", line 2518, in run_sync_in_worker_thread
    return await future
  File "/usr/local/lib/python3.10/dist-packages/anyio/_backends/_asyncio.py", line 1002, in run
    result = context.run(func, *args)
  File "/workspace/vip_parking_alert/backend/app/api/spots.py", line 83, in create_spot
    db.commit()
  File "/usr/local/lib/python3.10/dist-packages/sqlalchemy/orm/session.py", line 2028, in commit
    trans.commit(_to_root=True)
  File "<string>", line 2, in commit
  File "/usr/local/lib/python3.10/dist-packages/sqlalchemy/orm/state_changes.py", line 139, in _go
    ret_value = fn(self, *arg, **kw)
  File "/usr/local/lib/python3.10/dist-packages/sqlalchemy/orm/session.py", line 1313, in commit
    self._prepare_impl()
  File "<string>", line 2, in _prepare_impl
  File "/usr/local/lib/python3.10/dist-packages/sqlalchemy/orm/state_changes.py", line 139, in _go
    ret_value = fn(self, *arg, **kw)
  File "/usr/local/lib/python3.10/dist-packages/sqlalchemy/orm/session.py", line 1288, in _prepare_impl
    self.session.flush()
  File "/usr/local/lib/python3.10/dist-packages/sqlalchemy/orm/session.py", line 4352, in flush
    self._flush(objects)
  File "/usr/local/lib/python3.10/dist-packages/sqlalchemy/orm/session.py", line 4487, in _flush
    with util.safe_reraise():
  File "/usr/local/lib/python3.10/dist-packages/sqlalchemy/util/langhelpers.py", line 146, in __exit__
    raise exc_value.with_traceback(exc_tb)
  File "/usr/local/lib/python3.10/dist-packages/sqlalchemy/orm/session.py", line 4448, in _flush
    flush_context.execute()
  File "/usr/local/lib/python3.10/dist-packages/sqlalchemy/orm/unitofwork.py", line 466, in execute
    rec.execute(self)
  File "/usr/local/lib/python3.10/dist-packages/sqlalchemy/orm/unitofwork.py", line 642, in execute
    util.preloaded.orm_persistence.save_obj(
  File "/usr/local/lib/python3.10/dist-packages/sqlalchemy/orm/persistence.py", line 93, in save_obj
    _emit_insert_statements(
  File "/usr/local/lib/python3.10/dist-packages/sqlalchemy/orm/persistence.py", line 1233, in _emit_insert_statements
    result = connection.execute(
  File "/usr/local/lib/python3.10/dist-packages/sqlalchemy/engine/base.py", line 1418, in execute
    return meth(
  File "/usr/local/lib/python3.10/dist-packages/sqlalchemy/sql/elements.py", line 515, in _execute_on_connection
    return connection._execute_clauseelement(
  File "/usr/local/lib/python3.10/dist-packages/sqlalchemy/engine/base.py", line 1640, in _execute_clauseelement
    ret = self._execute_context(
  File "/usr/local/lib/python3.10/dist-packages/sqlalchemy/engine/base.py", line 1846, in _execute_context
    return self._exec_single_context(
  File "/usr/local/lib/python3.10/dist-packages/sqlalchemy/engine/base.py", line 1986, in _exec_single_context
    self._handle_dbapi_exception(
  File "/usr/local/lib/python3.10/dist-packages/sqlalchemy/engine/base.py", line 2355, in _handle_dbapi_exception
    raise sqlalchemy_exception.with_traceback(exc_info[2]) from e
  File "/usr/local/lib/python3.10/dist-packages/sqlalchemy/engine/base.py", line 1967, in _exec_single_context
    self.dialect.do_execute(
  File "/usr/local/lib/python3.10/dist-packages/sqlalchemy/engine/default.py", line 941, in do_execute
    cursor.execute(statement, parameters)
sqlalchemy.exc.IntegrityError: (sqlite3.IntegrityError) UNIQUE constraint failed: vip_parking_spots.spot_number
[SQL: INSERT INTO vip_parking_spots (spot_number, owner, allowed_plates, status, created_at, updated_at) VALUES (?, ?, ?, ?, ?, ?)]
[parameters: ('A05', '重复', '["粤B55555"]', 1, '2026-04-24 15:48:01.609289', '2026-04-24 15:48:01.609292')]
(Background on this error at: https://sqlalche.me/e/20/gkpj)
2026-04-24 15:48:01 | ERROR    | app.main | 未处理异常: http://testserver/api/spots - (sqlite3.IntegrityError) UNIQUE constraint failed: vip_parking_spots.spot_number
[SQL: INSERT INTO vip_parking_spots (spot_number, owner, allowed_plates, status, created_at, updated_at) VALUES (?, ?, ?, ?, ?, ?)]
[parameters: ('A05', '重复', '["粤B55555"]', 1, '2026-04-24 15:48:01.609289', '2026-04-24 15:48:01.609292')]
(Background on this error at: https://sqlalche.me/e/20/gkpj)
Traceback (most recent call last):
  File "/usr/local/lib/python3.10/dist-packages/sqlalchemy/engine/base.py", line 1967, in _exec_single_context
    self.dialect.do_execute(
  File "/usr/local/lib/python3.10/dist-packages/sqlalchemy/engine/default.py", line 941, in do_execute
    cursor.execute(statement, parameters)
sqlite3.IntegrityError: UNIQUE constraint failed: vip_parking_spots.spot_number

The above exception was the direct cause of the following exception:

Traceback (most recent call last):
  File "/usr/local/lib/python3.10/dist-packages/starlette/middleware/errors.py", line 165, in __call__
    await self.app(scope, receive, _send)
  File "/usr/local/lib/python3.10/dist-packages/starlette/middleware/exceptions.py", line 62, in __call__
    await wrap_app_handling_exceptions(self.app, conn)(scope, receive, send)
  File "/usr/local/lib/python3.10/dist-packages/starlette/_exception_handler.py", line 62, in wrapped_app
    raise exc
  File "/usr/local/lib/python3.10/dist-packages/starlette/_exception_handler.py", line 51, in wrapped_app
    await app(scope, receive, sender)
  File "/usr/local/lib/python3.10/dist-packages/starlette/routing.py", line 715, in __call__
    await self.middleware_stack(scope, receive, send)
  File "/usr/local/lib/python3.10/dist-packages/starlette/routing.py", line 735, in app
    await route.handle(scope, receive, send)
  File "/usr/local/lib/python3.10/dist-packages/starlette/routing.py", line 288, in handle
    await self.app(scope, receive, send)
  File "/usr/local/lib/python3.10/dist-packages/starlette/routing.py", line 76, in app
    await wrap_app_handling_exceptions(app, request)(scope, receive, send)
  File "/usr/local/lib/python3.10/dist-packages/starlette/_exception_handler.py", line 62, in wrapped_app
    raise exc
  File "/usr/local/lib/python3.10/dist-packages/starlette/_exception_handler.py", line 51, in wrapped_app
    await app(scope, receive, sender)
  File "/usr/local/lib/python3.10/dist-packages/starlette/routing.py", line 73, in app
    response = await f(request)
  File "/usr/local/lib/python3.10/dist-packages/fastapi/routing.py", line 301, in app
    raw_response = await run_endpoint_function(
  File "/usr/local/lib/python3.10/dist-packages/fastapi/routing.py", line 214, in run_endpoint_function
    return await run_in_threadpool(dependant.call, **values)
  File "/usr/local/lib/python3.10/dist-packages/starlette/concurrency.py", line 39, in run_in_threadpool
    return await anyio.to_thread.run_sync(func, *args)
  File "/usr/local/lib/python3.10/dist-packages/anyio/to_thread.py", line 63, in run_sync
    return await get_async_backend().run_sync_in_worker_thread(
  File "/usr/local/lib/python3.10/dist-packages/anyio/_backends/_asyncio.py", line 2518, in run_sync_in_worker_thread
    return await future
  File "/usr/local/lib/python3.10/dist-packages/anyio/_backends/_asyncio.py", line 1002, in run
    result = context.run(func, *args)
  File "/workspace/vip_parking_alert/backend/app/api/spots.py", line 83, in create_spot
    db.commit()
  File "/usr/local/lib/python3.10/dist-packages/sqlalchemy/orm/session.py", line 2028, in commit
    trans.commit(_to_root=True)
  File "<string>", line 2, in commit
  File "/usr/local/lib/python3.10/dist-packages/sqlalchemy/orm/state_changes.py", line 139, in _go
    ret_value = fn(self, *arg, **kw)
  File "/usr/local/lib/python3.10/dist-packages/sqlalchemy/orm/session.py", line 1313, in commit
    self._prepare_impl()
  File "<string>", line 2, in _prepare_impl
  File "/usr/local/lib/python3.10/dist-packages/sqlalchemy/orm/state_changes.py", line 139, in _go
    ret_value = fn(self, *arg, **kw)
  File "/usr/local/lib/python3.10/dist-packages/sqlalchemy/orm/session.py", line 1288, in _prepare_impl
    self.session.flush()
  File "/usr/local/lib/python3.10/dist-packages/sqlalchemy/orm/session.py", line 4352, in flush
    self._flush(objects)
  File "/usr/local/lib/python3.10/dist-packages/sqlalchemy/orm/session.py", line 4487, in _flush
    with util.safe_reraise():
  File "/usr/local/lib/python3.10/dist-packages/sqlalchemy/util/langhelpers.py", line 146, in __exit__
    raise exc_value.with_traceback(exc_tb)
  File "/usr/local/lib/python3.10/dist-packages/sqlalchemy/orm/session.py", line 4448, in _flush
    flush_context.execute()
  File "/usr/local/lib/python3.10/dist-packages/sqlalchemy/orm/unitofwork.py", line 466, in execute
    rec.execute(self)
  File "/usr/local/lib/python3.10/dist-packages/sqlalchemy/orm/unitofwork.py", line 642, in execute
    util.preloaded.orm_persistence.save_obj(
  File "/usr/local/lib/python3.10/dist-packages/sqlalchemy/orm/persistence.py", line 93, in save_obj
    _emit_insert_statements(
  File "/usr/local/lib/python3.10/dist-packages/sqlalchemy/orm/persistence.py", line 1233, in _emit_insert_statements
    result = connection.execute(
  File "/usr/local/lib/python3.10/dist-packages/sqlalchemy/engine/base.py", line 1418, in execute
    return meth(
  File "/usr/local/lib/python3.10/dist-packages/sqlalchemy/sql/elements.py", line 515, in _execute_on_connection
    return connection._execute_clauseelement(
  File "/usr/local/lib/python3.10/dist-packages/sqlalchemy/engine/base.py", line 1640, in _execute_clauseelement
    ret = self._execute_context(
  File "/usr/local/lib/python3.10/dist-packages/sqlalchemy/engine/base.py", line 1846, in _execute_context
    return self._exec_single_context(
  File "/usr/local/lib/python3.10/dist-packages/sqlalchemy/engine/base.py", line 1986, in _exec_single_context
    self._handle_dbapi_exception(
  File "/usr/local/lib/python3.10/dist-packages/sqlalchemy/engine/base.py", line 2355, in _handle_dbapi_exception
    raise sqlalchemy_exception.with_traceback(exc_info[2]) from e
  File "/usr/local/lib/python3.10/dist-packages/sqlalchemy/engine/base.py", line 1967, in _exec_single_context
    self.dialect.do_execute(
  File "/usr/local/lib/python3.10/dist-packages/sqlalchemy/engine/default.py", line 941, in do_execute
    cursor.execute(statement, parameters)
sqlalchemy.exc.IntegrityError: (sqlite3.IntegrityError) UNIQUE constraint failed: vip_parking_spots.spot_number
[SQL: INSERT INTO vip_parking_spots (spot_number, owner, allowed_plates, status, created_at, updated_at) VALUES (?, ?, ?, ?, ?, ?)]
[parameters: ('A05', '重复', '["粤B55555"]', 1, '2026-04-24 15:48:01.609289', '2026-04-24 15:48:01.609292')]
(Background on this error at: https://sqlalche.me/e/20/gkpj)
2026-04-24 15:48:01 | ERROR    | app.main | 未处理异常: http://testserver/api/spots - (sqlite3.IntegrityError) UNIQUE constraint failed: vip_parking_spots.spot_number
[SQL: INSERT INTO vip_parking_spots (spot_number, owner, allowed_plates, status, created_at, updated_at) VALUES (?, ?, ?, ?, ?, ?)]
[parameters: ('A05', '重复', '["粤B55555"]', 1, '2026-04-24 15:48:01.609289', '2026-04-24 15:48:01.609292')]
(Background on this error at: https://sqlalche.me/e/20/gkpj)
Traceback (most recent call last):
  File "/usr/local/lib/python3.10/dist-packages/sqlalchemy/engine/base.py", line 1967, in _exec_single_context
    self.dialect.do_execute(
  File "/usr/local/lib/python3.10/dist-packages/sqlalchemy/engine/default.py", line 941, in do_execute
    cursor.execute(statement, parameters)
sqlite3.IntegrityError: UNIQUE constraint failed: vip_parking_spots.spot_number

The above exception was the direct cause of the following exception:

Traceback (most recent call last):
  File "/usr/local/lib/python3.10/dist-packages/starlette/middleware/errors.py", line 165, in __call__
    await self.app(scope, receive, _send)
  File "/usr/local/lib/python3.10/dist-packages/starlette/middleware/exceptions.py", line 62, in __call__
    await wrap_app_handling_exceptions(self.app, conn)(scope, receive, send)
  File "/usr/local/lib/python3.10/dist-packages/starlette/_exception_handler.py", line 62, in wrapped_app
    raise exc
  File "/usr/local/lib/python3.10/dist-packages/starlette/_exception_handler.py", line 51, in wrapped_app
    await app(scope, receive, sender)
  File "/usr/local/lib/python3.10/dist-packages/starlette/routing.py", line 715, in __call__
    await self.middleware_stack(scope, receive, send)
  File "/usr/local/lib/python3.10/dist-packages/starlette/routing.py", line 735, in app
    await route.handle(scope, receive, send)
  File "/usr/local/lib/python3.10/dist-packages/starlette/routing.py", line 288, in handle
    await self.app(scope, receive, send)
  File "/usr/local/lib/python3.10/dist-packages/starlette/routing.py", line 76, in app
    await wrap_app_handling_exceptions(app, request)(scope, receive, send)
  File "/usr/local/lib/python3.10/dist-packages/starlette/_exception_handler.py", line 62, in wrapped_app
    raise exc
  File "/usr/local/lib/python3.10/dist-packages/starlette/_exception_handler.py", line 51, in wrapped_app
    await app(scope, receive, sender)
  File "/usr/local/lib/python3.10/dist-packages/starlette/routing.py", line 73, in app
    response = await f(request)
  File "/usr/local/lib/python3.10/dist-packages/fastapi/routing.py", line 301, in app
    raw_response = await run_endpoint_function(
  File "/usr/local/lib/python3.10/dist-packages/fastapi/routing.py", line 214, in run_endpoint_function
    return await run_in_threadpool(dependant.call, **values)
  File "/usr/local/lib/python3.10/dist-packages/starlette/concurrency.py", line 39, in run_in_threadpool
    return await anyio.to_thread.run_sync(func, *args)
  File "/usr/local/lib/python3.10/dist-packages/anyio/to_thread.py", line 63, in run_sync
    return await get_async_backend().run_sync_in_worker_thread(
  File "/usr/local/lib/python3.10/dist-packages/anyio/_backends/_asyncio.py", line 2518, in run_sync_in_worker_thread
    return await future
  File "/usr/local/lib/python3.10/dist-packages/anyio/_backends/_asyncio.py", line 1002, in run
    result = context.run(func, *args)
  File "/workspace/vip_parking_alert/backend/app/api/spots.py", line 83, in create_spot
    db.commit()
  File "/usr/local/lib/python3.10/dist-packages/sqlalchemy/orm/session.py", line 2028, in commit
    trans.commit(_to_root=True)
  File "<string>", line 2, in commit
  File "/usr/local/lib/python3.10/dist-packages/sqlalchemy/orm/state_changes.py", line 139, in _go
    ret_value = fn(self, *arg, **kw)
  File "/usr/local/lib/python3.10/dist-packages/sqlalchemy/orm/session.py", line 1313, in commit
    self._prepare_impl()
  File "<string>", line 2, in _prepare_impl
  File "/usr/local/lib/python3.10/dist-packages/sqlalchemy/orm/state_changes.py", line 139, in _go
    ret_value = fn(self, *arg, **kw)
  File "/usr/local/lib/python3.10/dist-packages/sqlalchemy/orm/session.py", line 1288, in _prepare_impl
    self.session.flush()
  File "/usr/local/lib/python3.10/dist-packages/sqlalchemy/orm/session.py", line 4352, in flush
    self._flush(objects)
  File "/usr/local/lib/python3.10/dist-packages/sqlalchemy/orm/session.py", line 4487, in _flush
    with util.safe_reraise():
  File "/usr/local/lib/python3.10/dist-packages/sqlalchemy/util/langhelpers.py", line 146, in __exit__
    raise exc_value.with_traceback(exc_tb)
  File "/usr/local/lib/python3.10/dist-packages/sqlalchemy/orm/session.py", line 4448, in _flush
    flush_context.execute()
  File "/usr/local/lib/python3.10/dist-packages/sqlalchemy/orm/unitofwork.py", line 466, in execute
    rec.execute(self)
  File "/usr/local/lib/python3.10/dist-packages/sqlalchemy/orm/unitofwork.py", line 642, in execute
    util.preloaded.orm_persistence.save_obj(
  File "/usr/local/lib/python3.10/dist-packages/sqlalchemy/orm/persistence.py", line 93, in save_obj
    _emit_insert_statements(
  File "/usr/local/lib/python3.10/dist-packages/sqlalchemy/orm/persistence.py", line 1233, in _emit_insert_statements
    result = connection.execute(
  File "/usr/local/lib/python3.10/dist-packages/sqlalchemy/engine/base.py", line 1418, in execute
    return meth(
  File "/usr/local/lib/python3.10/dist-packages/sqlalchemy/sql/elements.py", line 515, in _execute_on_connection
    return connection._execute_clauseelement(
  File "/usr/local/lib/python3.10/dist-packages/sqlalchemy/engine/base.py", line 1640, in _execute_clauseelement
    ret = self._execute_context(
  File "/usr/local/lib/python3.10/dist-packages/sqlalchemy/engine/base.py", line 1846, in _execute_context
    return self._exec_single_context(
  File "/usr/local/lib/python3.10/dist-packages/sqlalchemy/engine/base.py", line 1986, in _exec_single_context
    self._handle_dbapi_exception(
  File "/usr/local/lib/python3.10/dist-packages/sqlalchemy/engine/base.py", line 2355, in _handle_dbapi_exception
    raise sqlalchemy_exception.with_traceback(exc_info[2]) from e
  File "/usr/local/lib/python3.10/dist-packages/sqlalchemy/engine/base.py", line 1967, in _exec_single_context
    self.dialect.do_execute(
  File "/usr/local/lib/python3.10/dist-packages/sqlalchemy/engine/default.py", line 941, in do_execute
    cursor.execute(statement, parameters)
sqlalchemy.exc.IntegrityError: (sqlite3.IntegrityError) UNIQUE constraint failed: vip_parking_spots.spot_number
[SQL: INSERT INTO vip_parking_spots (spot_number, owner, allowed_plates, status, created_at, updated_at) VALUES (?, ?, ?, ?, ?, ?)]
[parameters: ('A05', '重复', '["粤B55555"]', 1, '2026-04-24 15:48:01.609289', '2026-04-24 15:48:01.609292')]
(Background on this error at: https://sqlalche.me/e/20/gkpj)
2026-04-24 15:48:01 | ERROR    | app.main | 未处理异常: http://testserver/api/spots - (sqlite3.IntegrityError) UNIQUE constraint failed: vip_parking_spots.spot_number
[SQL: INSERT INTO vip_parking_spots (spot_number, owner, allowed_plates, status, created_at, updated_at) VALUES (?, ?, ?, ?, ?, ?)]
[parameters: ('A05', '重复', '["粤B55555"]', 1, '2026-04-24 15:48:01.609289', '2026-04-24 15:48:01.609292')]
(Background on this error at: https://sqlalche.me/e/20/gkpj)
Traceback (most recent call last):
  File "/usr/local/lib/python3.10/dist-packages/sqlalchemy/engine/base.py", line 1967, in _exec_single_context
    self.dialect.do_execute(
  File "/usr/local/lib/python3.10/dist-packages/sqlalchemy/engine/default.py", line 941, in do_execute
    cursor.execute(statement, parameters)
sqlite3.IntegrityError: UNIQUE constraint failed: vip_parking_spots.spot_number

The above exception was the direct cause of the following exception:

Traceback (most recent call last):
  File "/usr/local/lib/python3.10/dist-packages/starlette/middleware/errors.py", line 165, in __call__
    await self.app(scope, receive, _send)
  File "/usr/local/lib/python3.10/dist-packages/starlette/middleware/exceptions.py", line 62, in __call__
    await wrap_app_handling_exceptions(self.app, conn)(scope, receive, send)
  File "/usr/local/lib/python3.10/dist-packages/starlette/_exception_handler.py", line 62, in wrapped_app
    raise exc
  File "/usr/local/lib/python3.10/dist-packages/starlette/_exception_handler.py", line 51, in wrapped_app
    await app(scope, receive, sender)
  File "/usr/local/lib/python3.10/dist-packages/starlette/routing.py", line 715, in __call__
    await self.middleware_stack(scope, receive, send)
  File "/usr/local/lib/python3.10/dist-packages/starlette/routing.py", line 735, in app
    await route.handle(scope, receive, send)
  File "/usr/local/lib/python3.10/dist-packages/starlette/routing.py", line 288, in handle
    await self.app(scope, receive, send)
  File "/usr/local/lib/python3.10/dist-packages/starlette/routing.py", line 76, in app
    await wrap_app_handling_exceptions(app, request)(scope, receive, send)
  File "/usr/local/lib/python3.10/dist-packages/starlette/_exception_handler.py", line 62, in wrapped_app
    raise exc
  File "/usr/local/lib/python3.10/dist-packages/starlette/_exception_handler.py", line 51, in wrapped_app
    await app(scope, receive, sender)
  File "/usr/local/lib/python3.10/dist-packages/starlette/routing.py", line 73, in app
    response = await f(request)
  File "/usr/local/lib/python3.10/dist-packages/fastapi/routing.py", line 301, in app
    raw_response = await run_endpoint_function(
  File "/usr/local/lib/python3.10/dist-packages/fastapi/routing.py", line 214, in run_endpoint_function
    return await run_in_threadpool(dependant.call, **values)
  File "/usr/local/lib/python3.10/dist-packages/starlette/concurrency.py", line 39, in run_in_threadpool
    return await anyio.to_thread.run_sync(func, *args)
  File "/usr/local/lib/python3.10/dist-packages/anyio/to_thread.py", line 63, in run_sync
    return await get_async_backend().run_sync_in_worker_thread(
  File "/usr/local/lib/python3.10/dist-packages/anyio/_backends/_asyncio.py", line 2518, in run_sync_in_worker_thread
    return await future
  File "/usr/local/lib/python3.10/dist-packages/anyio/_backends/_asyncio.py", line 1002, in run
    result = context.run(func, *args)
  File "/workspace/vip_parking_alert/backend/app/api/spots.py", line 83, in create_spot
    db.commit()
  File "/usr/local/lib/python3.10/dist-packages/sqlalchemy/orm/session.py", line 2028, in commit
    trans.commit(_to_root=True)
  File "<string>", line 2, in commit
  File "/usr/local/lib/python3.10/dist-packages/sqlalchemy/orm/state_changes.py", line 139, in _go
    ret_value = fn(self, *arg, **kw)
  File "/usr/local/lib/python3.10/dist-packages/sqlalchemy/orm/session.py", line 1313, in commit
    self._prepare_impl()
  File "<string>", line 2, in _prepare_impl
  File "/usr/local/lib/python3.10/dist-packages/sqlalchemy/orm/state_changes.py", line 139, in _go
    ret_value = fn(self, *arg, **kw)
  File "/usr/local/lib/python3.10/dist-packages/sqlalchemy/orm/session.py", line 1288, in _prepare_impl
    self.session.flush()
  File "/usr/local/lib/python3.10/dist-packages/sqlalchemy/orm/session.py", line 4352, in flush
    self._flush(objects)
  File "/usr/local/lib/python3.10/dist-packages/sqlalchemy/orm/session.py", line 4487, in _flush
    with util.safe_reraise():
  File "/usr/local/lib/python3.10/dist-packages/sqlalchemy/util/langhelpers.py", line 146, in __exit__
    raise exc_value.with_traceback(exc_tb)
  File "/usr/local/lib/python3.10/dist-packages/sqlalchemy/orm/session.py", line 4448, in _flush
    flush_context.execute()
  File "/usr/local/lib/python3.10/dist-packages/sqlalchemy/orm/unitofwork.py", line 466, in execute
    rec.execute(self)
  File "/usr/local/lib/python3.10/dist-packages/sqlalchemy/orm/unitofwork.py", line 642, in execute
    util.preloaded.orm_persistence.save_obj(
  File "/usr/local/lib/python3.10/dist-packages/sqlalchemy/orm/persistence.py", line 93, in save_obj
    _emit_insert_statements(
  File "/usr/local/lib/python3.10/dist-packages/sqlalchemy/orm/persistence.py", line 1233, in _emit_insert_statements
    result = connection.execute(
  File "/usr/local/lib/python3.10/dist-packages/sqlalchemy/engine/base.py", line 1418, in execute
    return meth(
  File "/usr/local/lib/python3.10/dist-packages/sqlalchemy/sql/elements.py", line 515, in _execute_on_connection
    return connection._execute_clauseelement(
  File "/usr/local/lib/python3.10/dist-packages/sqlalchemy/engine/base.py", line 1640, in _execute_clauseelement
    ret = self._execute_context(
  File "/usr/local/lib/python3.10/dist-packages/sqlalchemy/engine/base.py", line 1846, in _execute_context
    return self._exec_single_context(
  File "/usr/local/lib/python3.10/dist-packages/sqlalchemy/engine/base.py", line 1986, in _exec_single_context
    self._handle_dbapi_exception(
  File "/usr/local/lib/python3.10/dist-packages/sqlalchemy/engine/base.py", line 2355, in _handle_dbapi_exception
    raise sqlalchemy_exception.with_traceback(exc_info[2]) from e
  File "/usr/local/lib/python3.10/dist-packages/sqlalchemy/engine/base.py", line 1967, in _exec_single_context
    self.dialect.do_execute(
  File "/usr/local/lib/python3.10/dist-packages/sqlalchemy/engine/default.py", line 941, in do_execute
    cursor.execute(statement, parameters)
sqlalchemy.exc.IntegrityError: (sqlite3.IntegrityError) UNIQUE constraint failed: vip_parking_spots.spot_number
[SQL: INSERT INTO vip_parking_spots (spot_number, owner, allowed_plates, status, created_at, updated_at) VALUES (?, ?, ?, ?, ?, ?)]
[parameters: ('A05', '重复', '["粤B55555"]', 1, '2026-04-24 15:48:01.609289', '2026-04-24 15:48:01.609292')]
(Background on this error at: https://sqlalche.me/e/20/gkpj)
2026-04-24 15:48:01 | ERROR    | app.main | 未处理异常: http://testserver/api/spots - (sqlite3.IntegrityError) UNIQUE constraint failed: vip_parking_spots.spot_number
[SQL: INSERT INTO vip_parking_spots (spot_number, owner, allowed_plates, status, created_at, updated_at) VALUES (?, ?, ?, ?, ?, ?)]
[parameters: ('A05', '重复', '["粤B55555"]', 1, '2026-04-24 15:48:01.609289', '2026-04-24 15:48:01.609292')]
(Background on this error at: https://sqlalche.me/e/20/gkpj)
Traceback (most recent call last):
  File "/usr/local/lib/python3.10/dist-packages/sqlalchemy/engine/base.py", line 1967, in _exec_single_context
    self.dialect.do_execute(
  File "/usr/local/lib/python3.10/dist-packages/sqlalchemy/engine/default.py", line 941, in do_execute
    cursor.execute(statement, parameters)
sqlite3.IntegrityError: UNIQUE constraint failed: vip_parking_spots.spot_number

The above exception was the direct cause of the following exception:

Traceback (most recent call last):
  File "/usr/local/lib/python3.10/dist-packages/starlette/middleware/errors.py", line 165, in __call__
    await self.app(scope, receive, _send)
  File "/usr/local/lib/python3.10/dist-packages/starlette/middleware/exceptions.py", line 62, in __call__
    await wrap_app_handling_exceptions(self.app, conn)(scope, receive, send)
  File "/usr/local/lib/python3.10/dist-packages/starlette/_exception_handler.py", line 62, in wrapped_app
    raise exc
  File "/usr/local/lib/python3.10/dist-packages/starlette/_exception_handler.py", line 51, in wrapped_app
    await app(scope, receive, sender)
  File "/usr/local/lib/python3.10/dist-packages/starlette/routing.py", line 715, in __call__
    await self.middleware_stack(scope, receive, send)
  File "/usr/local/lib/python3.10/dist-packages/starlette/routing.py", line 735, in app
    await route.handle(scope, receive, send)
  File "/usr/local/lib/python3.10/dist-packages/starlette/routing.py", line 288, in handle
    await self.app(scope, receive, send)
  File "/usr/local/lib/python3.10/dist-packages/starlette/routing.py", line 76, in app
    await wrap_app_handling_exceptions(app, request)(scope, receive, send)
  File "/usr/local/lib/python3.10/dist-packages/starlette/_exception_handler.py", line 62, in wrapped_app
    raise exc
  File "/usr/local/lib/python3.10/dist-packages/starlette/_exception_handler.py", line 51, in wrapped_app
    await app(scope, receive, sender)
  File "/usr/local/lib/python3.10/dist-packages/starlette/routing.py", line 73, in app
    response = await f(request)
  File "/usr/local/lib/python3.10/dist-packages/fastapi/routing.py", line 301, in app
    raw_response = await run_endpoint_function(
  File "/usr/local/lib/python3.10/dist-packages/fastapi/routing.py", line 214, in run_endpoint_function
    return await run_in_threadpool(dependant.call, **values)
  File "/usr/local/lib/python3.10/dist-packages/starlette/concurrency.py", line 39, in run_in_threadpool
    return await anyio.to_thread.run_sync(func, *args)
  File "/usr/local/lib/python3.10/dist-packages/anyio/to_thread.py", line 63, in run_sync
    return await get_async_backend().run_sync_in_worker_thread(
  File "/usr/local/lib/python3.10/dist-packages/anyio/_backends/_asyncio.py", line 2518, in run_sync_in_worker_thread
    return await future
  File "/usr/local/lib/python3.10/dist-packages/anyio/_backends/_asyncio.py", line 1002, in run
    result = context.run(func, *args)
  File "/workspace/vip_parking_alert/backend/app/api/spots.py", line 83, in create_spot
    db.commit()
  File "/usr/local/lib/python3.10/dist-packages/sqlalchemy/orm/session.py", line 2028, in commit
    trans.commit(_to_root=True)
  File "<string>", line 2, in commit
  File "/usr/local/lib/python3.10/dist-packages/sqlalchemy/orm/state_changes.py", line 139, in _go
    ret_value = fn(self, *arg, **kw)
  File "/usr/local/lib/python3.10/dist-packages/sqlalchemy/orm/session.py", line 1313, in commit
    self._prepare_impl()
  File "<string>", line 2, in _prepare_impl
  File "/usr/local/lib/python3.10/dist-packages/sqlalchemy/orm/state_changes.py", line 139, in _go
    ret_value = fn(self, *arg, **kw)
  File "/usr/local/lib/python3.10/dist-packages/sqlalchemy/orm/session.py", line 1288, in _prepare_impl
    self.session.flush()
  File "/usr/local/lib/python3.10/dist-packages/sqlalchemy/orm/session.py", line 4352, in flush
    self._flush(objects)
  File "/usr/local/lib/python3.10/dist-packages/sqlalchemy/orm/session.py", line 4487, in _flush
    with util.safe_reraise():
  File "/usr/local/lib/python3.10/dist-packages/sqlalchemy/util/langhelpers.py", line 146, in __exit__
    raise exc_value.with_traceback(exc_tb)
  File "/usr/local/lib/python3.10/dist-packages/sqlalchemy/orm/session.py", line 4448, in _flush
    flush_context.execute()
  File "/usr/local/lib/python3.10/dist-packages/sqlalchemy/orm/unitofwork.py", line 466, in execute
    rec.execute(self)
  File "/usr/local/lib/python3.10/dist-packages/sqlalchemy/orm/unitofwork.py", line 642, in execute
    util.preloaded.orm_persistence.save_obj(
  File "/usr/local/lib/python3.10/dist-packages/sqlalchemy/orm/persistence.py", line 93, in save_obj
    _emit_insert_statements(
  File "/usr/local/lib/python3.10/dist-packages/sqlalchemy/orm/persistence.py", line 1233, in _emit_insert_statements
    result = connection.execute(
  File "/usr/local/lib/python3.10/dist-packages/sqlalchemy/engine/base.py", line 1418, in execute
    return meth(
  File "/usr/local/lib/python3.10/dist-packages/sqlalchemy/sql/elements.py", line 515, in _execute_on_connection
    return connection._execute_clauseelement(
  File "/usr/local/lib/python3.10/dist-packages/sqlalchemy/engine/base.py", line 1640, in _execute_clauseelement
    ret = self._execute_context(
  File "/usr/local/lib/python3.10/dist-packages/sqlalchemy/engine/base.py", line 1846, in _execute_context
    return self._exec_single_context(
  File "/usr/local/lib/python3.10/dist-packages/sqlalchemy/engine/base.py", line 1986, in _exec_single_context
    self._handle_dbapi_exception(
  File "/usr/local/lib/python3.10/dist-packages/sqlalchemy/engine/base.py", line 2355, in _handle_dbapi_exception
    raise sqlalchemy_exception.with_traceback(exc_info[2]) from e
  File "/usr/local/lib/python3.10/dist-packages/sqlalchemy/engine/base.py", line 1967, in _exec_single_context
    self.dialect.do_execute(
  File "/usr/local/lib/python3.10/dist-packages/sqlalchemy/engine/default.py", line 941, in do_execute
    cursor.execute(statement, parameters)
sqlalchemy.exc.IntegrityError: (sqlite3.IntegrityError) UNIQUE constraint failed: vip_parking_spots.spot_number
[SQL: INSERT INTO vip_parking_spots (spot_number, owner, allowed_plates, status, created_at, updated_at) VALUES (?, ?, ?, ?, ?, ?)]
[parameters: ('A05', '重复', '["粤B55555"]', 1, '2026-04-24 15:48:01.609289', '2026-04-24 15:48:01.609292')]
(Background on this error at: https://sqlalche.me/e/20/gkpj)
2026-04-24 15:48:01 | ERROR    | app.main | 未处理异常: http://testserver/api/spots - (sqlite3.IntegrityError) UNIQUE constraint failed: vip_parking_spots.spot_number
[SQL: INSERT INTO vip_parking_spots (spot_number, owner, allowed_plates, status, created_at, updated_at) VALUES (?, ?, ?, ?, ?, ?)]
[parameters: ('A05', '重复', '["粤B55555"]', 1, '2026-04-24 15:48:01.609289', '2026-04-24 15:48:01.609292')]
(Background on this error at: https://sqlalche.me/e/20/gkpj)
Traceback (most recent call last):
  File "/usr/local/lib/python3.10/dist-packages/sqlalchemy/engine/base.py", line 1967, in _exec_single_context
    self.dialect.do_execute(
  File "/usr/local/lib/python3.10/dist-packages/sqlalchemy/engine/default.py", line 941, in do_execute
    cursor.execute(statement, parameters)
sqlite3.IntegrityError: UNIQUE constraint failed: vip_parking_spots.spot_number

The above exception was the direct cause of the following exception:

Traceback (most recent call last):
  File "/usr/local/lib/python3.10/dist-packages/starlette/middleware/errors.py", line 165, in __call__
    await self.app(scope, receive, _send)
  File "/usr/local/lib/python3.10/dist-packages/starlette/middleware/exceptions.py", line 62, in __call__
    await wrap_app_handling_exceptions(self.app, conn)(scope, receive, send)
  File "/usr/local/lib/python3.10/dist-packages/starlette/_exception_handler.py", line 62, in wrapped_app
    raise exc
  File "/usr/local/lib/python3.10/dist-packages/starlette/_exception_handler.py", line 51, in wrapped_app
    await app(scope, receive, sender)
  File "/usr/local/lib/python3.10/dist-packages/starlette/routing.py", line 715, in __call__
    await self.middleware_stack(scope, receive, send)
  File "/usr/local/lib/python3.10/dist-packages/starlette/routing.py", line 735, in app
    await route.handle(scope, receive, send)
  File "/usr/local/lib/python3.10/dist-packages/starlette/routing.py", line 288, in handle
    await self.app(scope, receive, send)
  File "/usr/local/lib/python3.10/dist-packages/starlette/routing.py", line 76, in app
    await wrap_app_handling_exceptions(app, request)(scope, receive, send)
  File "/usr/local/lib/python3.10/dist-packages/starlette/_exception_handler.py", line 62, in wrapped_app
    raise exc
  File "/usr/local/lib/python3.10/dist-packages/starlette/_exception_handler.py", line 51, in wrapped_app
    await app(scope, receive, sender)
  File "/usr/local/lib/python3.10/dist-packages/starlette/routing.py", line 73, in app
    response = await f(request)
  File "/usr/local/lib/python3.10/dist-packages/fastapi/routing.py", line 301, in app
    raw_response = await run_endpoint_function(
  File "/usr/local/lib/python3.10/dist-packages/fastapi/routing.py", line 214, in run_endpoint_function
    return await run_in_threadpool(dependant.call, **values)
  File "/usr/local/lib/python3.10/dist-packages/starlette/concurrency.py", line 39, in run_in_threadpool
    return await anyio.to_thread.run_sync(func, *args)
  File "/usr/local/lib/python3.10/dist-packages/anyio/to_thread.py", line 63, in run_sync
    return await get_async_backend().run_sync_in_worker_thread(
  File "/usr/local/lib/python3.10/dist-packages/anyio/_backends/_asyncio.py", line 2518, in run_sync_in_worker_thread
    return await future
  File "/usr/local/lib/python3.10/dist-packages/anyio/_backends/_asyncio.py", line 1002, in run
    result = context.run(func, *args)
  File "/workspace/vip_parking_alert/backend/app/api/spots.py", line 83, in create_spot
    db.commit()
  File "/usr/local/lib/python3.10/dist-packages/sqlalchemy/orm/session.py", line 2028, in commit
    trans.commit(_to_root=True)
  File "<string>", line 2, in commit
  File "/usr/local/lib/python3.10/dist-packages/sqlalchemy/orm/state_changes.py", line 139, in _go
    ret_value = fn(self, *arg, **kw)
  File "/usr/local/lib/python3.10/dist-packages/sqlalchemy/orm/session.py", line 1313, in commit
    self._prepare_impl()
  File "<string>", line 2, in _prepare_impl
  File "/usr/local/lib/python3.10/dist-packages/sqlalchemy/orm/state_changes.py", line 139, in _go
    ret_value = fn(self, *arg, **kw)
  File "/usr/local/lib/python3.10/dist-packages/sqlalchemy/orm/session.py", line 1288, in _prepare_impl
    self.session.flush()
  File "/usr/local/lib/python3.10/dist-packages/sqlalchemy/orm/session.py", line 4352, in flush
    self._flush(objects)
  File "/usr/local/lib/python3.10/dist-packages/sqlalchemy/orm/session.py", line 4487, in _flush
    with util.safe_reraise():
  File "/usr/local/lib/python3.10/dist-packages/sqlalchemy/util/langhelpers.py", line 146, in __exit__
    raise exc_value.with_traceback(exc_tb)
  File "/usr/local/lib/python3.10/dist-packages/sqlalchemy/orm/session.py", line 4448, in _flush
    flush_context.execute()
  File "/usr/local/lib/python3.10/dist-packages/sqlalchemy/orm/unitofwork.py", line 466, in execute
    rec.execute(self)
  File "/usr/local/lib/python3.10/dist-packages/sqlalchemy/orm/unitofwork.py", line 642, in execute
    util.preloaded.orm_persistence.save_obj(
  File "/usr/local/lib/python3.10/dist-packages/sqlalchemy/orm/persistence.py", line 93, in save_obj
    _emit_insert_statements(
  File "/usr/local/lib/python3.10/dist-packages/sqlalchemy/orm/persistence.py", line 1233, in _emit_insert_statements
    result = connection.execute(
  File "/usr/local/lib/python3.10/dist-packages/sqlalchemy/engine/base.py", line 1418, in execute
    return meth(
  File "/usr/local/lib/python3.10/dist-packages/sqlalchemy/sql/elements.py", line 515, in _execute_on_connection
    return connection._execute_clauseelement(
  File "/usr/local/lib/python3.10/dist-packages/sqlalchemy/engine/base.py", line 1640, in _execute_clauseelement
    ret = self._execute_context(
  File "/usr/local/lib/python3.10/dist-packages/sqlalchemy/engine/base.py", line 1846, in _execute_context
    return self._exec_single_context(
  File "/usr/local/lib/python3.10/dist-packages/sqlalchemy/engine/base.py", line 1986, in _exec_single_context
    self._handle_dbapi_exception(
  File "/usr/local/lib/python3.10/dist-packages/sqlalchemy/engine/base.py", line 2355, in _handle_dbapi_exception
    raise sqlalchemy_exception.with_traceback(exc_info[2]) from e
  File "/usr/local/lib/python3.10/dist-packages/sqlalchemy/engine/base.py", line 1967, in _exec_single_context
    self.dialect.do_execute(
  File "/usr/local/lib/python3.10/dist-packages/sqlalchemy/engine/default.py", line 941, in do_execute
    cursor.execute(statement, parameters)
sqlalchemy.exc.IntegrityError: (sqlite3.IntegrityError) UNIQUE constraint failed: vip_parking_spots.spot_number
[SQL: INSERT INTO vip_parking_spots (spot_number, owner, allowed_plates, status, created_at, updated_at) VALUES (?, ?, ?, ?, ?, ?)]
[parameters: ('A05', '重复', '["粤B55555"]', 1, '2026-04-24 15:48:01.609289', '2026-04-24 15:48:01.609292')]
(Background on this error at: https://sqlalche.me/e/20/gkpj)
2026-04-24 15:48:01 | ERROR    | app.main | 未处理异常: http://testserver/api/spots - (sqlite3.IntegrityError) UNIQUE constraint failed: vip_parking_spots.spot_number
[SQL: INSERT INTO vip_parking_spots (spot_number, owner, allowed_plates, status, created_at, updated_at) VALUES (?, ?, ?, ?, ?, ?)]
[parameters: ('A05', '重复', '["粤B55555"]', 1, '2026-04-24 15:48:01.609289', '2026-04-24 15:48:01.609292')]
(Background on this error at: https://sqlalche.me/e/20/gkpj)
Traceback (most recent call last):
  File "/usr/local/lib/python3.10/dist-packages/sqlalchemy/engine/base.py", line 1967, in _exec_single_context
    self.dialect.do_execute(
  File "/usr/local/lib/python3.10/dist-packages/sqlalchemy/engine/default.py", line 941, in do_execute
    cursor.execute(statement, parameters)
sqlite3.IntegrityError: UNIQUE constraint failed: vip_parking_spots.spot_number

The above exception was the direct cause of the following exception:

Traceback (most recent call last):
  File "/usr/local/lib/python3.10/dist-packages/starlette/middleware/errors.py", line 165, in __call__
    await self.app(scope, receive, _send)
  File "/usr/local/lib/python3.10/dist-packages/starlette/middleware/exceptions.py", line 62, in __call__
    await wrap_app_handling_exceptions(self.app, conn)(scope, receive, send)
  File "/usr/local/lib/python3.10/dist-packages/starlette/_exception_handler.py", line 62, in wrapped_app
    raise exc
  File "/usr/local/lib/python3.10/dist-packages/starlette/_exception_handler.py", line 51, in wrapped_app
    await app(scope, receive, sender)
  File "/usr/local/lib/python3.10/dist-packages/starlette/routing.py", line 715, in __call__
    await self.middleware_stack(scope, receive, send)
  File "/usr/local/lib/python3.10/dist-packages/starlette/routing.py", line 735, in app
    await route.handle(scope, receive, send)
  File "/usr/local/lib/python3.10/dist-packages/starlette/routing.py", line 288, in handle
    await self.app(scope, receive, send)
  File "/usr/local/lib/python3.10/dist-packages/starlette/routing.py", line 76, in app
    await wrap_app_handling_exceptions(app, request)(scope, receive, send)
  File "/usr/local/lib/python3.10/dist-packages/starlette/_exception_handler.py", line 62, in wrapped_app
    raise exc
  File "/usr/local/lib/python3.10/dist-packages/starlette/_exception_handler.py", line 51, in wrapped_app
    await app(scope, receive, sender)
  File "/usr/local/lib/python3.10/dist-packages/starlette/routing.py", line 73, in app
    response = await f(request)
  File "/usr/local/lib/python3.10/dist-packages/fastapi/routing.py", line 301, in app
    raw_response = await run_endpoint_function(
  File "/usr/local/lib/python3.10/dist-packages/fastapi/routing.py", line 214, in run_endpoint_function
    return await run_in_threadpool(dependant.call, **values)
  File "/usr/local/lib/python3.10/dist-packages/starlette/concurrency.py", line 39, in run_in_threadpool
    return await anyio.to_thread.run_sync(func, *args)
  File "/usr/local/lib/python3.10/dist-packages/anyio/to_thread.py", line 63, in run_sync
    return await get_async_backend().run_sync_in_worker_thread(
  File "/usr/local/lib/python3.10/dist-packages/anyio/_backends/_asyncio.py", line 2518, in run_sync_in_worker_thread
    return await future
  File "/usr/local/lib/python3.10/dist-packages/anyio/_backends/_asyncio.py", line 1002, in run
    result = context.run(func, *args)
  File "/workspace/vip_parking_alert/backend/app/api/spots.py", line 83, in create_spot
    db.commit()
  File "/usr/local/lib/python3.10/dist-packages/sqlalchemy/orm/session.py", line 2028, in commit
    trans.commit(_to_root=True)
  File "<string>", line 2, in commit
  File "/usr/local/lib/python3.10/dist-packages/sqlalchemy/orm/state_changes.py", line 139, in _go
    ret_value = fn(self, *arg, **kw)
  File "/usr/local/lib/python3.10/dist-packages/sqlalchemy/orm/session.py", line 1313, in commit
    self._prepare_impl()
  File "<string>", line 2, in _prepare_impl
  File "/usr/local/lib/python3.10/dist-packages/sqlalchemy/orm/state_changes.py", line 139, in _go
    ret_value = fn(self, *arg, **kw)
  File "/usr/local/lib/python3.10/dist-packages/sqlalchemy/orm/session.py", line 1288, in _prepare_impl
    self.session.flush()
  File "/usr/local/lib/python3.10/dist-packages/sqlalchemy/orm/session.py", line 4352, in flush
    self._flush(objects)
  File "/usr/local/lib/python3.10/dist-packages/sqlalchemy/orm/session.py", line 4487, in _flush
    with util.safe_reraise():
  File "/usr/local/lib/python3.10/dist-packages/sqlalchemy/util/langhelpers.py", line 146, in __exit__
    raise exc_value.with_traceback(exc_tb)
  File "/usr/local/lib/python3.10/dist-packages/sqlalchemy/orm/session.py", line 4448, in _flush
    flush_context.execute()
  File "/usr/local/lib/python3.10/dist-packages/sqlalchemy/orm/unitofwork.py", line 466, in execute
    rec.execute(self)
  File "/usr/local/lib/python3.10/dist-packages/sqlalchemy/orm/unitofwork.py", line 642, in execute
    util.preloaded.orm_persistence.save_obj(
  File "/usr/local/lib/python3.10/dist-packages/sqlalchemy/orm/persistence.py", line 93, in save_obj
    _emit_insert_statements(
  File "/usr/local/lib/python3.10/dist-packages/sqlalchemy/orm/persistence.py", line 1233, in _emit_insert_statements
    result = connection.execute(
  File "/usr/local/lib/python3.10/dist-packages/sqlalchemy/engine/base.py", line 1418, in execute
    return meth(
  File "/usr/local/lib/python3.10/dist-packages/sqlalchemy/sql/elements.py", line 515, in _execute_on_connection
    return connection._execute_clauseelement(
  File "/usr/local/lib/python3.10/dist-packages/sqlalchemy/engine/base.py", line 1640, in _execute_clauseelement
    ret = self._execute_context(
  File "/usr/local/lib/python3.10/dist-packages/sqlalchemy/engine/base.py", line 1846, in _execute_context
    return self._exec_single_context(
  File "/usr/local/lib/python3.10/dist-packages/sqlalchemy/engine/base.py", line 1986, in _exec_single_context
    self._handle_dbapi_exception(
  File "/usr/local/lib/python3.10/dist-packages/sqlalchemy/engine/base.py", line 2355, in _handle_dbapi_exception
    raise sqlalchemy_exception.with_traceback(exc_info[2]) from e
  File "/usr/local/lib/python3.10/dist-packages/sqlalchemy/engine/base.py", line 1967, in _exec_single_context
    self.dialect.do_execute(
  File "/usr/local/lib/python3.10/dist-packages/sqlalchemy/engine/default.py", line 941, in do_execute
    cursor.execute(statement, parameters)
sqlalchemy.exc.IntegrityError: (sqlite3.IntegrityError) UNIQUE constraint failed: vip_parking_spots.spot_number
[SQL: INSERT INTO vip_parking_spots (spot_number, owner, allowed_plates, status, created_at, updated_at) VALUES (?, ?, ?, ?, ?, ?)]
[parameters: ('A05', '重复', '["粤B55555"]', 1, '2026-04-24 15:48:01.609289', '2026-04-24 15:48:01.609292')]
(Background on this error at: https://sqlalche.me/e/20/gkpj)
2026-04-24 15:48:02 | INFO     | app.scheduler.setup | APScheduler调度器已关闭
2026-04-24 15:48:02 | INFO     | app.scheduler.setup | APScheduler调度器已关闭
2026-04-24 15:48:02 | INFO     | app.scheduler.setup | APScheduler调度器已关闭
2026-04-24 15:48:02 | INFO     | app.scheduler.setup | APScheduler调度器已关闭
2026-04-24 15:48:02 | INFO     | app.scheduler.setup | APScheduler调度器已关闭
2026-04-24 15:48:02 | INFO     | app.scheduler.setup | APScheduler调度器已关闭
2026-04-24 15:48:02 | INFO     | app.scheduler.setup | APScheduler调度器已关闭
2026-04-24 15:48:02 | INFO     | app.scheduler.setup | APScheduler调度器已关闭
2026-04-24 15:48:02 | INFO     | app.scheduler.setup | APScheduler调度器已关闭
2026-04-24 15:48:02 | INFO     | app.main | VIP车位告警系统已关闭
2026-04-24 15:48:02 | INFO     | app.main | VIP车位告警系统已关闭
2026-04-24 15:48:02 | INFO     | app.main | VIP车位告警系统已关闭
2026-04-24 15:48:02 | INFO     | app.main | VIP车位告警系统已关闭
2026-04-24 15:48:02 | INFO     | app.main | VIP车位告警系统已关闭
2026-04-24 15:48:02 | INFO     | app.main | VIP车位告警系统已关闭
2026-04-24 15:48:02 | INFO     | app.main | VIP车位告警系统已关闭
2026-04-24 15:48:02 | INFO     | app.main | VIP车位告警系统已关闭
2026-04-24 15:48:02 | INFO     | app.main | VIP车位告警系统已关闭
2026-04-24 15:48:02 | INFO     | app.services.webhook_sender | Webhook发送成功: https://example.com/webhook...
2026-04-24 15:48:02 | INFO     | app.services.webhook_sender | Webhook发送成功: https://example.com/webhook...
2026-04-24 15:48:02 | INFO     | app.services.webhook_sender | Webhook发送成功: https://example.com/webhook...
2026-04-24 15:48:02 | INFO     | app.services.webhook_sender | Webhook发送成功: https://example.com/webhook...
2026-04-24 15:48:02 | INFO     | app.services.webhook_sender | Webhook发送成功: https://example.com/webhook...
2026-04-24 15:48:02 | INFO     | app.services.webhook_sender | Webhook发送成功: https://example.com/webhook...
2026-04-24 15:48:02 | INFO     | app.services.webhook_sender | Webhook发送成功: https://example.com/webhook...
2026-04-24 15:48:02 | INFO     | app.services.webhook_sender | Webhook发送成功: https://example.com/webhook...
2026-04-24 15:48:02 | INFO     | app.services.webhook_sender | Webhook发送成功: https://example.com/webhook...
2026-04-24 15:48:02 | WARNING  | app.services.webhook_sender | Webhook发送失败: HTTP 500, body=error
2026-04-24 15:48:02 | WARNING  | app.services.webhook_sender | Webhook发送失败: HTTP 500, body=error
2026-04-24 15:48:02 | WARNING  | app.services.webhook_sender | Webhook发送失败: HTTP 500, body=error
2026-04-24 15:48:02 | WARNING  | app.services.webhook_sender | Webhook发送失败: HTTP 500, body=error
2026-04-24 15:48:02 | WARNING  | app.services.webhook_sender | Webhook发送失败: HTTP 500, body=error
2026-04-24 15:48:02 | WARNING  | app.services.webhook_sender | Webhook发送失败: HTTP 500, body=error
2026-04-24 15:48:02 | WARNING  | app.services.webhook_sender | Webhook发送失败: HTTP 500, body=error
2026-04-24 15:48:02 | WARNING  | app.services.webhook_sender | Webhook发送失败: HTTP 500, body=error
2026-04-24 15:48:02 | WARNING  | app.services.webhook_sender | Webhook发送失败: HTTP 500, body=error
2026-04-24 15:48:25 | INFO     | app.main | VIP车位告警系统启动中...
2026-04-24 15:48:25 | INFO     | app.scheduler.setup | APScheduler调度器已启动
2026-04-24 15:48:25 | INFO     | app.api.spots | 新增VIP车位: id=1, spot_number=A01
2026-04-24 15:48:25 | INFO     | httpx | HTTP Request: POST http://testserver/api/spots "HTTP/1.1 200 OK"
2026-04-24 15:48:25 | INFO     | app.scheduler.setup | APScheduler调度器已关闭
2026-04-24 15:48:25 | INFO     | app.main | VIP车位告警系统已关闭
2026-04-24 15:48:25 | INFO     | app.main | VIP车位告警系统启动中...
2026-04-24 15:48:25 | INFO     | app.main | VIP车位告警系统启动中...
2026-04-24 15:48:25 | INFO     | app.scheduler.setup | APScheduler调度器已启动
2026-04-24 15:48:25 | INFO     | app.scheduler.setup | APScheduler调度器已启动
2026-04-24 15:48:25 | INFO     | app.api.spots | 新增VIP车位: id=1, spot_number=A02
2026-04-24 15:48:25 | INFO     | app.api.spots | 新增VIP车位: id=1, spot_number=A02
2026-04-24 15:48:25 | INFO     | httpx | HTTP Request: POST http://testserver/api/spots "HTTP/1.1 200 OK"
2026-04-24 15:48:25 | INFO     | httpx | HTTP Request: POST http://testserver/api/spots "HTTP/1.1 200 OK"
2026-04-24 15:48:25 | INFO     | app.api.spots | 查询VIP车位列表: page=1, page_size=20, total=1
2026-04-24 15:48:25 | INFO     | app.api.spots | 查询VIP车位列表: page=1, page_size=20, total=1
2026-04-24 15:48:25 | INFO     | httpx | HTTP Request: GET http://testserver/api/spots "HTTP/1.1 200 OK"
2026-04-24 15:48:25 | INFO     | httpx | HTTP Request: GET http://testserver/api/spots "HTTP/1.1 200 OK"
2026-04-24 15:48:25 | INFO     | app.scheduler.setup | APScheduler调度器已关闭
2026-04-24 15:48:25 | INFO     | app.scheduler.setup | APScheduler调度器已关闭
2026-04-24 15:48:25 | INFO     | app.main | VIP车位告警系统已关闭
2026-04-24 15:48:25 | INFO     | app.main | VIP车位告警系统已关闭
2026-04-24 15:48:25 | INFO     | app.main | VIP车位告警系统启动中...
2026-04-24 15:48:25 | INFO     | app.main | VIP车位告警系统启动中...
2026-04-24 15:48:25 | INFO     | app.main | VIP车位告警系统启动中...
2026-04-24 15:48:25 | INFO     | app.scheduler.setup | APScheduler调度器已启动
2026-04-24 15:48:25 | INFO     | app.scheduler.setup | APScheduler调度器已启动
2026-04-24 15:48:25 | INFO     | app.scheduler.setup | APScheduler调度器已启动
2026-04-24 15:48:25 | INFO     | app.api.spots | 新增VIP车位: id=1, spot_number=A03
2026-04-24 15:48:25 | INFO     | app.api.spots | 新增VIP车位: id=1, spot_number=A03
2026-04-24 15:48:25 | INFO     | app.api.spots | 新增VIP车位: id=1, spot_number=A03
2026-04-24 15:48:25 | INFO     | httpx | HTTP Request: POST http://testserver/api/spots "HTTP/1.1 200 OK"
2026-04-24 15:48:25 | INFO     | httpx | HTTP Request: POST http://testserver/api/spots "HTTP/1.1 200 OK"
2026-04-24 15:48:25 | INFO     | httpx | HTTP Request: POST http://testserver/api/spots "HTTP/1.1 200 OK"
2026-04-24 15:48:25 | INFO     | app.api.spots | 编辑VIP车位: id=1, spot_number=A03
2026-04-24 15:48:25 | INFO     | app.api.spots | 编辑VIP车位: id=1, spot_number=A03
2026-04-24 15:48:25 | INFO     | app.api.spots | 编辑VIP车位: id=1, spot_number=A03
2026-04-24 15:48:25 | INFO     | httpx | HTTP Request: PUT http://testserver/api/spots/1 "HTTP/1.1 200 OK"
2026-04-24 15:48:25 | INFO     | httpx | HTTP Request: PUT http://testserver/api/spots/1 "HTTP/1.1 200 OK"
2026-04-24 15:48:25 | INFO     | httpx | HTTP Request: PUT http://testserver/api/spots/1 "HTTP/1.1 200 OK"
2026-04-24 15:48:25 | INFO     | app.scheduler.setup | APScheduler调度器已关闭
2026-04-24 15:48:25 | INFO     | app.scheduler.setup | APScheduler调度器已关闭
2026-04-24 15:48:25 | INFO     | app.scheduler.setup | APScheduler调度器已关闭
2026-04-24 15:48:25 | INFO     | app.main | VIP车位告警系统已关闭
2026-04-24 15:48:25 | INFO     | app.main | VIP车位告警系统已关闭
2026-04-24 15:48:25 | INFO     | app.main | VIP车位告警系统已关闭
2026-04-24 15:48:25 | INFO     | app.main | VIP车位告警系统启动中...
2026-04-24 15:48:25 | INFO     | app.main | VIP车位告警系统启动中...
2026-04-24 15:48:25 | INFO     | app.main | VIP车位告警系统启动中...
2026-04-24 15:48:25 | INFO     | app.main | VIP车位告警系统启动中...
2026-04-24 15:48:25 | INFO     | app.scheduler.setup | APScheduler调度器已启动
2026-04-24 15:48:25 | INFO     | app.scheduler.setup | APScheduler调度器已启动
2026-04-24 15:48:25 | INFO     | app.scheduler.setup | APScheduler调度器已启动
2026-04-24 15:48:25 | INFO     | app.scheduler.setup | APScheduler调度器已启动
2026-04-24 15:48:25 | INFO     | app.api.spots | 新增VIP车位: id=1, spot_number=A04
2026-04-24 15:48:25 | INFO     | app.api.spots | 新增VIP车位: id=1, spot_number=A04
2026-04-24 15:48:25 | INFO     | app.api.spots | 新增VIP车位: id=1, spot_number=A04
2026-04-24 15:48:25 | INFO     | app.api.spots | 新增VIP车位: id=1, spot_number=A04
2026-04-24 15:48:25 | INFO     | httpx | HTTP Request: POST http://testserver/api/spots "HTTP/1.1 200 OK"
2026-04-24 15:48:25 | INFO     | httpx | HTTP Request: POST http://testserver/api/spots "HTTP/1.1 200 OK"
2026-04-24 15:48:25 | INFO     | httpx | HTTP Request: POST http://testserver/api/spots "HTTP/1.1 200 OK"
2026-04-24 15:48:25 | INFO     | httpx | HTTP Request: POST http://testserver/api/spots "HTTP/1.1 200 OK"
2026-04-24 15:48:25 | INFO     | app.api.spots | 删除VIP车位: id=1, spot_number=A04
2026-04-24 15:48:25 | INFO     | app.api.spots | 删除VIP车位: id=1, spot_number=A04
2026-04-24 15:48:25 | INFO     | app.api.spots | 删除VIP车位: id=1, spot_number=A04
2026-04-24 15:48:25 | INFO     | app.api.spots | 删除VIP车位: id=1, spot_number=A04
2026-04-24 15:48:25 | INFO     | httpx | HTTP Request: DELETE http://testserver/api/spots/1 "HTTP/1.1 200 OK"
2026-04-24 15:48:25 | INFO     | httpx | HTTP Request: DELETE http://testserver/api/spots/1 "HTTP/1.1 200 OK"
2026-04-24 15:48:25 | INFO     | httpx | HTTP Request: DELETE http://testserver/api/spots/1 "HTTP/1.1 200 OK"
2026-04-24 15:48:25 | INFO     | httpx | HTTP Request: DELETE http://testserver/api/spots/1 "HTTP/1.1 200 OK"
2026-04-24 15:48:25 | INFO     | app.scheduler.setup | APScheduler调度器已关闭
2026-04-24 15:48:25 | INFO     | app.scheduler.setup | APScheduler调度器已关闭
2026-04-24 15:48:25 | INFO     | app.scheduler.setup | APScheduler调度器已关闭
2026-04-24 15:48:25 | INFO     | app.scheduler.setup | APScheduler调度器已关闭
2026-04-24 15:48:25 | INFO     | app.main | VIP车位告警系统已关闭
2026-04-24 15:48:25 | INFO     | app.main | VIP车位告警系统已关闭
2026-04-24 15:48:25 | INFO     | app.main | VIP车位告警系统已关闭
2026-04-24 15:48:25 | INFO     | app.main | VIP车位告警系统已关闭
2026-04-24 15:48:25 | INFO     | app.main | VIP车位告警系统启动中...
2026-04-24 15:48:25 | INFO     | app.main | VIP车位告警系统启动中...
2026-04-24 15:48:25 | INFO     | app.main | VIP车位告警系统启动中...
2026-04-24 15:48:25 | INFO     | app.main | VIP车位告警系统启动中...
2026-04-24 15:48:25 | INFO     | app.main | VIP车位告警系统启动中...
2026-04-24 15:48:25 | INFO     | app.scheduler.setup | APScheduler调度器已启动
2026-04-24 15:48:25 | INFO     | app.scheduler.setup | APScheduler调度器已启动
2026-04-24 15:48:25 | INFO     | app.scheduler.setup | APScheduler调度器已启动
2026-04-24 15:48:25 | INFO     | app.scheduler.setup | APScheduler调度器已启动
2026-04-24 15:48:25 | INFO     | app.scheduler.setup | APScheduler调度器已启动
2026-04-24 15:48:25 | INFO     | app.api.spots | 新增VIP车位: id=1, spot_number=A05
2026-04-24 15:48:25 | INFO     | app.api.spots | 新增VIP车位: id=1, spot_number=A05
2026-04-24 15:48:25 | INFO     | app.api.spots | 新增VIP车位: id=1, spot_number=A05
2026-04-24 15:48:25 | INFO     | app.api.spots | 新增VIP车位: id=1, spot_number=A05
2026-04-24 15:48:25 | INFO     | app.api.spots | 新增VIP车位: id=1, spot_number=A05
2026-04-24 15:48:25 | INFO     | httpx | HTTP Request: POST http://testserver/api/spots "HTTP/1.1 200 OK"
2026-04-24 15:48:25 | INFO     | httpx | HTTP Request: POST http://testserver/api/spots "HTTP/1.1 200 OK"
2026-04-24 15:48:25 | INFO     | httpx | HTTP Request: POST http://testserver/api/spots "HTTP/1.1 200 OK"
2026-04-24 15:48:25 | INFO     | httpx | HTTP Request: POST http://testserver/api/spots "HTTP/1.1 200 OK"
2026-04-24 15:48:25 | INFO     | httpx | HTTP Request: POST http://testserver/api/spots "HTTP/1.1 200 OK"
2026-04-24 15:48:25 | ERROR    | app.main | 未处理异常: http://testserver/api/spots - (sqlite3.IntegrityError) UNIQUE constraint failed: vip_parking_spots.spot_number
[SQL: INSERT INTO vip_parking_spots (spot_number, owner, allowed_plates, status, created_at, updated_at) VALUES (?, ?, ?, ?, ?, ?)]
[parameters: ('A05', '重复', '["粤B55555"]', 1, '2026-04-24 15:48:25.210818', '2026-04-24 15:48:25.210821')]
(Background on this error at: https://sqlalche.me/e/20/gkpj)
Traceback (most recent call last):
  File "/usr/local/lib/python3.10/dist-packages/sqlalchemy/engine/base.py", line 1967, in _exec_single_context
    self.dialect.do_execute(
  File "/usr/local/lib/python3.10/dist-packages/sqlalchemy/engine/default.py", line 941, in do_execute
    cursor.execute(statement, parameters)
sqlite3.IntegrityError: UNIQUE constraint failed: vip_parking_spots.spot_number

The above exception was the direct cause of the following exception:

Traceback (most recent call last):
  File "/usr/local/lib/python3.10/dist-packages/starlette/middleware/errors.py", line 165, in __call__
    await self.app(scope, receive, _send)
  File "/usr/local/lib/python3.10/dist-packages/starlette/middleware/exceptions.py", line 62, in __call__
    await wrap_app_handling_exceptions(self.app, conn)(scope, receive, send)
  File "/usr/local/lib/python3.10/dist-packages/starlette/_exception_handler.py", line 62, in wrapped_app
    raise exc
  File "/usr/local/lib/python3.10/dist-packages/starlette/_exception_handler.py", line 51, in wrapped_app
    await app(scope, receive, sender)
  File "/usr/local/lib/python3.10/dist-packages/starlette/routing.py", line 715, in __call__
    await self.middleware_stack(scope, receive, send)
  File "/usr/local/lib/python3.10/dist-packages/starlette/routing.py", line 735, in app
    await route.handle(scope, receive, send)
  File "/usr/local/lib/python3.10/dist-packages/starlette/routing.py", line 288, in handle
    await self.app(scope, receive, send)
  File "/usr/local/lib/python3.10/dist-packages/starlette/routing.py", line 76, in app
    await wrap_app_handling_exceptions(app, request)(scope, receive, send)
  File "/usr/local/lib/python3.10/dist-packages/starlette/_exception_handler.py", line 62, in wrapped_app
    raise exc
  File "/usr/local/lib/python3.10/dist-packages/starlette/_exception_handler.py", line 51, in wrapped_app
    await app(scope, receive, sender)
  File "/usr/local/lib/python3.10/dist-packages/starlette/routing.py", line 73, in app
    response = await f(request)
  File "/usr/local/lib/python3.10/dist-packages/fastapi/routing.py", line 301, in app
    raw_response = await run_endpoint_function(
  File "/usr/local/lib/python3.10/dist-packages/fastapi/routing.py", line 214, in run_endpoint_function
    return await run_in_threadpool(dependant.call, **values)
  File "/usr/local/lib/python3.10/dist-packages/starlette/concurrency.py", line 39, in run_in_threadpool
    return await anyio.to_thread.run_sync(func, *args)
  File "/usr/local/lib/python3.10/dist-packages/anyio/to_thread.py", line 63, in run_sync
    return await get_async_backend().run_sync_in_worker_thread(
  File "/usr/local/lib/python3.10/dist-packages/anyio/_backends/_asyncio.py", line 2518, in run_sync_in_worker_thread
    return await future
  File "/usr/local/lib/python3.10/dist-packages/anyio/_backends/_asyncio.py", line 1002, in run
    result = context.run(func, *args)
  File "/workspace/vip_parking_alert/backend/app/api/spots.py", line 83, in create_spot
    db.commit()
  File "/usr/local/lib/python3.10/dist-packages/sqlalchemy/orm/session.py", line 2028, in commit
    trans.commit(_to_root=True)
  File "<string>", line 2, in commit
  File "/usr/local/lib/python3.10/dist-packages/sqlalchemy/orm/state_changes.py", line 139, in _go
    ret_value = fn(self, *arg, **kw)
  File "/usr/local/lib/python3.10/dist-packages/sqlalchemy/orm/session.py", line 1313, in commit
    self._prepare_impl()
  File "<string>", line 2, in _prepare_impl
  File "/usr/local/lib/python3.10/dist-packages/sqlalchemy/orm/state_changes.py", line 139, in _go
    ret_value = fn(self, *arg, **kw)
  File "/usr/local/lib/python3.10/dist-packages/sqlalchemy/orm/session.py", line 1288, in _prepare_impl
    self.session.flush()
  File "/usr/local/lib/python3.10/dist-packages/sqlalchemy/orm/session.py", line 4352, in flush
    self._flush(objects)
  File "/usr/local/lib/python3.10/dist-packages/sqlalchemy/orm/session.py", line 4487, in _flush
    with util.safe_reraise():
  File "/usr/local/lib/python3.10/dist-packages/sqlalchemy/util/langhelpers.py", line 146, in __exit__
    raise exc_value.with_traceback(exc_tb)
  File "/usr/local/lib/python3.10/dist-packages/sqlalchemy/orm/session.py", line 4448, in _flush
    flush_context.execute()
  File "/usr/local/lib/python3.10/dist-packages/sqlalchemy/orm/unitofwork.py", line 466, in execute
    rec.execute(self)
  File "/usr/local/lib/python3.10/dist-packages/sqlalchemy/orm/unitofwork.py", line 642, in execute
    util.preloaded.orm_persistence.save_obj(
  File "/usr/local/lib/python3.10/dist-packages/sqlalchemy/orm/persistence.py", line 93, in save_obj
    _emit_insert_statements(
  File "/usr/local/lib/python3.10/dist-packages/sqlalchemy/orm/persistence.py", line 1233, in _emit_insert_statements
    result = connection.execute(
  File "/usr/local/lib/python3.10/dist-packages/sqlalchemy/engine/base.py", line 1418, in execute
    return meth(
  File "/usr/local/lib/python3.10/dist-packages/sqlalchemy/sql/elements.py", line 515, in _execute_on_connection
    return connection._execute_clauseelement(
  File "/usr/local/lib/python3.10/dist-packages/sqlalchemy/engine/base.py", line 1640, in _execute_clauseelement
    ret = self._execute_context(
  File "/usr/local/lib/python3.10/dist-packages/sqlalchemy/engine/base.py", line 1846, in _execute_context
    return self._exec_single_context(
  File "/usr/local/lib/python3.10/dist-packages/sqlalchemy/engine/base.py", line 1986, in _exec_single_context
    self._handle_dbapi_exception(
  File "/usr/local/lib/python3.10/dist-packages/sqlalchemy/engine/base.py", line 2355, in _handle_dbapi_exception
    raise sqlalchemy_exception.with_traceback(exc_info[2]) from e
  File "/usr/local/lib/python3.10/dist-packages/sqlalchemy/engine/base.py", line 1967, in _exec_single_context
    self.dialect.do_execute(
  File "/usr/local/lib/python3.10/dist-packages/sqlalchemy/engine/default.py", line 941, in do_execute
    cursor.execute(statement, parameters)
sqlalchemy.exc.IntegrityError: (sqlite3.IntegrityError) UNIQUE constraint failed: vip_parking_spots.spot_number
[SQL: INSERT INTO vip_parking_spots (spot_number, owner, allowed_plates, status, created_at, updated_at) VALUES (?, ?, ?, ?, ?, ?)]
[parameters: ('A05', '重复', '["粤B55555"]', 1, '2026-04-24 15:48:25.210818', '2026-04-24 15:48:25.210821')]
(Background on this error at: https://sqlalche.me/e/20/gkpj)
2026-04-24 15:48:25 | ERROR    | app.main | 未处理异常: http://testserver/api/spots - (sqlite3.IntegrityError) UNIQUE constraint failed: vip_parking_spots.spot_number
[SQL: INSERT INTO vip_parking_spots (spot_number, owner, allowed_plates, status, created_at, updated_at) VALUES (?, ?, ?, ?, ?, ?)]
[parameters: ('A05', '重复', '["粤B55555"]', 1, '2026-04-24 15:48:25.210818', '2026-04-24 15:48:25.210821')]
(Background on this error at: https://sqlalche.me/e/20/gkpj)
Traceback (most recent call last):
  File "/usr/local/lib/python3.10/dist-packages/sqlalchemy/engine/base.py", line 1967, in _exec_single_context
    self.dialect.do_execute(
  File "/usr/local/lib/python3.10/dist-packages/sqlalchemy/engine/default.py", line 941, in do_execute
    cursor.execute(statement, parameters)
sqlite3.IntegrityError: UNIQUE constraint failed: vip_parking_spots.spot_number

The above exception was the direct cause of the following exception:

Traceback (most recent call last):
  File "/usr/local/lib/python3.10/dist-packages/starlette/middleware/errors.py", line 165, in __call__
    await self.app(scope, receive, _send)
  File "/usr/local/lib/python3.10/dist-packages/starlette/middleware/exceptions.py", line 62, in __call__
    await wrap_app_handling_exceptions(self.app, conn)(scope, receive, send)
  File "/usr/local/lib/python3.10/dist-packages/starlette/_exception_handler.py", line 62, in wrapped_app
    raise exc
  File "/usr/local/lib/python3.10/dist-packages/starlette/_exception_handler.py", line 51, in wrapped_app
    await app(scope, receive, sender)
  File "/usr/local/lib/python3.10/dist-packages/starlette/routing.py", line 715, in __call__
    await self.middleware_stack(scope, receive, send)
  File "/usr/local/lib/python3.10/dist-packages/starlette/routing.py", line 735, in app
    await route.handle(scope, receive, send)
  File "/usr/local/lib/python3.10/dist-packages/starlette/routing.py", line 288, in handle
    await self.app(scope, receive, send)
  File "/usr/local/lib/python3.10/dist-packages/starlette/routing.py", line 76, in app
    await wrap_app_handling_exceptions(app, request)(scope, receive, send)
  File "/usr/local/lib/python3.10/dist-packages/starlette/_exception_handler.py", line 62, in wrapped_app
    raise exc
  File "/usr/local/lib/python3.10/dist-packages/starlette/_exception_handler.py", line 51, in wrapped_app
    await app(scope, receive, sender)
  File "/usr/local/lib/python3.10/dist-packages/starlette/routing.py", line 73, in app
    response = await f(request)
  File "/usr/local/lib/python3.10/dist-packages/fastapi/routing.py", line 301, in app
    raw_response = await run_endpoint_function(
  File "/usr/local/lib/python3.10/dist-packages/fastapi/routing.py", line 214, in run_endpoint_function
    return await run_in_threadpool(dependant.call, **values)
  File "/usr/local/lib/python3.10/dist-packages/starlette/concurrency.py", line 39, in run_in_threadpool
    return await anyio.to_thread.run_sync(func, *args)
  File "/usr/local/lib/python3.10/dist-packages/anyio/to_thread.py", line 63, in run_sync
    return await get_async_backend().run_sync_in_worker_thread(
  File "/usr/local/lib/python3.10/dist-packages/anyio/_backends/_asyncio.py", line 2518, in run_sync_in_worker_thread
    return await future
  File "/usr/local/lib/python3.10/dist-packages/anyio/_backends/_asyncio.py", line 1002, in run
    result = context.run(func, *args)
  File "/workspace/vip_parking_alert/backend/app/api/spots.py", line 83, in create_spot
    db.commit()
  File "/usr/local/lib/python3.10/dist-packages/sqlalchemy/orm/session.py", line 2028, in commit
    trans.commit(_to_root=True)
  File "<string>", line 2, in commit
  File "/usr/local/lib/python3.10/dist-packages/sqlalchemy/orm/state_changes.py", line 139, in _go
    ret_value = fn(self, *arg, **kw)
  File "/usr/local/lib/python3.10/dist-packages/sqlalchemy/orm/session.py", line 1313, in commit
    self._prepare_impl()
  File "<string>", line 2, in _prepare_impl
  File "/usr/local/lib/python3.10/dist-packages/sqlalchemy/orm/state_changes.py", line 139, in _go
    ret_value = fn(self, *arg, **kw)
  File "/usr/local/lib/python3.10/dist-packages/sqlalchemy/orm/session.py", line 1288, in _prepare_impl
    self.session.flush()
  File "/usr/local/lib/python3.10/dist-packages/sqlalchemy/orm/session.py", line 4352, in flush
    self._flush(objects)
  File "/usr/local/lib/python3.10/dist-packages/sqlalchemy/orm/session.py", line 4487, in _flush
    with util.safe_reraise():
  File "/usr/local/lib/python3.10/dist-packages/sqlalchemy/util/langhelpers.py", line 146, in __exit__
    raise exc_value.with_traceback(exc_tb)
  File "/usr/local/lib/python3.10/dist-packages/sqlalchemy/orm/session.py", line 4448, in _flush
    flush_context.execute()
  File "/usr/local/lib/python3.10/dist-packages/sqlalchemy/orm/unitofwork.py", line 466, in execute
    rec.execute(self)
  File "/usr/local/lib/python3.10/dist-packages/sqlalchemy/orm/unitofwork.py", line 642, in execute
    util.preloaded.orm_persistence.save_obj(
  File "/usr/local/lib/python3.10/dist-packages/sqlalchemy/orm/persistence.py", line 93, in save_obj
    _emit_insert_statements(
  File "/usr/local/lib/python3.10/dist-packages/sqlalchemy/orm/persistence.py", line 1233, in _emit_insert_statements
    result = connection.execute(
  File "/usr/local/lib/python3.10/dist-packages/sqlalchemy/engine/base.py", line 1418, in execute
    return meth(
  File "/usr/local/lib/python3.10/dist-packages/sqlalchemy/sql/elements.py", line 515, in _execute_on_connection
    return connection._execute_clauseelement(
  File "/usr/local/lib/python3.10/dist-packages/sqlalchemy/engine/base.py", line 1640, in _execute_clauseelement
    ret = self._execute_context(
  File "/usr/local/lib/python3.10/dist-packages/sqlalchemy/engine/base.py", line 1846, in _execute_context
    return self._exec_single_context(
  File "/usr/local/lib/python3.10/dist-packages/sqlalchemy/engine/base.py", line 1986, in _exec_single_context
    self._handle_dbapi_exception(
  File "/usr/local/lib/python3.10/dist-packages/sqlalchemy/engine/base.py", line 2355, in _handle_dbapi_exception
    raise sqlalchemy_exception.with_traceback(exc_info[2]) from e
  File "/usr/local/lib/python3.10/dist-packages/sqlalchemy/engine/base.py", line 1967, in _exec_single_context
    self.dialect.do_execute(
  File "/usr/local/lib/python3.10/dist-packages/sqlalchemy/engine/default.py", line 941, in do_execute
    cursor.execute(statement, parameters)
sqlalchemy.exc.IntegrityError: (sqlite3.IntegrityError) UNIQUE constraint failed: vip_parking_spots.spot_number
[SQL: INSERT INTO vip_parking_spots (spot_number, owner, allowed_plates, status, created_at, updated_at) VALUES (?, ?, ?, ?, ?, ?)]
[parameters: ('A05', '重复', '["粤B55555"]', 1, '2026-04-24 15:48:25.210818', '2026-04-24 15:48:25.210821')]
(Background on this error at: https://sqlalche.me/e/20/gkpj)
2026-04-24 15:48:25 | ERROR    | app.main | 未处理异常: http://testserver/api/spots - (sqlite3.IntegrityError) UNIQUE constraint failed: vip_parking_spots.spot_number
[SQL: INSERT INTO vip_parking_spots (spot_number, owner, allowed_plates, status, created_at, updated_at) VALUES (?, ?, ?, ?, ?, ?)]
[parameters: ('A05', '重复', '["粤B55555"]', 1, '2026-04-24 15:48:25.210818', '2026-04-24 15:48:25.210821')]
(Background on this error at: https://sqlalche.me/e/20/gkpj)
Traceback (most recent call last):
  File "/usr/local/lib/python3.10/dist-packages/sqlalchemy/engine/base.py", line 1967, in _exec_single_context
    self.dialect.do_execute(
  File "/usr/local/lib/python3.10/dist-packages/sqlalchemy/engine/default.py", line 941, in do_execute
    cursor.execute(statement, parameters)
sqlite3.IntegrityError: UNIQUE constraint failed: vip_parking_spots.spot_number

The above exception was the direct cause of the following exception:

Traceback (most recent call last):
  File "/usr/local/lib/python3.10/dist-packages/starlette/middleware/errors.py", line 165, in __call__
    await self.app(scope, receive, _send)
  File "/usr/local/lib/python3.10/dist-packages/starlette/middleware/exceptions.py", line 62, in __call__
    await wrap_app_handling_exceptions(self.app, conn)(scope, receive, send)
  File "/usr/local/lib/python3.10/dist-packages/starlette/_exception_handler.py", line 62, in wrapped_app
    raise exc
  File "/usr/local/lib/python3.10/dist-packages/starlette/_exception_handler.py", line 51, in wrapped_app
    await app(scope, receive, sender)
  File "/usr/local/lib/python3.10/dist-packages/starlette/routing.py", line 715, in __call__
    await self.middleware_stack(scope, receive, send)
  File "/usr/local/lib/python3.10/dist-packages/starlette/routing.py", line 735, in app
    await route.handle(scope, receive, send)
  File "/usr/local/lib/python3.10/dist-packages/starlette/routing.py", line 288, in handle
    await self.app(scope, receive, send)
  File "/usr/local/lib/python3.10/dist-packages/starlette/routing.py", line 76, in app
    await wrap_app_handling_exceptions(app, request)(scope, receive, send)
  File "/usr/local/lib/python3.10/dist-packages/starlette/_exception_handler.py", line 62, in wrapped_app
    raise exc
  File "/usr/local/lib/python3.10/dist-packages/starlette/_exception_handler.py", line 51, in wrapped_app
    await app(scope, receive, sender)
  File "/usr/local/lib/python3.10/dist-packages/starlette/routing.py", line 73, in app
    response = await f(request)
  File "/usr/local/lib/python3.10/dist-packages/fastapi/routing.py", line 301, in app
    raw_response = await run_endpoint_function(
  File "/usr/local/lib/python3.10/dist-packages/fastapi/routing.py", line 214, in run_endpoint_function
    return await run_in_threadpool(dependant.call, **values)
  File "/usr/local/lib/python3.10/dist-packages/starlette/concurrency.py", line 39, in run_in_threadpool
    return await anyio.to_thread.run_sync(func, *args)
  File "/usr/local/lib/python3.10/dist-packages/anyio/to_thread.py", line 63, in run_sync
    return await get_async_backend().run_sync_in_worker_thread(
  File "/usr/local/lib/python3.10/dist-packages/anyio/_backends/_asyncio.py", line 2518, in run_sync_in_worker_thread
    return await future
  File "/usr/local/lib/python3.10/dist-packages/anyio/_backends/_asyncio.py", line 1002, in run
    result = context.run(func, *args)
  File "/workspace/vip_parking_alert/backend/app/api/spots.py", line 83, in create_spot
    db.commit()
  File "/usr/local/lib/python3.10/dist-packages/sqlalchemy/orm/session.py", line 2028, in commit
    trans.commit(_to_root=True)
  File "<string>", line 2, in commit
  File "/usr/local/lib/python3.10/dist-packages/sqlalchemy/orm/state_changes.py", line 139, in _go
    ret_value = fn(self, *arg, **kw)
  File "/usr/local/lib/python3.10/dist-packages/sqlalchemy/orm/session.py", line 1313, in commit
    self._prepare_impl()
  File "<string>", line 2, in _prepare_impl
  File "/usr/local/lib/python3.10/dist-packages/sqlalchemy/orm/state_changes.py", line 139, in _go
    ret_value = fn(self, *arg, **kw)
  File "/usr/local/lib/python3.10/dist-packages/sqlalchemy/orm/session.py", line 1288, in _prepare_impl
    self.session.flush()
  File "/usr/local/lib/python3.10/dist-packages/sqlalchemy/orm/session.py", line 4352, in flush
    self._flush(objects)
  File "/usr/local/lib/python3.10/dist-packages/sqlalchemy/orm/session.py", line 4487, in _flush
    with util.safe_reraise():
  File "/usr/local/lib/python3.10/dist-packages/sqlalchemy/util/langhelpers.py", line 146, in __exit__
    raise exc_value.with_traceback(exc_tb)
  File "/usr/local/lib/python3.10/dist-packages/sqlalchemy/orm/session.py", line 4448, in _flush
    flush_context.execute()
  File "/usr/local/lib/python3.10/dist-packages/sqlalchemy/orm/unitofwork.py", line 466, in execute
    rec.execute(self)
  File "/usr/local/lib/python3.10/dist-packages/sqlalchemy/orm/unitofwork.py", line 642, in execute
    util.preloaded.orm_persistence.save_obj(
  File "/usr/local/lib/python3.10/dist-packages/sqlalchemy/orm/persistence.py", line 93, in save_obj
    _emit_insert_statements(
  File "/usr/local/lib/python3.10/dist-packages/sqlalchemy/orm/persistence.py", line 1233, in _emit_insert_statements
    result = connection.execute(
  File "/usr/local/lib/python3.10/dist-packages/sqlalchemy/engine/base.py", line 1418, in execute
    return meth(
  File "/usr/local/lib/python3.10/dist-packages/sqlalchemy/sql/elements.py", line 515, in _execute_on_connection
    return connection._execute_clauseelement(
  File "/usr/local/lib/python3.10/dist-packages/sqlalchemy/engine/base.py", line 1640, in _execute_clauseelement
    ret = self._execute_context(
  File "/usr/local/lib/python3.10/dist-packages/sqlalchemy/engine/base.py", line 1846, in _execute_context
    return self._exec_single_context(
  File "/usr/local/lib/python3.10/dist-packages/sqlalchemy/engine/base.py", line 1986, in _exec_single_context
    self._handle_dbapi_exception(
  File "/usr/local/lib/python3.10/dist-packages/sqlalchemy/engine/base.py", line 2355, in _handle_dbapi_exception
    raise sqlalchemy_exception.with_traceback(exc_info[2]) from e
  File "/usr/local/lib/python3.10/dist-packages/sqlalchemy/engine/base.py", line 1967, in _exec_single_context
    self.dialect.do_execute(
  File "/usr/local/lib/python3.10/dist-packages/sqlalchemy/engine/default.py", line 941, in do_execute
    cursor.execute(statement, parameters)
sqlalchemy.exc.IntegrityError: (sqlite3.IntegrityError) UNIQUE constraint failed: vip_parking_spots.spot_number
[SQL: INSERT INTO vip_parking_spots (spot_number, owner, allowed_plates, status, created_at, updated_at) VALUES (?, ?, ?, ?, ?, ?)]
[parameters: ('A05', '重复', '["粤B55555"]', 1, '2026-04-24 15:48:25.210818', '2026-04-24 15:48:25.210821')]
(Background on this error at: https://sqlalche.me/e/20/gkpj)
2026-04-24 15:48:25 | ERROR    | app.main | 未处理异常: http://testserver/api/spots - (sqlite3.IntegrityError) UNIQUE constraint failed: vip_parking_spots.spot_number
[SQL: INSERT INTO vip_parking_spots (spot_number, owner, allowed_plates, status, created_at, updated_at) VALUES (?, ?, ?, ?, ?, ?)]
[parameters: ('A05', '重复', '["粤B55555"]', 1, '2026-04-24 15:48:25.210818', '2026-04-24 15:48:25.210821')]
(Background on this error at: https://sqlalche.me/e/20/gkpj)
Traceback (most recent call last):
  File "/usr/local/lib/python3.10/dist-packages/sqlalchemy/engine/base.py", line 1967, in _exec_single_context
    self.dialect.do_execute(
  File "/usr/local/lib/python3.10/dist-packages/sqlalchemy/engine/default.py", line 941, in do_execute
    cursor.execute(statement, parameters)
sqlite3.IntegrityError: UNIQUE constraint failed: vip_parking_spots.spot_number

The above exception was the direct cause of the following exception:

Traceback (most recent call last):
  File "/usr/local/lib/python3.10/dist-packages/starlette/middleware/errors.py", line 165, in __call__
    await self.app(scope, receive, _send)
  File "/usr/local/lib/python3.10/dist-packages/starlette/middleware/exceptions.py", line 62, in __call__
    await wrap_app_handling_exceptions(self.app, conn)(scope, receive, send)
  File "/usr/local/lib/python3.10/dist-packages/starlette/_exception_handler.py", line 62, in wrapped_app
    raise exc
  File "/usr/local/lib/python3.10/dist-packages/starlette/_exception_handler.py", line 51, in wrapped_app
    await app(scope, receive, sender)
  File "/usr/local/lib/python3.10/dist-packages/starlette/routing.py", line 715, in __call__
    await self.middleware_stack(scope, receive, send)
  File "/usr/local/lib/python3.10/dist-packages/starlette/routing.py", line 735, in app
    await route.handle(scope, receive, send)
  File "/usr/local/lib/python3.10/dist-packages/starlette/routing.py", line 288, in handle
    await self.app(scope, receive, send)
  File "/usr/local/lib/python3.10/dist-packages/starlette/routing.py", line 76, in app
    await wrap_app_handling_exceptions(app, request)(scope, receive, send)
  File "/usr/local/lib/python3.10/dist-packages/starlette/_exception_handler.py", line 62, in wrapped_app
    raise exc
  File "/usr/local/lib/python3.10/dist-packages/starlette/_exception_handler.py", line 51, in wrapped_app
    await app(scope, receive, sender)
  File "/usr/local/lib/python3.10/dist-packages/starlette/routing.py", line 73, in app
    response = await f(request)
  File "/usr/local/lib/python3.10/dist-packages/fastapi/routing.py", line 301, in app
    raw_response = await run_endpoint_function(
  File "/usr/local/lib/python3.10/dist-packages/fastapi/routing.py", line 214, in run_endpoint_function
    return await run_in_threadpool(dependant.call, **values)
  File "/usr/local/lib/python3.10/dist-packages/starlette/concurrency.py", line 39, in run_in_threadpool
    return await anyio.to_thread.run_sync(func, *args)
  File "/usr/local/lib/python3.10/dist-packages/anyio/to_thread.py", line 63, in run_sync
    return await get_async_backend().run_sync_in_worker_thread(
  File "/usr/local/lib/python3.10/dist-packages/anyio/_backends/_asyncio.py", line 2518, in run_sync_in_worker_thread
    return await future
  File "/usr/local/lib/python3.10/dist-packages/anyio/_backends/_asyncio.py", line 1002, in run
    result = context.run(func, *args)
  File "/workspace/vip_parking_alert/backend/app/api/spots.py", line 83, in create_spot
    db.commit()
  File "/usr/local/lib/python3.10/dist-packages/sqlalchemy/orm/session.py", line 2028, in commit
    trans.commit(_to_root=True)
  File "<string>", line 2, in commit
  File "/usr/local/lib/python3.10/dist-packages/sqlalchemy/orm/state_changes.py", line 139, in _go
    ret_value = fn(self, *arg, **kw)
  File "/usr/local/lib/python3.10/dist-packages/sqlalchemy/orm/session.py", line 1313, in commit
    self._prepare_impl()
  File "<string>", line 2, in _prepare_impl
  File "/usr/local/lib/python3.10/dist-packages/sqlalchemy/orm/state_changes.py", line 139, in _go
    ret_value = fn(self, *arg, **kw)
  File "/usr/local/lib/python3.10/dist-packages/sqlalchemy/orm/session.py", line 1288, in _prepare_impl
    self.session.flush()
  File "/usr/local/lib/python3.10/dist-packages/sqlalchemy/orm/session.py", line 4352, in flush
    self._flush(objects)
  File "/usr/local/lib/python3.10/dist-packages/sqlalchemy/orm/session.py", line 4487, in _flush
    with util.safe_reraise():
  File "/usr/local/lib/python3.10/dist-packages/sqlalchemy/util/langhelpers.py", line 146, in __exit__
    raise exc_value.with_traceback(exc_tb)
  File "/usr/local/lib/python3.10/dist-packages/sqlalchemy/orm/session.py", line 4448, in _flush
    flush_context.execute()
  File "/usr/local/lib/python3.10/dist-packages/sqlalchemy/orm/unitofwork.py", line 466, in execute
    rec.execute(self)
  File "/usr/local/lib/python3.10/dist-packages/sqlalchemy/orm/unitofwork.py", line 642, in execute
    util.preloaded.orm_persistence.save_obj(
  File "/usr/local/lib/python3.10/dist-packages/sqlalchemy/orm/persistence.py", line 93, in save_obj
    _emit_insert_statements(
  File "/usr/local/lib/python3.10/dist-packages/sqlalchemy/orm/persistence.py", line 1233, in _emit_insert_statements
    result = connection.execute(
  File "/usr/local/lib/python3.10/dist-packages/sqlalchemy/engine/base.py", line 1418, in execute
    return meth(
  File "/usr/local/lib/python3.10/dist-packages/sqlalchemy/sql/elements.py", line 515, in _execute_on_connection
    return connection._execute_clauseelement(
  File "/usr/local/lib/python3.10/dist-packages/sqlalchemy/engine/base.py", line 1640, in _execute_clauseelement
    ret = self._execute_context(
  File "/usr/local/lib/python3.10/dist-packages/sqlalchemy/engine/base.py", line 1846, in _execute_context
    return self._exec_single_context(
  File "/usr/local/lib/python3.10/dist-packages/sqlalchemy/engine/base.py", line 1986, in _exec_single_context
    self._handle_dbapi_exception(
  File "/usr/local/lib/python3.10/dist-packages/sqlalchemy/engine/base.py", line 2355, in _handle_dbapi_exception
    raise sqlalchemy_exception.with_traceback(exc_info[2]) from e
  File "/usr/local/lib/python3.10/dist-packages/sqlalchemy/engine/base.py", line 1967, in _exec_single_context
    self.dialect.do_execute(
  File "/usr/local/lib/python3.10/dist-packages/sqlalchemy/engine/default.py", line 941, in do_execute
    cursor.execute(statement, parameters)
sqlalchemy.exc.IntegrityError: (sqlite3.IntegrityError) UNIQUE constraint failed: vip_parking_spots.spot_number
[SQL: INSERT INTO vip_parking_spots (spot_number, owner, allowed_plates, status, created_at, updated_at) VALUES (?, ?, ?, ?, ?, ?)]
[parameters: ('A05', '重复', '["粤B55555"]', 1, '2026-04-24 15:48:25.210818', '2026-04-24 15:48:25.210821')]
(Background on this error at: https://sqlalche.me/e/20/gkpj)
2026-04-24 15:48:25 | ERROR    | app.main | 未处理异常: http://testserver/api/spots - (sqlite3.IntegrityError) UNIQUE constraint failed: vip_parking_spots.spot_number
[SQL: INSERT INTO vip_parking_spots (spot_number, owner, allowed_plates, status, created_at, updated_at) VALUES (?, ?, ?, ?, ?, ?)]
[parameters: ('A05', '重复', '["粤B55555"]', 1, '2026-04-24 15:48:25.210818', '2026-04-24 15:48:25.210821')]
(Background on this error at: https://sqlalche.me/e/20/gkpj)
Traceback (most recent call last):
  File "/usr/local/lib/python3.10/dist-packages/sqlalchemy/engine/base.py", line 1967, in _exec_single_context
    self.dialect.do_execute(
  File "/usr/local/lib/python3.10/dist-packages/sqlalchemy/engine/default.py", line 941, in do_execute
    cursor.execute(statement, parameters)
sqlite3.IntegrityError: UNIQUE constraint failed: vip_parking_spots.spot_number

The above exception was the direct cause of the following exception:

Traceback (most recent call last):
  File "/usr/local/lib/python3.10/dist-packages/starlette/middleware/errors.py", line 165, in __call__
    await self.app(scope, receive, _send)
  File "/usr/local/lib/python3.10/dist-packages/starlette/middleware/exceptions.py", line 62, in __call__
    await wrap_app_handling_exceptions(self.app, conn)(scope, receive, send)
  File "/usr/local/lib/python3.10/dist-packages/starlette/_exception_handler.py", line 62, in wrapped_app
    raise exc
  File "/usr/local/lib/python3.10/dist-packages/starlette/_exception_handler.py", line 51, in wrapped_app
    await app(scope, receive, sender)
  File "/usr/local/lib/python3.10/dist-packages/starlette/routing.py", line 715, in __call__
    await self.middleware_stack(scope, receive, send)
  File "/usr/local/lib/python3.10/dist-packages/starlette/routing.py", line 735, in app
    await route.handle(scope, receive, send)
  File "/usr/local/lib/python3.10/dist-packages/starlette/routing.py", line 288, in handle
    await self.app(scope, receive, send)
  File "/usr/local/lib/python3.10/dist-packages/starlette/routing.py", line 76, in app
    await wrap_app_handling_exceptions(app, request)(scope, receive, send)
  File "/usr/local/lib/python3.10/dist-packages/starlette/_exception_handler.py", line 62, in wrapped_app
    raise exc
  File "/usr/local/lib/python3.10/dist-packages/starlette/_exception_handler.py", line 51, in wrapped_app
    await app(scope, receive, sender)
  File "/usr/local/lib/python3.10/dist-packages/starlette/routing.py", line 73, in app
    response = await f(request)
  File "/usr/local/lib/python3.10/dist-packages/fastapi/routing.py", line 301, in app
    raw_response = await run_endpoint_function(
  File "/usr/local/lib/python3.10/dist-packages/fastapi/routing.py", line 214, in run_endpoint_function
    return await run_in_threadpool(dependant.call, **values)
  File "/usr/local/lib/python3.10/dist-packages/starlette/concurrency.py", line 39, in run_in_threadpool
    return await anyio.to_thread.run_sync(func, *args)
  File "/usr/local/lib/python3.10/dist-packages/anyio/to_thread.py", line 63, in run_sync
    return await get_async_backend().run_sync_in_worker_thread(
  File "/usr/local/lib/python3.10/dist-packages/anyio/_backends/_asyncio.py", line 2518, in run_sync_in_worker_thread
    return await future
  File "/usr/local/lib/python3.10/dist-packages/anyio/_backends/_asyncio.py", line 1002, in run
    result = context.run(func, *args)
  File "/workspace/vip_parking_alert/backend/app/api/spots.py", line 83, in create_spot
    db.commit()
  File "/usr/local/lib/python3.10/dist-packages/sqlalchemy/orm/session.py", line 2028, in commit
    trans.commit(_to_root=True)
  File "<string>", line 2, in commit
  File "/usr/local/lib/python3.10/dist-packages/sqlalchemy/orm/state_changes.py", line 139, in _go
    ret_value = fn(self, *arg, **kw)
  File "/usr/local/lib/python3.10/dist-packages/sqlalchemy/orm/session.py", line 1313, in commit
    self._prepare_impl()
  File "<string>", line 2, in _prepare_impl
  File "/usr/local/lib/python3.10/dist-packages/sqlalchemy/orm/state_changes.py", line 139, in _go
    ret_value = fn(self, *arg, **kw)
  File "/usr/local/lib/python3.10/dist-packages/sqlalchemy/orm/session.py", line 1288, in _prepare_impl
    self.session.flush()
  File "/usr/local/lib/python3.10/dist-packages/sqlalchemy/orm/session.py", line 4352, in flush
    self._flush(objects)
  File "/usr/local/lib/python3.10/dist-packages/sqlalchemy/orm/session.py", line 4487, in _flush
    with util.safe_reraise():
  File "/usr/local/lib/python3.10/dist-packages/sqlalchemy/util/langhelpers.py", line 146, in __exit__
    raise exc_value.with_traceback(exc_tb)
  File "/usr/local/lib/python3.10/dist-packages/sqlalchemy/orm/session.py", line 4448, in _flush
    flush_context.execute()
  File "/usr/local/lib/python3.10/dist-packages/sqlalchemy/orm/unitofwork.py", line 466, in execute
    rec.execute(self)
  File "/usr/local/lib/python3.10/dist-packages/sqlalchemy/orm/unitofwork.py", line 642, in execute
    util.preloaded.orm_persistence.save_obj(
  File "/usr/local/lib/python3.10/dist-packages/sqlalchemy/orm/persistence.py", line 93, in save_obj
    _emit_insert_statements(
  File "/usr/local/lib/python3.10/dist-packages/sqlalchemy/orm/persistence.py", line 1233, in _emit_insert_statements
    result = connection.execute(
  File "/usr/local/lib/python3.10/dist-packages/sqlalchemy/engine/base.py", line 1418, in execute
    return meth(
  File "/usr/local/lib/python3.10/dist-packages/sqlalchemy/sql/elements.py", line 515, in _execute_on_connection
    return connection._execute_clauseelement(
  File "/usr/local/lib/python3.10/dist-packages/sqlalchemy/engine/base.py", line 1640, in _execute_clauseelement
    ret = self._execute_context(
  File "/usr/local/lib/python3.10/dist-packages/sqlalchemy/engine/base.py", line 1846, in _execute_context
    return self._exec_single_context(
  File "/usr/local/lib/python3.10/dist-packages/sqlalchemy/engine/base.py", line 1986, in _exec_single_context
    self._handle_dbapi_exception(
  File "/usr/local/lib/python3.10/dist-packages/sqlalchemy/engine/base.py", line 2355, in _handle_dbapi_exception
    raise sqlalchemy_exception.with_traceback(exc_info[2]) from e
  File "/usr/local/lib/python3.10/dist-packages/sqlalchemy/engine/base.py", line 1967, in _exec_single_context
    self.dialect.do_execute(
  File "/usr/local/lib/python3.10/dist-packages/sqlalchemy/engine/default.py", line 941, in do_execute
    cursor.execute(statement, parameters)
sqlalchemy.exc.IntegrityError: (sqlite3.IntegrityError) UNIQUE constraint failed: vip_parking_spots.spot_number
[SQL: INSERT INTO vip_parking_spots (spot_number, owner, allowed_plates, status, created_at, updated_at) VALUES (?, ?, ?, ?, ?, ?)]
[parameters: ('A05', '重复', '["粤B55555"]', 1, '2026-04-24 15:48:25.210818', '2026-04-24 15:48:25.210821')]
(Background on this error at: https://sqlalche.me/e/20/gkpj)
2026-04-24 15:48:26 | INFO     | app.scheduler.setup | APScheduler调度器已关闭
2026-04-24 15:48:26 | INFO     | app.scheduler.setup | APScheduler调度器已关闭
2026-04-24 15:48:26 | INFO     | app.scheduler.setup | APScheduler调度器已关闭
2026-04-24 15:48:26 | INFO     | app.scheduler.setup | APScheduler调度器已关闭
2026-04-24 15:48:26 | INFO     | app.scheduler.setup | APScheduler调度器已关闭
2026-04-24 15:48:26 | INFO     | app.main | VIP车位告警系统已关闭
2026-04-24 15:48:26 | INFO     | app.main | VIP车位告警系统已关闭
2026-04-24 15:48:26 | INFO     | app.main | VIP车位告警系统已关闭
2026-04-24 15:48:26 | INFO     | app.main | VIP车位告警系统已关闭
2026-04-24 15:48:26 | INFO     | app.main | VIP车位告警系统已关闭
2026-04-24 15:48:56 | INFO     | app.main | VIP车位告警系统启动中...
2026-04-24 15:48:56 | INFO     | app.scheduler.setup | APScheduler调度器已启动
2026-04-24 15:48:56 | INFO     | app.api.contacts | 新增联系人: id=1, name=张三
2026-04-24 15:48:56 | INFO     | httpx | HTTP Request: POST http://testserver/api/contacts "HTTP/1.1 200 OK"
2026-04-24 15:48:56 | INFO     | app.scheduler.setup | APScheduler调度器已关闭
2026-04-24 15:48:56 | INFO     | app.main | VIP车位告警系统已关闭
2026-04-24 15:48:56 | INFO     | app.main | VIP车位告警系统启动中...
2026-04-24 15:48:56 | INFO     | app.main | VIP车位告警系统启动中...
2026-04-24 15:48:56 | INFO     | app.scheduler.setup | APScheduler调度器已启动
2026-04-24 15:48:56 | INFO     | app.scheduler.setup | APScheduler调度器已启动
2026-04-24 15:48:56 | INFO     | app.api.contacts | 查询通讯录列表: page=1, page_size=20, total=0
2026-04-24 15:48:56 | INFO     | app.api.contacts | 查询通讯录列表: page=1, page_size=20, total=0
2026-04-24 15:48:56 | INFO     | httpx | HTTP Request: GET http://testserver/api/contacts "HTTP/1.1 200 OK"
2026-04-24 15:48:56 | INFO     | httpx | HTTP Request: GET http://testserver/api/contacts "HTTP/1.1 200 OK"
2026-04-24 15:48:56 | INFO     | app.scheduler.setup | APScheduler调度器已关闭
2026-04-24 15:48:56 | INFO     | app.scheduler.setup | APScheduler调度器已关闭
2026-04-24 15:48:56 | INFO     | app.main | VIP车位告警系统已关闭
2026-04-24 15:48:56 | INFO     | app.main | VIP车位告警系统已关闭
2026-04-24 15:48:56 | INFO     | app.main | VIP车位告警系统启动中...
2026-04-24 15:48:56 | INFO     | app.main | VIP车位告警系统启动中...
2026-04-24 15:48:56 | INFO     | app.main | VIP车位告警系统启动中...
2026-04-24 15:48:56 | INFO     | app.scheduler.setup | APScheduler调度器已启动
2026-04-24 15:48:56 | INFO     | app.scheduler.setup | APScheduler调度器已启动
2026-04-24 15:48:56 | INFO     | app.scheduler.setup | APScheduler调度器已启动
2026-04-24 15:48:56 | INFO     | app.api.contacts | 新增联系人: id=1, name=李四
2026-04-24 15:48:56 | INFO     | app.api.contacts | 新增联系人: id=1, name=李四
2026-04-24 15:48:56 | INFO     | app.api.contacts | 新增联系人: id=1, name=李四
2026-04-24 15:48:56 | INFO     | httpx | HTTP Request: POST http://testserver/api/contacts "HTTP/1.1 200 OK"
2026-04-24 15:48:56 | INFO     | httpx | HTTP Request: POST http://testserver/api/contacts "HTTP/1.1 200 OK"
2026-04-24 15:48:56 | INFO     | httpx | HTTP Request: POST http://testserver/api/contacts "HTTP/1.1 200 OK"
2026-04-24 15:48:56 | INFO     | app.api.contacts | 编辑联系人: id=1, name=李四更新
2026-04-24 15:48:56 | INFO     | app.api.contacts | 编辑联系人: id=1, name=李四更新
2026-04-24 15:48:56 | INFO     | app.api.contacts | 编辑联系人: id=1, name=李四更新
2026-04-24 15:48:56 | INFO     | httpx | HTTP Request: PUT http://testserver/api/contacts/1 "HTTP/1.1 200 OK"
2026-04-24 15:48:56 | INFO     | httpx | HTTP Request: PUT http://testserver/api/contacts/1 "HTTP/1.1 200 OK"
2026-04-24 15:48:56 | INFO     | httpx | HTTP Request: PUT http://testserver/api/contacts/1 "HTTP/1.1 200 OK"
2026-04-24 15:48:56 | INFO     | app.scheduler.setup | APScheduler调度器已关闭
2026-04-24 15:48:56 | INFO     | app.scheduler.setup | APScheduler调度器已关闭
2026-04-24 15:48:56 | INFO     | app.scheduler.setup | APScheduler调度器已关闭
2026-04-24 15:48:56 | INFO     | app.main | VIP车位告警系统已关闭
2026-04-24 15:48:56 | INFO     | app.main | VIP车位告警系统已关闭
2026-04-24 15:48:56 | INFO     | app.main | VIP车位告警系统已关闭
2026-04-24 15:48:56 | INFO     | app.main | VIP车位告警系统启动中...
2026-04-24 15:48:56 | INFO     | app.main | VIP车位告警系统启动中...
2026-04-24 15:48:56 | INFO     | app.main | VIP车位告警系统启动中...
2026-04-24 15:48:56 | INFO     | app.main | VIP车位告警系统启动中...
2026-04-24 15:48:56 | INFO     | app.scheduler.setup | APScheduler调度器已启动
2026-04-24 15:48:56 | INFO     | app.scheduler.setup | APScheduler调度器已启动
2026-04-24 15:48:56 | INFO     | app.scheduler.setup | APScheduler调度器已启动
2026-04-24 15:48:56 | INFO     | app.scheduler.setup | APScheduler调度器已启动
2026-04-24 15:48:56 | INFO     | app.api.contacts | 新增联系人: id=1, name=王五
2026-04-24 15:48:56 | INFO     | app.api.contacts | 新增联系人: id=1, name=王五
2026-04-24 15:48:56 | INFO     | app.api.contacts | 新增联系人: id=1, name=王五
2026-04-24 15:48:56 | INFO     | app.api.contacts | 新增联系人: id=1, name=王五
2026-04-24 15:48:56 | INFO     | httpx | HTTP Request: POST http://testserver/api/contacts "HTTP/1.1 200 OK"
2026-04-24 15:48:56 | INFO     | httpx | HTTP Request: POST http://testserver/api/contacts "HTTP/1.1 200 OK"
2026-04-24 15:48:56 | INFO     | httpx | HTTP Request: POST http://testserver/api/contacts "HTTP/1.1 200 OK"
2026-04-24 15:48:56 | INFO     | httpx | HTTP Request: POST http://testserver/api/contacts "HTTP/1.1 200 OK"
2026-04-24 15:48:56 | INFO     | app.api.contacts | 删除联系人: id=1
2026-04-24 15:48:56 | INFO     | app.api.contacts | 删除联系人: id=1
2026-04-24 15:48:56 | INFO     | app.api.contacts | 删除联系人: id=1
2026-04-24 15:48:56 | INFO     | app.api.contacts | 删除联系人: id=1
2026-04-24 15:48:56 | INFO     | httpx | HTTP Request: DELETE http://testserver/api/contacts/1 "HTTP/1.1 200 OK"
2026-04-24 15:48:56 | INFO     | httpx | HTTP Request: DELETE http://testserver/api/contacts/1 "HTTP/1.1 200 OK"
2026-04-24 15:48:56 | INFO     | httpx | HTTP Request: DELETE http://testserver/api/contacts/1 "HTTP/1.1 200 OK"
2026-04-24 15:48:56 | INFO     | httpx | HTTP Request: DELETE http://testserver/api/contacts/1 "HTTP/1.1 200 OK"
2026-04-24 15:48:56 | INFO     | app.scheduler.setup | APScheduler调度器已关闭
2026-04-24 15:48:56 | INFO     | app.scheduler.setup | APScheduler调度器已关闭
2026-04-24 15:48:56 | INFO     | app.scheduler.setup | APScheduler调度器已关闭
2026-04-24 15:48:56 | INFO     | app.scheduler.setup | APScheduler调度器已关闭
2026-04-24 15:48:56 | INFO     | app.main | VIP车位告警系统已关闭
2026-04-24 15:48:56 | INFO     | app.main | VIP车位告警系统已关闭
2026-04-24 15:48:56 | INFO     | app.main | VIP车位告警系统已关闭
2026-04-24 15:48:56 | INFO     | app.main | VIP车位告警系统已关闭
2026-04-24 15:48:57 | INFO     | app.services.sms_sender | 短信发送成功: 13800138000
2026-04-24 15:48:57 | INFO     | app.services.sms_sender | 短信发送成功: 13800138000
2026-04-24 15:48:57 | INFO     | app.services.sms_sender | 短信发送成功: 13800138000
2026-04-24 15:48:57 | INFO     | app.services.sms_sender | 短信发送成功: 13800138000
2026-04-24 15:48:57 | WARNING  | app.services.sms_sender | 短信发送失败: 13800138000, HTTP 500, body=error
2026-04-24 15:48:57 | WARNING  | app.services.sms_sender | 短信发送失败: 13800138000, HTTP 500, body=error
2026-04-24 15:48:57 | WARNING  | app.services.sms_sender | 短信发送失败: 13800138000, HTTP 500, body=error
2026-04-24 15:48:57 | WARNING  | app.services.sms_sender | 短信发送失败: 13800138000, HTTP 500, body=error
2026-04-24 15:48:57 | ERROR    | app.services.sms_sender | 短信发送异常: 13800138000, timeout
2026-04-24 15:48:57 | ERROR    | app.services.sms_sender | 短信发送异常: 13800138000, timeout
2026-04-24 15:48:57 | ERROR    | app.services.sms_sender | 短信发送异常: 13800138000, timeout
2026-04-24 15:48:57 | ERROR    | app.services.sms_sender | 短信发送异常: 13800138000, timeout
2026-04-24 15:48:57 | INFO     | app.main | VIP车位告警系统启动中...
2026-04-24 15:48:57 | INFO     | app.main | VIP车位告警系统启动中...
2026-04-24 15:48:57 | INFO     | app.main | VIP车位告警系统启动中...
2026-04-24 15:48:57 | INFO     | app.main | VIP车位告警系统启动中...
2026-04-24 15:48:57 | INFO     | app.main | VIP车位告警系统启动中...
2026-04-24 15:48:57 | INFO     | app.scheduler.setup | APScheduler调度器已启动
2026-04-24 15:48:57 | INFO     | app.scheduler.setup | APScheduler调度器已启动
2026-04-24 15:48:57 | INFO     | app.scheduler.setup | APScheduler调度器已启动
2026-04-24 15:48:57 | INFO     | app.scheduler.setup | APScheduler调度器已启动
2026-04-24 15:48:57 | INFO     | app.scheduler.setup | APScheduler调度器已启动
2026-04-24 15:48:57 | INFO     | app.api.spots | 新增VIP车位: id=1, spot_number=A01
2026-04-24 15:48:57 | INFO     | app.api.spots | 新增VIP车位: id=1, spot_number=A01
2026-04-24 15:48:57 | INFO     | app.api.spots | 新增VIP车位: id=1, spot_number=A01
2026-04-24 15:48:57 | INFO     | app.api.spots | 新增VIP车位: id=1, spot_number=A01
2026-04-24 15:48:57 | INFO     | app.api.spots | 新增VIP车位: id=1, spot_number=A01
2026-04-24 15:48:57 | INFO     | httpx | HTTP Request: POST http://testserver/api/spots "HTTP/1.1 200 OK"
2026-04-24 15:48:57 | INFO     | httpx | HTTP Request: POST http://testserver/api/spots "HTTP/1.1 200 OK"
2026-04-24 15:48:57 | INFO     | httpx | HTTP Request: POST http://testserver/api/spots "HTTP/1.1 200 OK"
2026-04-24 15:48:57 | INFO     | httpx | HTTP Request: POST http://testserver/api/spots "HTTP/1.1 200 OK"
2026-04-24 15:48:57 | INFO     | httpx | HTTP Request: POST http://testserver/api/spots "HTTP/1.1 200 OK"
2026-04-24 15:48:57 | INFO     | app.scheduler.setup | APScheduler调度器已关闭
2026-04-24 15:48:57 | INFO     | app.scheduler.setup | APScheduler调度器已关闭
2026-04-24 15:48:57 | INFO     | app.scheduler.setup | APScheduler调度器已关闭
2026-04-24 15:48:57 | INFO     | app.scheduler.setup | APScheduler调度器已关闭
2026-04-24 15:48:57 | INFO     | app.scheduler.setup | APScheduler调度器已关闭
2026-04-24 15:48:57 | INFO     | app.main | VIP车位告警系统已关闭
2026-04-24 15:48:57 | INFO     | app.main | VIP车位告警系统已关闭
2026-04-24 15:48:57 | INFO     | app.main | VIP车位告警系统已关闭
2026-04-24 15:48:57 | INFO     | app.main | VIP车位告警系统已关闭
2026-04-24 15:48:57 | INFO     | app.main | VIP车位告警系统已关闭
2026-04-24 15:48:57 | INFO     | app.main | VIP车位告警系统启动中...
2026-04-24 15:48:57 | INFO     | app.main | VIP车位告警系统启动中...
2026-04-24 15:48:57 | INFO     | app.main | VIP车位告警系统启动中...
2026-04-24 15:48:57 | INFO     | app.main | VIP车位告警系统启动中...
2026-04-24 15:48:57 | INFO     | app.main | VIP车位告警系统启动中...
2026-04-24 15:48:57 | INFO     | app.main | VIP车位告警系统启动中...
2026-04-24 15:48:57 | INFO     | app.scheduler.setup | APScheduler调度器已启动
2026-04-24 15:48:57 | INFO     | app.scheduler.setup | APScheduler调度器已启动
2026-04-24 15:48:57 | INFO     | app.scheduler.setup | APScheduler调度器已启动
2026-04-24 15:48:57 | INFO     | app.scheduler.setup | APScheduler调度器已启动
2026-04-24 15:48:57 | INFO     | app.scheduler.setup | APScheduler调度器已启动
2026-04-24 15:48:57 | INFO     | app.scheduler.setup | APScheduler调度器已启动
2026-04-24 15:48:57 | INFO     | app.api.spots | 新增VIP车位: id=1, spot_number=A02
2026-04-24 15:48:57 | INFO     | app.api.spots | 新增VIP车位: id=1, spot_number=A02
2026-04-24 15:48:57 | INFO     | app.api.spots | 新增VIP车位: id=1, spot_number=A02
2026-04-24 15:48:57 | INFO     | app.api.spots | 新增VIP车位: id=1, spot_number=A02
2026-04-24 15:48:57 | INFO     | app.api.spots | 新增VIP车位: id=1, spot_number=A02
2026-04-24 15:48:57 | INFO     | app.api.spots | 新增VIP车位: id=1, spot_number=A02
2026-04-24 15:48:57 | INFO     | httpx | HTTP Request: POST http://testserver/api/spots "HTTP/1.1 200 OK"
2026-04-24 15:48:57 | INFO     | httpx | HTTP Request: POST http://testserver/api/spots "HTTP/1.1 200 OK"
2026-04-24 15:48:57 | INFO     | httpx | HTTP Request: POST http://testserver/api/spots "HTTP/1.1 200 OK"
2026-04-24 15:48:57 | INFO     | httpx | HTTP Request: POST http://testserver/api/spots "HTTP/1.1 200 OK"
2026-04-24 15:48:57 | INFO     | httpx | HTTP Request: POST http://testserver/api/spots "HTTP/1.1 200 OK"
2026-04-24 15:48:57 | INFO     | httpx | HTTP Request: POST http://testserver/api/spots "HTTP/1.1 200 OK"
2026-04-24 15:48:57 | INFO     | app.api.spots | 查询VIP车位列表: page=1, page_size=20, total=1
2026-04-24 15:48:57 | INFO     | app.api.spots | 查询VIP车位列表: page=1, page_size=20, total=1
2026-04-24 15:48:57 | INFO     | app.api.spots | 查询VIP车位列表: page=1, page_size=20, total=1
2026-04-24 15:48:57 | INFO     | app.api.spots | 查询VIP车位列表: page=1, page_size=20, total=1
2026-04-24 15:48:57 | INFO     | app.api.spots | 查询VIP车位列表: page=1, page_size=20, total=1
2026-04-24 15:48:57 | INFO     | app.api.spots | 查询VIP车位列表: page=1, page_size=20, total=1
2026-04-24 15:48:57 | INFO     | httpx | HTTP Request: GET http://testserver/api/spots "HTTP/1.1 200 OK"
2026-04-24 15:48:57 | INFO     | httpx | HTTP Request: GET http://testserver/api/spots "HTTP/1.1 200 OK"
2026-04-24 15:48:57 | INFO     | httpx | HTTP Request: GET http://testserver/api/spots "HTTP/1.1 200 OK"
2026-04-24 15:48:57 | INFO     | httpx | HTTP Request: GET http://testserver/api/spots "HTTP/1.1 200 OK"
2026-04-24 15:48:57 | INFO     | httpx | HTTP Request: GET http://testserver/api/spots "HTTP/1.1 200 OK"
2026-04-24 15:48:57 | INFO     | httpx | HTTP Request: GET http://testserver/api/spots "HTTP/1.1 200 OK"
2026-04-24 15:48:57 | INFO     | app.scheduler.setup | APScheduler调度器已关闭
2026-04-24 15:48:57 | INFO     | app.scheduler.setup | APScheduler调度器已关闭
2026-04-24 15:48:57 | INFO     | app.scheduler.setup | APScheduler调度器已关闭
2026-04-24 15:48:57 | INFO     | app.scheduler.setup | APScheduler调度器已关闭
2026-04-24 15:48:57 | INFO     | app.scheduler.setup | APScheduler调度器已关闭
2026-04-24 15:48:57 | INFO     | app.scheduler.setup | APScheduler调度器已关闭
2026-04-24 15:48:57 | INFO     | app.main | VIP车位告警系统已关闭
2026-04-24 15:48:57 | INFO     | app.main | VIP车位告警系统已关闭
2026-04-24 15:48:57 | INFO     | app.main | VIP车位告警系统已关闭
2026-04-24 15:48:57 | INFO     | app.main | VIP车位告警系统已关闭
2026-04-24 15:48:57 | INFO     | app.main | VIP车位告警系统已关闭
2026-04-24 15:48:57 | INFO     | app.main | VIP车位告警系统已关闭
2026-04-24 15:48:57 | INFO     | app.main | VIP车位告警系统启动中...
2026-04-24 15:48:57 | INFO     | app.main | VIP车位告警系统启动中...
2026-04-24 15:48:57 | INFO     | app.main | VIP车位告警系统启动中...
2026-04-24 15:48:57 | INFO     | app.main | VIP车位告警系统启动中...
2026-04-24 15:48:57 | INFO     | app.main | VIP车位告警系统启动中...
2026-04-24 15:48:57 | INFO     | app.main | VIP车位告警系统启动中...
2026-04-24 15:48:57 | INFO     | app.main | VIP车位告警系统启动中...
2026-04-24 15:48:57 | INFO     | app.scheduler.setup | APScheduler调度器已启动
2026-04-24 15:48:57 | INFO     | app.scheduler.setup | APScheduler调度器已启动
2026-04-24 15:48:57 | INFO     | app.scheduler.setup | APScheduler调度器已启动
2026-04-24 15:48:57 | INFO     | app.scheduler.setup | APScheduler调度器已启动
2026-04-24 15:48:57 | INFO     | app.scheduler.setup | APScheduler调度器已启动
2026-04-24 15:48:57 | INFO     | app.scheduler.setup | APScheduler调度器已启动
2026-04-24 15:48:57 | INFO     | app.scheduler.setup | APScheduler调度器已启动
2026-04-24 15:48:57 | INFO     | app.api.spots | 新增VIP车位: id=1, spot_number=A03
2026-04-24 15:48:57 | INFO     | app.api.spots | 新增VIP车位: id=1, spot_number=A03
2026-04-24 15:48:57 | INFO     | app.api.spots | 新增VIP车位: id=1, spot_number=A03
2026-04-24 15:48:57 | INFO     | app.api.spots | 新增VIP车位: id=1, spot_number=A03
2026-04-24 15:48:57 | INFO     | app.api.spots | 新增VIP车位: id=1, spot_number=A03
2026-04-24 15:48:57 | INFO     | app.api.spots | 新增VIP车位: id=1, spot_number=A03
2026-04-24 15:48:57 | INFO     | app.api.spots | 新增VIP车位: id=1, spot_number=A03
2026-04-24 15:48:57 | INFO     | httpx | HTTP Request: POST http://testserver/api/spots "HTTP/1.1 200 OK"
2026-04-24 15:48:57 | INFO     | httpx | HTTP Request: POST http://testserver/api/spots "HTTP/1.1 200 OK"
2026-04-24 15:48:57 | INFO     | httpx | HTTP Request: POST http://testserver/api/spots "HTTP/1.1 200 OK"
2026-04-24 15:48:57 | INFO     | httpx | HTTP Request: POST http://testserver/api/spots "HTTP/1.1 200 OK"
2026-04-24 15:48:57 | INFO     | httpx | HTTP Request: POST http://testserver/api/spots "HTTP/1.1 200 OK"
2026-04-24 15:48:57 | INFO     | httpx | HTTP Request: POST http://testserver/api/spots "HTTP/1.1 200 OK"
2026-04-24 15:48:57 | INFO     | httpx | HTTP Request: POST http://testserver/api/spots "HTTP/1.1 200 OK"
2026-04-24 15:48:57 | INFO     | app.api.spots | 编辑VIP车位: id=1, spot_number=A03
2026-04-24 15:48:57 | INFO     | app.api.spots | 编辑VIP车位: id=1, spot_number=A03
2026-04-24 15:48:57 | INFO     | app.api.spots | 编辑VIP车位: id=1, spot_number=A03
2026-04-24 15:48:57 | INFO     | app.api.spots | 编辑VIP车位: id=1, spot_number=A03
2026-04-24 15:48:57 | INFO     | app.api.spots | 编辑VIP车位: id=1, spot_number=A03
2026-04-24 15:48:57 | INFO     | app.api.spots | 编辑VIP车位: id=1, spot_number=A03
2026-04-24 15:48:57 | INFO     | app.api.spots | 编辑VIP车位: id=1, spot_number=A03
2026-04-24 15:48:57 | INFO     | httpx | HTTP Request: PUT http://testserver/api/spots/1 "HTTP/1.1 200 OK"
2026-04-24 15:48:57 | INFO     | httpx | HTTP Request: PUT http://testserver/api/spots/1 "HTTP/1.1 200 OK"
2026-04-24 15:48:57 | INFO     | httpx | HTTP Request: PUT http://testserver/api/spots/1 "HTTP/1.1 200 OK"
2026-04-24 15:48:57 | INFO     | httpx | HTTP Request: PUT http://testserver/api/spots/1 "HTTP/1.1 200 OK"
2026-04-24 15:48:57 | INFO     | httpx | HTTP Request: PUT http://testserver/api/spots/1 "HTTP/1.1 200 OK"
2026-04-24 15:48:57 | INFO     | httpx | HTTP Request: PUT http://testserver/api/spots/1 "HTTP/1.1 200 OK"
2026-04-24 15:48:57 | INFO     | httpx | HTTP Request: PUT http://testserver/api/spots/1 "HTTP/1.1 200 OK"
2026-04-24 15:48:57 | INFO     | app.scheduler.setup | APScheduler调度器已关闭
2026-04-24 15:48:57 | INFO     | app.scheduler.setup | APScheduler调度器已关闭
2026-04-24 15:48:57 | INFO     | app.scheduler.setup | APScheduler调度器已关闭
2026-04-24 15:48:57 | INFO     | app.scheduler.setup | APScheduler调度器已关闭
2026-04-24 15:48:57 | INFO     | app.scheduler.setup | APScheduler调度器已关闭
2026-04-24 15:48:57 | INFO     | app.scheduler.setup | APScheduler调度器已关闭
2026-04-24 15:48:57 | INFO     | app.scheduler.setup | APScheduler调度器已关闭
2026-04-24 15:48:57 | INFO     | app.main | VIP车位告警系统已关闭
2026-04-24 15:48:57 | INFO     | app.main | VIP车位告警系统已关闭
2026-04-24 15:48:57 | INFO     | app.main | VIP车位告警系统已关闭
2026-04-24 15:48:57 | INFO     | app.main | VIP车位告警系统已关闭
2026-04-24 15:48:57 | INFO     | app.main | VIP车位告警系统已关闭
2026-04-24 15:48:57 | INFO     | app.main | VIP车位告警系统已关闭
2026-04-24 15:48:57 | INFO     | app.main | VIP车位告警系统已关闭
2026-04-24 15:48:57 | INFO     | app.main | VIP车位告警系统启动中...
2026-04-24 15:48:57 | INFO     | app.main | VIP车位告警系统启动中...
2026-04-24 15:48:57 | INFO     | app.main | VIP车位告警系统启动中...
2026-04-24 15:48:57 | INFO     | app.main | VIP车位告警系统启动中...
2026-04-24 15:48:57 | INFO     | app.main | VIP车位告警系统启动中...
2026-04-24 15:48:57 | INFO     | app.main | VIP车位告警系统启动中...
2026-04-24 15:48:57 | INFO     | app.main | VIP车位告警系统启动中...
2026-04-24 15:48:57 | INFO     | app.main | VIP车位告警系统启动中...
2026-04-24 15:48:57 | INFO     | app.scheduler.setup | APScheduler调度器已启动
2026-04-24 15:48:57 | INFO     | app.scheduler.setup | APScheduler调度器已启动
2026-04-24 15:48:57 | INFO     | app.scheduler.setup | APScheduler调度器已启动
2026-04-24 15:48:57 | INFO     | app.scheduler.setup | APScheduler调度器已启动
2026-04-24 15:48:57 | INFO     | app.scheduler.setup | APScheduler调度器已启动
2026-04-24 15:48:57 | INFO     | app.scheduler.setup | APScheduler调度器已启动
2026-04-24 15:48:57 | INFO     | app.scheduler.setup | APScheduler调度器已启动
2026-04-24 15:48:57 | INFO     | app.scheduler.setup | APScheduler调度器已启动
2026-04-24 15:48:57 | INFO     | app.api.spots | 新增VIP车位: id=1, spot_number=A04
2026-04-24 15:48:57 | INFO     | app.api.spots | 新增VIP车位: id=1, spot_number=A04
2026-04-24 15:48:57 | INFO     | app.api.spots | 新增VIP车位: id=1, spot_number=A04
2026-04-24 15:48:57 | INFO     | app.api.spots | 新增VIP车位: id=1, spot_number=A04
2026-04-24 15:48:57 | INFO     | app.api.spots | 新增VIP车位: id=1, spot_number=A04
2026-04-24 15:48:57 | INFO     | app.api.spots | 新增VIP车位: id=1, spot_number=A04
2026-04-24 15:48:57 | INFO     | app.api.spots | 新增VIP车位: id=1, spot_number=A04
2026-04-24 15:48:57 | INFO     | app.api.spots | 新增VIP车位: id=1, spot_number=A04
2026-04-24 15:48:57 | INFO     | httpx | HTTP Request: POST http://testserver/api/spots "HTTP/1.1 200 OK"
2026-04-24 15:48:57 | INFO     | httpx | HTTP Request: POST http://testserver/api/spots "HTTP/1.1 200 OK"
2026-04-24 15:48:57 | INFO     | httpx | HTTP Request: POST http://testserver/api/spots "HTTP/1.1 200 OK"
2026-04-24 15:48:57 | INFO     | httpx | HTTP Request: POST http://testserver/api/spots "HTTP/1.1 200 OK"
2026-04-24 15:48:57 | INFO     | httpx | HTTP Request: POST http://testserver/api/spots "HTTP/1.1 200 OK"
2026-04-24 15:48:57 | INFO     | httpx | HTTP Request: POST http://testserver/api/spots "HTTP/1.1 200 OK"
2026-04-24 15:48:57 | INFO     | httpx | HTTP Request: POST http://testserver/api/spots "HTTP/1.1 200 OK"
2026-04-24 15:48:57 | INFO     | httpx | HTTP Request: POST http://testserver/api/spots "HTTP/1.1 200 OK"
2026-04-24 15:48:57 | INFO     | app.api.spots | 删除VIP车位: id=1, spot_number=A04
2026-04-24 15:48:57 | INFO     | app.api.spots | 删除VIP车位: id=1, spot_number=A04
2026-04-24 15:48:57 | INFO     | app.api.spots | 删除VIP车位: id=1, spot_number=A04
2026-04-24 15:48:57 | INFO     | app.api.spots | 删除VIP车位: id=1, spot_number=A04
2026-04-24 15:48:57 | INFO     | app.api.spots | 删除VIP车位: id=1, spot_number=A04
2026-04-24 15:48:57 | INFO     | app.api.spots | 删除VIP车位: id=1, spot_number=A04
2026-04-24 15:48:57 | INFO     | app.api.spots | 删除VIP车位: id=1, spot_number=A04
2026-04-24 15:48:57 | INFO     | app.api.spots | 删除VIP车位: id=1, spot_number=A04
2026-04-24 15:48:57 | INFO     | httpx | HTTP Request: DELETE http://testserver/api/spots/1 "HTTP/1.1 200 OK"
2026-04-24 15:48:57 | INFO     | httpx | HTTP Request: DELETE http://testserver/api/spots/1 "HTTP/1.1 200 OK"
2026-04-24 15:48:57 | INFO     | httpx | HTTP Request: DELETE http://testserver/api/spots/1 "HTTP/1.1 200 OK"
2026-04-24 15:48:57 | INFO     | httpx | HTTP Request: DELETE http://testserver/api/spots/1 "HTTP/1.1 200 OK"
2026-04-24 15:48:57 | INFO     | httpx | HTTP Request: DELETE http://testserver/api/spots/1 "HTTP/1.1 200 OK"
2026-04-24 15:48:57 | INFO     | httpx | HTTP Request: DELETE http://testserver/api/spots/1 "HTTP/1.1 200 OK"
2026-04-24 15:48:57 | INFO     | httpx | HTTP Request: DELETE http://testserver/api/spots/1 "HTTP/1.1 200 OK"
2026-04-24 15:48:57 | INFO     | httpx | HTTP Request: DELETE http://testserver/api/spots/1 "HTTP/1.1 200 OK"
2026-04-24 15:48:57 | INFO     | app.scheduler.setup | APScheduler调度器已关闭
2026-04-24 15:48:57 | INFO     | app.scheduler.setup | APScheduler调度器已关闭
2026-04-24 15:48:57 | INFO     | app.scheduler.setup | APScheduler调度器已关闭
2026-04-24 15:48:57 | INFO     | app.scheduler.setup | APScheduler调度器已关闭
2026-04-24 15:48:57 | INFO     | app.scheduler.setup | APScheduler调度器已关闭
2026-04-24 15:48:57 | INFO     | app.scheduler.setup | APScheduler调度器已关闭
2026-04-24 15:48:57 | INFO     | app.scheduler.setup | APScheduler调度器已关闭
2026-04-24 15:48:57 | INFO     | app.scheduler.setup | APScheduler调度器已关闭
2026-04-24 15:48:57 | INFO     | app.main | VIP车位告警系统已关闭
2026-04-24 15:48:57 | INFO     | app.main | VIP车位告警系统已关闭
2026-04-24 15:48:57 | INFO     | app.main | VIP车位告警系统已关闭
2026-04-24 15:48:57 | INFO     | app.main | VIP车位告警系统已关闭
2026-04-24 15:48:57 | INFO     | app.main | VIP车位告警系统已关闭
2026-04-24 15:48:57 | INFO     | app.main | VIP车位告警系统已关闭
2026-04-24 15:48:57 | INFO     | app.main | VIP车位告警系统已关闭
2026-04-24 15:48:57 | INFO     | app.main | VIP车位告警系统已关闭
2026-04-24 15:48:57 | INFO     | app.main | VIP车位告警系统启动中...
2026-04-24 15:48:57 | INFO     | app.main | VIP车位告警系统启动中...
2026-04-24 15:48:57 | INFO     | app.main | VIP车位告警系统启动中...
2026-04-24 15:48:57 | INFO     | app.main | VIP车位告警系统启动中...
2026-04-24 15:48:57 | INFO     | app.main | VIP车位告警系统启动中...
2026-04-24 15:48:57 | INFO     | app.main | VIP车位告警系统启动中...
2026-04-24 15:48:57 | INFO     | app.main | VIP车位告警系统启动中...
2026-04-24 15:48:57 | INFO     | app.main | VIP车位告警系统启动中...
2026-04-24 15:48:57 | INFO     | app.main | VIP车位告警系统启动中...
2026-04-24 15:48:57 | INFO     | app.scheduler.setup | APScheduler调度器已启动
2026-04-24 15:48:57 | INFO     | app.scheduler.setup | APScheduler调度器已启动
2026-04-24 15:48:57 | INFO     | app.scheduler.setup | APScheduler调度器已启动
2026-04-24 15:48:57 | INFO     | app.scheduler.setup | APScheduler调度器已启动
2026-04-24 15:48:57 | INFO     | app.scheduler.setup | APScheduler调度器已启动
2026-04-24 15:48:57 | INFO     | app.scheduler.setup | APScheduler调度器已启动
2026-04-24 15:48:57 | INFO     | app.scheduler.setup | APScheduler调度器已启动
2026-04-24 15:48:57 | INFO     | app.scheduler.setup | APScheduler调度器已启动
2026-04-24 15:48:57 | INFO     | app.scheduler.setup | APScheduler调度器已启动
2026-04-24 15:48:57 | INFO     | app.api.spots | 新增VIP车位: id=1, spot_number=A05
2026-04-24 15:48:57 | INFO     | app.api.spots | 新增VIP车位: id=1, spot_number=A05
2026-04-24 15:48:57 | INFO     | app.api.spots | 新增VIP车位: id=1, spot_number=A05
2026-04-24 15:48:57 | INFO     | app.api.spots | 新增VIP车位: id=1, spot_number=A05
2026-04-24 15:48:57 | INFO     | app.api.spots | 新增VIP车位: id=1, spot_number=A05
2026-04-24 15:48:57 | INFO     | app.api.spots | 新增VIP车位: id=1, spot_number=A05
2026-04-24 15:48:57 | INFO     | app.api.spots | 新增VIP车位: id=1, spot_number=A05
2026-04-24 15:48:57 | INFO     | app.api.spots | 新增VIP车位: id=1, spot_number=A05
2026-04-24 15:48:57 | INFO     | app.api.spots | 新增VIP车位: id=1, spot_number=A05
2026-04-24 15:48:57 | INFO     | httpx | HTTP Request: POST http://testserver/api/spots "HTTP/1.1 200 OK"
2026-04-24 15:48:57 | INFO     | httpx | HTTP Request: POST http://testserver/api/spots "HTTP/1.1 200 OK"
2026-04-24 15:48:57 | INFO     | httpx | HTTP Request: POST http://testserver/api/spots "HTTP/1.1 200 OK"
2026-04-24 15:48:57 | INFO     | httpx | HTTP Request: POST http://testserver/api/spots "HTTP/1.1 200 OK"
2026-04-24 15:48:57 | INFO     | httpx | HTTP Request: POST http://testserver/api/spots "HTTP/1.1 200 OK"
2026-04-24 15:48:57 | INFO     | httpx | HTTP Request: POST http://testserver/api/spots "HTTP/1.1 200 OK"
2026-04-24 15:48:57 | INFO     | httpx | HTTP Request: POST http://testserver/api/spots "HTTP/1.1 200 OK"
2026-04-24 15:48:57 | INFO     | httpx | HTTP Request: POST http://testserver/api/spots "HTTP/1.1 200 OK"
2026-04-24 15:48:57 | INFO     | httpx | HTTP Request: POST http://testserver/api/spots "HTTP/1.1 200 OK"
2026-04-24 15:48:57 | ERROR    | app.main | 未处理异常: http://testserver/api/spots - (sqlite3.IntegrityError) UNIQUE constraint failed: vip_parking_spots.spot_number
[SQL: INSERT INTO vip_parking_spots (spot_number, owner, allowed_plates, status, created_at, updated_at) VALUES (?, ?, ?, ?, ?, ?)]
[parameters: ('A05', '重复', '["粤B55555"]', 1, '2026-04-24 15:48:57.580861', '2026-04-24 15:48:57.580863')]
(Background on this error at: https://sqlalche.me/e/20/gkpj)
Traceback (most recent call last):
  File "/usr/local/lib/python3.10/dist-packages/sqlalchemy/engine/base.py", line 1967, in _exec_single_context
    self.dialect.do_execute(
  File "/usr/local/lib/python3.10/dist-packages/sqlalchemy/engine/default.py", line 941, in do_execute
    cursor.execute(statement, parameters)
sqlite3.IntegrityError: UNIQUE constraint failed: vip_parking_spots.spot_number

The above exception was the direct cause of the following exception:

Traceback (most recent call last):
  File "/usr/local/lib/python3.10/dist-packages/starlette/middleware/errors.py", line 165, in __call__
    await self.app(scope, receive, _send)
  File "/usr/local/lib/python3.10/dist-packages/starlette/middleware/exceptions.py", line 62, in __call__
    await wrap_app_handling_exceptions(self.app, conn)(scope, receive, send)
  File "/usr/local/lib/python3.10/dist-packages/starlette/_exception_handler.py", line 62, in wrapped_app
    raise exc
  File "/usr/local/lib/python3.10/dist-packages/starlette/_exception_handler.py", line 51, in wrapped_app
    await app(scope, receive, sender)
  File "/usr/local/lib/python3.10/dist-packages/starlette/routing.py", line 715, in __call__
    await self.middleware_stack(scope, receive, send)
  File "/usr/local/lib/python3.10/dist-packages/starlette/routing.py", line 735, in app
    await route.handle(scope, receive, send)
  File "/usr/local/lib/python3.10/dist-packages/starlette/routing.py", line 288, in handle
    await self.app(scope, receive, send)
  File "/usr/local/lib/python3.10/dist-packages/starlette/routing.py", line 76, in app
    await wrap_app_handling_exceptions(app, request)(scope, receive, send)
  File "/usr/local/lib/python3.10/dist-packages/starlette/_exception_handler.py", line 62, in wrapped_app
    raise exc
  File "/usr/local/lib/python3.10/dist-packages/starlette/_exception_handler.py", line 51, in wrapped_app
    await app(scope, receive, sender)
  File "/usr/local/lib/python3.10/dist-packages/starlette/routing.py", line 73, in app
    response = await f(request)
  File "/usr/local/lib/python3.10/dist-packages/fastapi/routing.py", line 301, in app
    raw_response = await run_endpoint_function(
  File "/usr/local/lib/python3.10/dist-packages/fastapi/routing.py", line 214, in run_endpoint_function
    return await run_in_threadpool(dependant.call, **values)
  File "/usr/local/lib/python3.10/dist-packages/starlette/concurrency.py", line 39, in run_in_threadpool
    return await anyio.to_thread.run_sync(func, *args)
  File "/usr/local/lib/python3.10/dist-packages/anyio/to_thread.py", line 63, in run_sync
    return await get_async_backend().run_sync_in_worker_thread(
  File "/usr/local/lib/python3.10/dist-packages/anyio/_backends/_asyncio.py", line 2518, in run_sync_in_worker_thread
    return await future
  File "/usr/local/lib/python3.10/dist-packages/anyio/_backends/_asyncio.py", line 1002, in run
    result = context.run(func, *args)
  File "/workspace/vip_parking_alert/backend/app/api/spots.py", line 83, in create_spot
    db.commit()
  File "/usr/local/lib/python3.10/dist-packages/sqlalchemy/orm/session.py", line 2028, in commit
    trans.commit(_to_root=True)
  File "<string>", line 2, in commit
  File "/usr/local/lib/python3.10/dist-packages/sqlalchemy/orm/state_changes.py", line 139, in _go
    ret_value = fn(self, *arg, **kw)
  File "/usr/local/lib/python3.10/dist-packages/sqlalchemy/orm/session.py", line 1313, in commit
    self._prepare_impl()
  File "<string>", line 2, in _prepare_impl
  File "/usr/local/lib/python3.10/dist-packages/sqlalchemy/orm/state_changes.py", line 139, in _go
    ret_value = fn(self, *arg, **kw)
  File "/usr/local/lib/python3.10/dist-packages/sqlalchemy/orm/session.py", line 1288, in _prepare_impl
    self.session.flush()
  File "/usr/local/lib/python3.10/dist-packages/sqlalchemy/orm/session.py", line 4352, in flush
    self._flush(objects)
  File "/usr/local/lib/python3.10/dist-packages/sqlalchemy/orm/session.py", line 4487, in _flush
    with util.safe_reraise():
  File "/usr/local/lib/python3.10/dist-packages/sqlalchemy/util/langhelpers.py", line 146, in __exit__
    raise exc_value.with_traceback(exc_tb)
  File "/usr/local/lib/python3.10/dist-packages/sqlalchemy/orm/session.py", line 4448, in _flush
    flush_context.execute()
  File "/usr/local/lib/python3.10/dist-packages/sqlalchemy/orm/unitofwork.py", line 466, in execute
    rec.execute(self)
  File "/usr/local/lib/python3.10/dist-packages/sqlalchemy/orm/unitofwork.py", line 642, in execute
    util.preloaded.orm_persistence.save_obj(
  File "/usr/local/lib/python3.10/dist-packages/sqlalchemy/orm/persistence.py", line 93, in save_obj
    _emit_insert_statements(
  File "/usr/local/lib/python3.10/dist-packages/sqlalchemy/orm/persistence.py", line 1233, in _emit_insert_statements
    result = connection.execute(
  File "/usr/local/lib/python3.10/dist-packages/sqlalchemy/engine/base.py", line 1418, in execute
    return meth(
  File "/usr/local/lib/python3.10/dist-packages/sqlalchemy/sql/elements.py", line 515, in _execute_on_connection
    return connection._execute_clauseelement(
  File "/usr/local/lib/python3.10/dist-packages/sqlalchemy/engine/base.py", line 1640, in _execute_clauseelement
    ret = self._execute_context(
  File "/usr/local/lib/python3.10/dist-packages/sqlalchemy/engine/base.py", line 1846, in _execute_context
    return self._exec_single_context(
  File "/usr/local/lib/python3.10/dist-packages/sqlalchemy/engine/base.py", line 1986, in _exec_single_context
    self._handle_dbapi_exception(
  File "/usr/local/lib/python3.10/dist-packages/sqlalchemy/engine/base.py", line 2355, in _handle_dbapi_exception
    raise sqlalchemy_exception.with_traceback(exc_info[2]) from e
  File "/usr/local/lib/python3.10/dist-packages/sqlalchemy/engine/base.py", line 1967, in _exec_single_context
    self.dialect.do_execute(
  File "/usr/local/lib/python3.10/dist-packages/sqlalchemy/engine/default.py", line 941, in do_execute
    cursor.execute(statement, parameters)
sqlalchemy.exc.IntegrityError: (sqlite3.IntegrityError) UNIQUE constraint failed: vip_parking_spots.spot_number
[SQL: INSERT INTO vip_parking_spots (spot_number, owner, allowed_plates, status, created_at, updated_at) VALUES (?, ?, ?, ?, ?, ?)]
[parameters: ('A05', '重复', '["粤B55555"]', 1, '2026-04-24 15:48:57.580861', '2026-04-24 15:48:57.580863')]
(Background on this error at: https://sqlalche.me/e/20/gkpj)
2026-04-24 15:48:57 | ERROR    | app.main | 未处理异常: http://testserver/api/spots - (sqlite3.IntegrityError) UNIQUE constraint failed: vip_parking_spots.spot_number
[SQL: INSERT INTO vip_parking_spots (spot_number, owner, allowed_plates, status, created_at, updated_at) VALUES (?, ?, ?, ?, ?, ?)]
[parameters: ('A05', '重复', '["粤B55555"]', 1, '2026-04-24 15:48:57.580861', '2026-04-24 15:48:57.580863')]
(Background on this error at: https://sqlalche.me/e/20/gkpj)
Traceback (most recent call last):
  File "/usr/local/lib/python3.10/dist-packages/sqlalchemy/engine/base.py", line 1967, in _exec_single_context
    self.dialect.do_execute(
  File "/usr/local/lib/python3.10/dist-packages/sqlalchemy/engine/default.py", line 941, in do_execute
    cursor.execute(statement, parameters)
sqlite3.IntegrityError: UNIQUE constraint failed: vip_parking_spots.spot_number

The above exception was the direct cause of the following exception:

Traceback (most recent call last):
  File "/usr/local/lib/python3.10/dist-packages/starlette/middleware/errors.py", line 165, in __call__
    await self.app(scope, receive, _send)
  File "/usr/local/lib/python3.10/dist-packages/starlette/middleware/exceptions.py", line 62, in __call__
    await wrap_app_handling_exceptions(self.app, conn)(scope, receive, send)
  File "/usr/local/lib/python3.10/dist-packages/starlette/_exception_handler.py", line 62, in wrapped_app
    raise exc
  File "/usr/local/lib/python3.10/dist-packages/starlette/_exception_handler.py", line 51, in wrapped_app
    await app(scope, receive, sender)
  File "/usr/local/lib/python3.10/dist-packages/starlette/routing.py", line 715, in __call__
    await self.middleware_stack(scope, receive, send)
  File "/usr/local/lib/python3.10/dist-packages/starlette/routing.py", line 735, in app
    await route.handle(scope, receive, send)
  File "/usr/local/lib/python3.10/dist-packages/starlette/routing.py", line 288, in handle
    await self.app(scope, receive, send)
  File "/usr/local/lib/python3.10/dist-packages/starlette/routing.py", line 76, in app
    await wrap_app_handling_exceptions(app, request)(scope, receive, send)
  File "/usr/local/lib/python3.10/dist-packages/starlette/_exception_handler.py", line 62, in wrapped_app
    raise exc
  File "/usr/local/lib/python3.10/dist-packages/starlette/_exception_handler.py", line 51, in wrapped_app
    await app(scope, receive, sender)
  File "/usr/local/lib/python3.10/dist-packages/starlette/routing.py", line 73, in app
    response = await f(request)
  File "/usr/local/lib/python3.10/dist-packages/fastapi/routing.py", line 301, in app
    raw_response = await run_endpoint_function(
  File "/usr/local/lib/python3.10/dist-packages/fastapi/routing.py", line 214, in run_endpoint_function
    return await run_in_threadpool(dependant.call, **values)
  File "/usr/local/lib/python3.10/dist-packages/starlette/concurrency.py", line 39, in run_in_threadpool
    return await anyio.to_thread.run_sync(func, *args)
  File "/usr/local/lib/python3.10/dist-packages/anyio/to_thread.py", line 63, in run_sync
    return await get_async_backend().run_sync_in_worker_thread(
  File "/usr/local/lib/python3.10/dist-packages/anyio/_backends/_asyncio.py", line 2518, in run_sync_in_worker_thread
    return await future
  File "/usr/local/lib/python3.10/dist-packages/anyio/_backends/_asyncio.py", line 1002, in run
    result = context.run(func, *args)
  File "/workspace/vip_parking_alert/backend/app/api/spots.py", line 83, in create_spot
    db.commit()
  File "/usr/local/lib/python3.10/dist-packages/sqlalchemy/orm/session.py", line 2028, in commit
    trans.commit(_to_root=True)
  File "<string>", line 2, in commit
  File "/usr/local/lib/python3.10/dist-packages/sqlalchemy/orm/state_changes.py", line 139, in _go
    ret_value = fn(self, *arg, **kw)
  File "/usr/local/lib/python3.10/dist-packages/sqlalchemy/orm/session.py", line 1313, in commit
    self._prepare_impl()
  File "<string>", line 2, in _prepare_impl
  File "/usr/local/lib/python3.10/dist-packages/sqlalchemy/orm/state_changes.py", line 139, in _go
    ret_value = fn(self, *arg, **kw)
  File "/usr/local/lib/python3.10/dist-packages/sqlalchemy/orm/session.py", line 1288, in _prepare_impl
    self.session.flush()
  File "/usr/local/lib/python3.10/dist-packages/sqlalchemy/orm/session.py", line 4352, in flush
    self._flush(objects)
  File "/usr/local/lib/python3.10/dist-packages/sqlalchemy/orm/session.py", line 4487, in _flush
    with util.safe_reraise():
  File "/usr/local/lib/python3.10/dist-packages/sqlalchemy/util/langhelpers.py", line 146, in __exit__
    raise exc_value.with_traceback(exc_tb)
  File "/usr/local/lib/python3.10/dist-packages/sqlalchemy/orm/session.py", line 4448, in _flush
    flush_context.execute()
  File "/usr/local/lib/python3.10/dist-packages/sqlalchemy/orm/unitofwork.py", line 466, in execute
    rec.execute(self)
  File "/usr/local/lib/python3.10/dist-packages/sqlalchemy/orm/unitofwork.py", line 642, in execute
    util.preloaded.orm_persistence.save_obj(
  File "/usr/local/lib/python3.10/dist-packages/sqlalchemy/orm/persistence.py", line 93, in save_obj
    _emit_insert_statements(
  File "/usr/local/lib/python3.10/dist-packages/sqlalchemy/orm/persistence.py", line 1233, in _emit_insert_statements
    result = connection.execute(
  File "/usr/local/lib/python3.10/dist-packages/sqlalchemy/engine/base.py", line 1418, in execute
    return meth(
  File "/usr/local/lib/python3.10/dist-packages/sqlalchemy/sql/elements.py", line 515, in _execute_on_connection
    return connection._execute_clauseelement(
  File "/usr/local/lib/python3.10/dist-packages/sqlalchemy/engine/base.py", line 1640, in _execute_clauseelement
    ret = self._execute_context(
  File "/usr/local/lib/python3.10/dist-packages/sqlalchemy/engine/base.py", line 1846, in _execute_context
    return self._exec_single_context(
  File "/usr/local/lib/python3.10/dist-packages/sqlalchemy/engine/base.py", line 1986, in _exec_single_context
    self._handle_dbapi_exception(
  File "/usr/local/lib/python3.10/dist-packages/sqlalchemy/engine/base.py", line 2355, in _handle_dbapi_exception
    raise sqlalchemy_exception.with_traceback(exc_info[2]) from e
  File "/usr/local/lib/python3.10/dist-packages/sqlalchemy/engine/base.py", line 1967, in _exec_single_context
    self.dialect.do_execute(
  File "/usr/local/lib/python3.10/dist-packages/sqlalchemy/engine/default.py", line 941, in do_execute
    cursor.execute(statement, parameters)
sqlalchemy.exc.IntegrityError: (sqlite3.IntegrityError) UNIQUE constraint failed: vip_parking_spots.spot_number
[SQL: INSERT INTO vip_parking_spots (spot_number, owner, allowed_plates, status, created_at, updated_at) VALUES (?, ?, ?, ?, ?, ?)]
[parameters: ('A05', '重复', '["粤B55555"]', 1, '2026-04-24 15:48:57.580861', '2026-04-24 15:48:57.580863')]
(Background on this error at: https://sqlalche.me/e/20/gkpj)
2026-04-24 15:48:57 | ERROR    | app.main | 未处理异常: http://testserver/api/spots - (sqlite3.IntegrityError) UNIQUE constraint failed: vip_parking_spots.spot_number
[SQL: INSERT INTO vip_parking_spots (spot_number, owner, allowed_plates, status, created_at, updated_at) VALUES (?, ?, ?, ?, ?, ?)]
[parameters: ('A05', '重复', '["粤B55555"]', 1, '2026-04-24 15:48:57.580861', '2026-04-24 15:48:57.580863')]
(Background on this error at: https://sqlalche.me/e/20/gkpj)
Traceback (most recent call last):
  File "/usr/local/lib/python3.10/dist-packages/sqlalchemy/engine/base.py", line 1967, in _exec_single_context
    self.dialect.do_execute(
  File "/usr/local/lib/python3.10/dist-packages/sqlalchemy/engine/default.py", line 941, in do_execute
    cursor.execute(statement, parameters)
sqlite3.IntegrityError: UNIQUE constraint failed: vip_parking_spots.spot_number

The above exception was the direct cause of the following exception:

Traceback (most recent call last):
  File "/usr/local/lib/python3.10/dist-packages/starlette/middleware/errors.py", line 165, in __call__
    await self.app(scope, receive, _send)
  File "/usr/local/lib/python3.10/dist-packages/starlette/middleware/exceptions.py", line 62, in __call__
    await wrap_app_handling_exceptions(self.app, conn)(scope, receive, send)
  File "/usr/local/lib/python3.10/dist-packages/starlette/_exception_handler.py", line 62, in wrapped_app
    raise exc
  File "/usr/local/lib/python3.10/dist-packages/starlette/_exception_handler.py", line 51, in wrapped_app
    await app(scope, receive, sender)
  File "/usr/local/lib/python3.10/dist-packages/starlette/routing.py", line 715, in __call__
    await self.middleware_stack(scope, receive, send)
  File "/usr/local/lib/python3.10/dist-packages/starlette/routing.py", line 735, in app
    await route.handle(scope, receive, send)
  File "/usr/local/lib/python3.10/dist-packages/starlette/routing.py", line 288, in handle
    await self.app(scope, receive, send)
  File "/usr/local/lib/python3.10/dist-packages/starlette/routing.py", line 76, in app
    await wrap_app_handling_exceptions(app, request)(scope, receive, send)
  File "/usr/local/lib/python3.10/dist-packages/starlette/_exception_handler.py", line 62, in wrapped_app
    raise exc
  File "/usr/local/lib/python3.10/dist-packages/starlette/_exception_handler.py", line 51, in wrapped_app
    await app(scope, receive, sender)
  File "/usr/local/lib/python3.10/dist-packages/starlette/routing.py", line 73, in app
    response = await f(request)
  File "/usr/local/lib/python3.10/dist-packages/fastapi/routing.py", line 301, in app
    raw_response = await run_endpoint_function(
  File "/usr/local/lib/python3.10/dist-packages/fastapi/routing.py", line 214, in run_endpoint_function
    return await run_in_threadpool(dependant.call, **values)
  File "/usr/local/lib/python3.10/dist-packages/starlette/concurrency.py", line 39, in run_in_threadpool
    return await anyio.to_thread.run_sync(func, *args)
  File "/usr/local/lib/python3.10/dist-packages/anyio/to_thread.py", line 63, in run_sync
    return await get_async_backend().run_sync_in_worker_thread(
  File "/usr/local/lib/python3.10/dist-packages/anyio/_backends/_asyncio.py", line 2518, in run_sync_in_worker_thread
    return await future
  File "/usr/local/lib/python3.10/dist-packages/anyio/_backends/_asyncio.py", line 1002, in run
    result = context.run(func, *args)
  File "/workspace/vip_parking_alert/backend/app/api/spots.py", line 83, in create_spot
    db.commit()
  File "/usr/local/lib/python3.10/dist-packages/sqlalchemy/orm/session.py", line 2028, in commit
    trans.commit(_to_root=True)
  File "<string>", line 2, in commit
  File "/usr/local/lib/python3.10/dist-packages/sqlalchemy/orm/state_changes.py", line 139, in _go
    ret_value = fn(self, *arg, **kw)
  File "/usr/local/lib/python3.10/dist-packages/sqlalchemy/orm/session.py", line 1313, in commit
    self._prepare_impl()
  File "<string>", line 2, in _prepare_impl
  File "/usr/local/lib/python3.10/dist-packages/sqlalchemy/orm/state_changes.py", line 139, in _go
    ret_value = fn(self, *arg, **kw)
  File "/usr/local/lib/python3.10/dist-packages/sqlalchemy/orm/session.py", line 1288, in _prepare_impl
    self.session.flush()
  File "/usr/local/lib/python3.10/dist-packages/sqlalchemy/orm/session.py", line 4352, in flush
    self._flush(objects)
  File "/usr/local/lib/python3.10/dist-packages/sqlalchemy/orm/session.py", line 4487, in _flush
    with util.safe_reraise():
  File "/usr/local/lib/python3.10/dist-packages/sqlalchemy/util/langhelpers.py", line 146, in __exit__
    raise exc_value.with_traceback(exc_tb)
  File "/usr/local/lib/python3.10/dist-packages/sqlalchemy/orm/session.py", line 4448, in _flush
    flush_context.execute()
  File "/usr/local/lib/python3.10/dist-packages/sqlalchemy/orm/unitofwork.py", line 466, in execute
    rec.execute(self)
  File "/usr/local/lib/python3.10/dist-packages/sqlalchemy/orm/unitofwork.py", line 642, in execute
    util.preloaded.orm_persistence.save_obj(
  File "/usr/local/lib/python3.10/dist-packages/sqlalchemy/orm/persistence.py", line 93, in save_obj
    _emit_insert_statements(
  File "/usr/local/lib/python3.10/dist-packages/sqlalchemy/orm/persistence.py", line 1233, in _emit_insert_statements
    result = connection.execute(
  File "/usr/local/lib/python3.10/dist-packages/sqlalchemy/engine/base.py", line 1418, in execute
    return meth(
  File "/usr/local/lib/python3.10/dist-packages/sqlalchemy/sql/elements.py", line 515, in _execute_on_connection
    return connection._execute_clauseelement(
  File "/usr/local/lib/python3.10/dist-packages/sqlalchemy/engine/base.py", line 1640, in _execute_clauseelement
    ret = self._execute_context(
  File "/usr/local/lib/python3.10/dist-packages/sqlalchemy/engine/base.py", line 1846, in _execute_context
    return self._exec_single_context(
  File "/usr/local/lib/python3.10/dist-packages/sqlalchemy/engine/base.py", line 1986, in _exec_single_context
    self._handle_dbapi_exception(
  File "/usr/local/lib/python3.10/dist-packages/sqlalchemy/engine/base.py", line 2355, in _handle_dbapi_exception
    raise sqlalchemy_exception.with_traceback(exc_info[2]) from e
  File "/usr/local/lib/python3.10/dist-packages/sqlalchemy/engine/base.py", line 1967, in _exec_single_context
    self.dialect.do_execute(
  File "/usr/local/lib/python3.10/dist-packages/sqlalchemy/engine/default.py", line 941, in do_execute
    cursor.execute(statement, parameters)
sqlalchemy.exc.IntegrityError: (sqlite3.IntegrityError) UNIQUE constraint failed: vip_parking_spots.spot_number
[SQL: INSERT INTO vip_parking_spots (spot_number, owner, allowed_plates, status, created_at, updated_at) VALUES (?, ?, ?, ?, ?, ?)]
[parameters: ('A05', '重复', '["粤B55555"]', 1, '2026-04-24 15:48:57.580861', '2026-04-24 15:48:57.580863')]
(Background on this error at: https://sqlalche.me/e/20/gkpj)
2026-04-24 15:48:57 | ERROR    | app.main | 未处理异常: http://testserver/api/spots - (sqlite3.IntegrityError) UNIQUE constraint failed: vip_parking_spots.spot_number
[SQL: INSERT INTO vip_parking_spots (spot_number, owner, allowed_plates, status, created_at, updated_at) VALUES (?, ?, ?, ?, ?, ?)]
[parameters: ('A05', '重复', '["粤B55555"]', 1, '2026-04-24 15:48:57.580861', '2026-04-24 15:48:57.580863')]
(Background on this error at: https://sqlalche.me/e/20/gkpj)
Traceback (most recent call last):
  File "/usr/local/lib/python3.10/dist-packages/sqlalchemy/engine/base.py", line 1967, in _exec_single_context
    self.dialect.do_execute(
  File "/usr/local/lib/python3.10/dist-packages/sqlalchemy/engine/default.py", line 941, in do_execute
    cursor.execute(statement, parameters)
sqlite3.IntegrityError: UNIQUE constraint failed: vip_parking_spots.spot_number

The above exception was the direct cause of the following exception:

Traceback (most recent call last):
  File "/usr/local/lib/python3.10/dist-packages/starlette/middleware/errors.py", line 165, in __call__
    await self.app(scope, receive, _send)
  File "/usr/local/lib/python3.10/dist-packages/starlette/middleware/exceptions.py", line 62, in __call__
    await wrap_app_handling_exceptions(self.app, conn)(scope, receive, send)
  File "/usr/local/lib/python3.10/dist-packages/starlette/_exception_handler.py", line 62, in wrapped_app
    raise exc
  File "/usr/local/lib/python3.10/dist-packages/starlette/_exception_handler.py", line 51, in wrapped_app
    await app(scope, receive, sender)
  File "/usr/local/lib/python3.10/dist-packages/starlette/routing.py", line 715, in __call__
    await self.middleware_stack(scope, receive, send)
  File "/usr/local/lib/python3.10/dist-packages/starlette/routing.py", line 735, in app
    await route.handle(scope, receive, send)
  File "/usr/local/lib/python3.10/dist-packages/starlette/routing.py", line 288, in handle
    await self.app(scope, receive, send)
  File "/usr/local/lib/python3.10/dist-packages/starlette/routing.py", line 76, in app
    await wrap_app_handling_exceptions(app, request)(scope, receive, send)
  File "/usr/local/lib/python3.10/dist-packages/starlette/_exception_handler.py", line 62, in wrapped_app
    raise exc
  File "/usr/local/lib/python3.10/dist-packages/starlette/_exception_handler.py", line 51, in wrapped_app
    await app(scope, receive, sender)
  File "/usr/local/lib/python3.10/dist-packages/starlette/routing.py", line 73, in app
    response = await f(request)
  File "/usr/local/lib/python3.10/dist-packages/fastapi/routing.py", line 301, in app
    raw_response = await run_endpoint_function(
  File "/usr/local/lib/python3.10/dist-packages/fastapi/routing.py", line 214, in run_endpoint_function
    return await run_in_threadpool(dependant.call, **values)
  File "/usr/local/lib/python3.10/dist-packages/starlette/concurrency.py", line 39, in run_in_threadpool
    return await anyio.to_thread.run_sync(func, *args)
  File "/usr/local/lib/python3.10/dist-packages/anyio/to_thread.py", line 63, in run_sync
    return await get_async_backend().run_sync_in_worker_thread(
  File "/usr/local/lib/python3.10/dist-packages/anyio/_backends/_asyncio.py", line 2518, in run_sync_in_worker_thread
    return await future
  File "/usr/local/lib/python3.10/dist-packages/anyio/_backends/_asyncio.py", line 1002, in run
    result = context.run(func, *args)
  File "/workspace/vip_parking_alert/backend/app/api/spots.py", line 83, in create_spot
    db.commit()
  File "/usr/local/lib/python3.10/dist-packages/sqlalchemy/orm/session.py", line 2028, in commit
    trans.commit(_to_root=True)
  File "<string>", line 2, in commit
  File "/usr/local/lib/python3.10/dist-packages/sqlalchemy/orm/state_changes.py", line 139, in _go
    ret_value = fn(self, *arg, **kw)
  File "/usr/local/lib/python3.10/dist-packages/sqlalchemy/orm/session.py", line 1313, in commit
    self._prepare_impl()
  File "<string>", line 2, in _prepare_impl
  File "/usr/local/lib/python3.10/dist-packages/sqlalchemy/orm/state_changes.py", line 139, in _go
    ret_value = fn(self, *arg, **kw)
  File "/usr/local/lib/python3.10/dist-packages/sqlalchemy/orm/session.py", line 1288, in _prepare_impl
    self.session.flush()
  File "/usr/local/lib/python3.10/dist-packages/sqlalchemy/orm/session.py", line 4352, in flush
    self._flush(objects)
  File "/usr/local/lib/python3.10/dist-packages/sqlalchemy/orm/session.py", line 4487, in _flush
    with util.safe_reraise():
  File "/usr/local/lib/python3.10/dist-packages/sqlalchemy/util/langhelpers.py", line 146, in __exit__
    raise exc_value.with_traceback(exc_tb)
  File "/usr/local/lib/python3.10/dist-packages/sqlalchemy/orm/session.py", line 4448, in _flush
    flush_context.execute()
  File "/usr/local/lib/python3.10/dist-packages/sqlalchemy/orm/unitofwork.py", line 466, in execute
    rec.execute(self)
  File "/usr/local/lib/python3.10/dist-packages/sqlalchemy/orm/unitofwork.py", line 642, in execute
    util.preloaded.orm_persistence.save_obj(
  File "/usr/local/lib/python3.10/dist-packages/sqlalchemy/orm/persistence.py", line 93, in save_obj
    _emit_insert_statements(
  File "/usr/local/lib/python3.10/dist-packages/sqlalchemy/orm/persistence.py", line 1233, in _emit_insert_statements
    result = connection.execute(
  File "/usr/local/lib/python3.10/dist-packages/sqlalchemy/engine/base.py", line 1418, in execute
    return meth(
  File "/usr/local/lib/python3.10/dist-packages/sqlalchemy/sql/elements.py", line 515, in _execute_on_connection
    return connection._execute_clauseelement(
  File "/usr/local/lib/python3.10/dist-packages/sqlalchemy/engine/base.py", line 1640, in _execute_clauseelement
    ret = self._execute_context(
  File "/usr/local/lib/python3.10/dist-packages/sqlalchemy/engine/base.py", line 1846, in _execute_context
    return self._exec_single_context(
  File "/usr/local/lib/python3.10/dist-packages/sqlalchemy/engine/base.py", line 1986, in _exec_single_context
    self._handle_dbapi_exception(
  File "/usr/local/lib/python3.10/dist-packages/sqlalchemy/engine/base.py", line 2355, in _handle_dbapi_exception
    raise sqlalchemy_exception.with_traceback(exc_info[2]) from e
  File "/usr/local/lib/python3.10/dist-packages/sqlalchemy/engine/base.py", line 1967, in _exec_single_context
    self.dialect.do_execute(
  File "/usr/local/lib/python3.10/dist-packages/sqlalchemy/engine/default.py", line 941, in do_execute
    cursor.execute(statement, parameters)
sqlalchemy.exc.IntegrityError: (sqlite3.IntegrityError) UNIQUE constraint failed: vip_parking_spots.spot_number
[SQL: INSERT INTO vip_parking_spots (spot_number, owner, allowed_plates, status, created_at, updated_at) VALUES (?, ?, ?, ?, ?, ?)]
[parameters: ('A05', '重复', '["粤B55555"]', 1, '2026-04-24 15:48:57.580861', '2026-04-24 15:48:57.580863')]
(Background on this error at: https://sqlalche.me/e/20/gkpj)
2026-04-24 15:48:57 | ERROR    | app.main | 未处理异常: http://testserver/api/spots - (sqlite3.IntegrityError) UNIQUE constraint failed: vip_parking_spots.spot_number
[SQL: INSERT INTO vip_parking_spots (spot_number, owner, allowed_plates, status, created_at, updated_at) VALUES (?, ?, ?, ?, ?, ?)]
[parameters: ('A05', '重复', '["粤B55555"]', 1, '2026-04-24 15:48:57.580861', '2026-04-24 15:48:57.580863')]
(Background on this error at: https://sqlalche.me/e/20/gkpj)
Traceback (most recent call last):
  File "/usr/local/lib/python3.10/dist-packages/sqlalchemy/engine/base.py", line 1967, in _exec_single_context
    self.dialect.do_execute(
  File "/usr/local/lib/python3.10/dist-packages/sqlalchemy/engine/default.py", line 941, in do_execute
    cursor.execute(statement, parameters)
sqlite3.IntegrityError: UNIQUE constraint failed: vip_parking_spots.spot_number

The above exception was the direct cause of the following exception:

Traceback (most recent call last):
  File "/usr/local/lib/python3.10/dist-packages/starlette/middleware/errors.py", line 165, in __call__
    await self.app(scope, receive, _send)
  File "/usr/local/lib/python3.10/dist-packages/starlette/middleware/exceptions.py", line 62, in __call__
    await wrap_app_handling_exceptions(self.app, conn)(scope, receive, send)
  File "/usr/local/lib/python3.10/dist-packages/starlette/_exception_handler.py", line 62, in wrapped_app
    raise exc
  File "/usr/local/lib/python3.10/dist-packages/starlette/_exception_handler.py", line 51, in wrapped_app
    await app(scope, receive, sender)
  File "/usr/local/lib/python3.10/dist-packages/starlette/routing.py", line 715, in __call__
    await self.middleware_stack(scope, receive, send)
  File "/usr/local/lib/python3.10/dist-packages/starlette/routing.py", line 735, in app
    await route.handle(scope, receive, send)
  File "/usr/local/lib/python3.10/dist-packages/starlette/routing.py", line 288, in handle
    await self.app(scope, receive, send)
  File "/usr/local/lib/python3.10/dist-packages/starlette/routing.py", line 76, in app
    await wrap_app_handling_exceptions(app, request)(scope, receive, send)
  File "/usr/local/lib/python3.10/dist-packages/starlette/_exception_handler.py", line 62, in wrapped_app
    raise exc
  File "/usr/local/lib/python3.10/dist-packages/starlette/_exception_handler.py", line 51, in wrapped_app
    await app(scope, receive, sender)
  File "/usr/local/lib/python3.10/dist-packages/starlette/routing.py", line 73, in app
    response = await f(request)
  File "/usr/local/lib/python3.10/dist-packages/fastapi/routing.py", line 301, in app
    raw_response = await run_endpoint_function(
  File "/usr/local/lib/python3.10/dist-packages/fastapi/routing.py", line 214, in run_endpoint_function
    return await run_in_threadpool(dependant.call, **values)
  File "/usr/local/lib/python3.10/dist-packages/starlette/concurrency.py", line 39, in run_in_threadpool
    return await anyio.to_thread.run_sync(func, *args)
  File "/usr/local/lib/python3.10/dist-packages/anyio/to_thread.py", line 63, in run_sync
    return await get_async_backend().run_sync_in_worker_thread(
  File "/usr/local/lib/python3.10/dist-packages/anyio/_backends/_asyncio.py", line 2518, in run_sync_in_worker_thread
    return await future
  File "/usr/local/lib/python3.10/dist-packages/anyio/_backends/_asyncio.py", line 1002, in run
    result = context.run(func, *args)
  File "/workspace/vip_parking_alert/backend/app/api/spots.py", line 83, in create_spot
    db.commit()
  File "/usr/local/lib/python3.10/dist-packages/sqlalchemy/orm/session.py", line 2028, in commit
    trans.commit(_to_root=True)
  File "<string>", line 2, in commit
  File "/usr/local/lib/python3.10/dist-packages/sqlalchemy/orm/state_changes.py", line 139, in _go
    ret_value = fn(self, *arg, **kw)
  File "/usr/local/lib/python3.10/dist-packages/sqlalchemy/orm/session.py", line 1313, in commit
    self._prepare_impl()
  File "<string>", line 2, in _prepare_impl
  File "/usr/local/lib/python3.10/dist-packages/sqlalchemy/orm/state_changes.py", line 139, in _go
    ret_value = fn(self, *arg, **kw)
  File "/usr/local/lib/python3.10/dist-packages/sqlalchemy/orm/session.py", line 1288, in _prepare_impl
    self.session.flush()
  File "/usr/local/lib/python3.10/dist-packages/sqlalchemy/orm/session.py", line 4352, in flush
    self._flush(objects)
  File "/usr/local/lib/python3.10/dist-packages/sqlalchemy/orm/session.py", line 4487, in _flush
    with util.safe_reraise():
  File "/usr/local/lib/python3.10/dist-packages/sqlalchemy/util/langhelpers.py", line 146, in __exit__
    raise exc_value.with_traceback(exc_tb)
  File "/usr/local/lib/python3.10/dist-packages/sqlalchemy/orm/session.py", line 4448, in _flush
    flush_context.execute()
  File "/usr/local/lib/python3.10/dist-packages/sqlalchemy/orm/unitofwork.py", line 466, in execute
    rec.execute(self)
  File "/usr/local/lib/python3.10/dist-packages/sqlalchemy/orm/unitofwork.py", line 642, in execute
    util.preloaded.orm_persistence.save_obj(
  File "/usr/local/lib/python3.10/dist-packages/sqlalchemy/orm/persistence.py", line 93, in save_obj
    _emit_insert_statements(
  File "/usr/local/lib/python3.10/dist-packages/sqlalchemy/orm/persistence.py", line 1233, in _emit_insert_statements
    result = connection.execute(
  File "/usr/local/lib/python3.10/dist-packages/sqlalchemy/engine/base.py", line 1418, in execute
    return meth(
  File "/usr/local/lib/python3.10/dist-packages/sqlalchemy/sql/elements.py", line 515, in _execute_on_connection
    return connection._execute_clauseelement(
  File "/usr/local/lib/python3.10/dist-packages/sqlalchemy/engine/base.py", line 1640, in _execute_clauseelement
    ret = self._execute_context(
  File "/usr/local/lib/python3.10/dist-packages/sqlalchemy/engine/base.py", line 1846, in _execute_context
    return self._exec_single_context(
  File "/usr/local/lib/python3.10/dist-packages/sqlalchemy/engine/base.py", line 1986, in _exec_single_context
    self._handle_dbapi_exception(
  File "/usr/local/lib/python3.10/dist-packages/sqlalchemy/engine/base.py", line 2355, in _handle_dbapi_exception
    raise sqlalchemy_exception.with_traceback(exc_info[2]) from e
  File "/usr/local/lib/python3.10/dist-packages/sqlalchemy/engine/base.py", line 1967, in _exec_single_context
    self.dialect.do_execute(
  File "/usr/local/lib/python3.10/dist-packages/sqlalchemy/engine/default.py", line 941, in do_execute
    cursor.execute(statement, parameters)
sqlalchemy.exc.IntegrityError: (sqlite3.IntegrityError) UNIQUE constraint failed: vip_parking_spots.spot_number
[SQL: INSERT INTO vip_parking_spots (spot_number, owner, allowed_plates, status, created_at, updated_at) VALUES (?, ?, ?, ?, ?, ?)]
[parameters: ('A05', '重复', '["粤B55555"]', 1, '2026-04-24 15:48:57.580861', '2026-04-24 15:48:57.580863')]
(Background on this error at: https://sqlalche.me/e/20/gkpj)
2026-04-24 15:48:57 | ERROR    | app.main | 未处理异常: http://testserver/api/spots - (sqlite3.IntegrityError) UNIQUE constraint failed: vip_parking_spots.spot_number
[SQL: INSERT INTO vip_parking_spots (spot_number, owner, allowed_plates, status, created_at, updated_at) VALUES (?, ?, ?, ?, ?, ?)]
[parameters: ('A05', '重复', '["粤B55555"]', 1, '2026-04-24 15:48:57.580861', '2026-04-24 15:48:57.580863')]
(Background on this error at: https://sqlalche.me/e/20/gkpj)
Traceback (most recent call last):
  File "/usr/local/lib/python3.10/dist-packages/sqlalchemy/engine/base.py", line 1967, in _exec_single_context
    self.dialect.do_execute(
  File "/usr/local/lib/python3.10/dist-packages/sqlalchemy/engine/default.py", line 941, in do_execute
    cursor.execute(statement, parameters)
sqlite3.IntegrityError: UNIQUE constraint failed: vip_parking_spots.spot_number

The above exception was the direct cause of the following exception:

Traceback (most recent call last):
  File "/usr/local/lib/python3.10/dist-packages/starlette/middleware/errors.py", line 165, in __call__
    await self.app(scope, receive, _send)
  File "/usr/local/lib/python3.10/dist-packages/starlette/middleware/exceptions.py", line 62, in __call__
    await wrap_app_handling_exceptions(self.app, conn)(scope, receive, send)
  File "/usr/local/lib/python3.10/dist-packages/starlette/_exception_handler.py", line 62, in wrapped_app
    raise exc
  File "/usr/local/lib/python3.10/dist-packages/starlette/_exception_handler.py", line 51, in wrapped_app
    await app(scope, receive, sender)
  File "/usr/local/lib/python3.10/dist-packages/starlette/routing.py", line 715, in __call__
    await self.middleware_stack(scope, receive, send)
  File "/usr/local/lib/python3.10/dist-packages/starlette/routing.py", line 735, in app
    await route.handle(scope, receive, send)
  File "/usr/local/lib/python3.10/dist-packages/starlette/routing.py", line 288, in handle
    await self.app(scope, receive, send)
  File "/usr/local/lib/python3.10/dist-packages/starlette/routing.py", line 76, in app
    await wrap_app_handling_exceptions(app, request)(scope, receive, send)
  File "/usr/local/lib/python3.10/dist-packages/starlette/_exception_handler.py", line 62, in wrapped_app
    raise exc
  File "/usr/local/lib/python3.10/dist-packages/starlette/_exception_handler.py", line 51, in wrapped_app
    await app(scope, receive, sender)
  File "/usr/local/lib/python3.10/dist-packages/starlette/routing.py", line 73, in app
    response = await f(request)
  File "/usr/local/lib/python3.10/dist-packages/fastapi/routing.py", line 301, in app
    raw_response = await run_endpoint_function(
  File "/usr/local/lib/python3.10/dist-packages/fastapi/routing.py", line 214, in run_endpoint_function
    return await run_in_threadpool(dependant.call, **values)
  File "/usr/local/lib/python3.10/dist-packages/starlette/concurrency.py", line 39, in run_in_threadpool
    return await anyio.to_thread.run_sync(func, *args)
  File "/usr/local/lib/python3.10/dist-packages/anyio/to_thread.py", line 63, in run_sync
    return await get_async_backend().run_sync_in_worker_thread(
  File "/usr/local/lib/python3.10/dist-packages/anyio/_backends/_asyncio.py", line 2518, in run_sync_in_worker_thread
    return await future
  File "/usr/local/lib/python3.10/dist-packages/anyio/_backends/_asyncio.py", line 1002, in run
    result = context.run(func, *args)
  File "/workspace/vip_parking_alert/backend/app/api/spots.py", line 83, in create_spot
    db.commit()
  File "/usr/local/lib/python3.10/dist-packages/sqlalchemy/orm/session.py", line 2028, in commit
    trans.commit(_to_root=True)
  File "<string>", line 2, in commit
  File "/usr/local/lib/python3.10/dist-packages/sqlalchemy/orm/state_changes.py", line 139, in _go
    ret_value = fn(self, *arg, **kw)
  File "/usr/local/lib/python3.10/dist-packages/sqlalchemy/orm/session.py", line 1313, in commit
    self._prepare_impl()
  File "<string>", line 2, in _prepare_impl
  File "/usr/local/lib/python3.10/dist-packages/sqlalchemy/orm/state_changes.py", line 139, in _go
    ret_value = fn(self, *arg, **kw)
  File "/usr/local/lib/python3.10/dist-packages/sqlalchemy/orm/session.py", line 1288, in _prepare_impl
    self.session.flush()
  File "/usr/local/lib/python3.10/dist-packages/sqlalchemy/orm/session.py", line 4352, in flush
    self._flush(objects)
  File "/usr/local/lib/python3.10/dist-packages/sqlalchemy/orm/session.py", line 4487, in _flush
    with util.safe_reraise():
  File "/usr/local/lib/python3.10/dist-packages/sqlalchemy/util/langhelpers.py", line 146, in __exit__
    raise exc_value.with_traceback(exc_tb)
  File "/usr/local/lib/python3.10/dist-packages/sqlalchemy/orm/session.py", line 4448, in _flush
    flush_context.execute()
  File "/usr/local/lib/python3.10/dist-packages/sqlalchemy/orm/unitofwork.py", line 466, in execute
    rec.execute(self)
  File "/usr/local/lib/python3.10/dist-packages/sqlalchemy/orm/unitofwork.py", line 642, in execute
    util.preloaded.orm_persistence.save_obj(
  File "/usr/local/lib/python3.10/dist-packages/sqlalchemy/orm/persistence.py", line 93, in save_obj
    _emit_insert_statements(
  File "/usr/local/lib/python3.10/dist-packages/sqlalchemy/orm/persistence.py", line 1233, in _emit_insert_statements
    result = connection.execute(
  File "/usr/local/lib/python3.10/dist-packages/sqlalchemy/engine/base.py", line 1418, in execute
    return meth(
  File "/usr/local/lib/python3.10/dist-packages/sqlalchemy/sql/elements.py", line 515, in _execute_on_connection
    return connection._execute_clauseelement(
  File "/usr/local/lib/python3.10/dist-packages/sqlalchemy/engine/base.py", line 1640, in _execute_clauseelement
    ret = self._execute_context(
  File "/usr/local/lib/python3.10/dist-packages/sqlalchemy/engine/base.py", line 1846, in _execute_context
    return self._exec_single_context(
  File "/usr/local/lib/python3.10/dist-packages/sqlalchemy/engine/base.py", line 1986, in _exec_single_context
    self._handle_dbapi_exception(
  File "/usr/local/lib/python3.10/dist-packages/sqlalchemy/engine/base.py", line 2355, in _handle_dbapi_exception
    raise sqlalchemy_exception.with_traceback(exc_info[2]) from e
  File "/usr/local/lib/python3.10/dist-packages/sqlalchemy/engine/base.py", line 1967, in _exec_single_context
    self.dialect.do_execute(
  File "/usr/local/lib/python3.10/dist-packages/sqlalchemy/engine/default.py", line 941, in do_execute
    cursor.execute(statement, parameters)
sqlalchemy.exc.IntegrityError: (sqlite3.IntegrityError) UNIQUE constraint failed: vip_parking_spots.spot_number
[SQL: INSERT INTO vip_parking_spots (spot_number, owner, allowed_plates, status, created_at, updated_at) VALUES (?, ?, ?, ?, ?, ?)]
[parameters: ('A05', '重复', '["粤B55555"]', 1, '2026-04-24 15:48:57.580861', '2026-04-24 15:48:57.580863')]
(Background on this error at: https://sqlalche.me/e/20/gkpj)
2026-04-24 15:48:57 | ERROR    | app.main | 未处理异常: http://testserver/api/spots - (sqlite3.IntegrityError) UNIQUE constraint failed: vip_parking_spots.spot_number
[SQL: INSERT INTO vip_parking_spots (spot_number, owner, allowed_plates, status, created_at, updated_at) VALUES (?, ?, ?, ?, ?, ?)]
[parameters: ('A05', '重复', '["粤B55555"]', 1, '2026-04-24 15:48:57.580861', '2026-04-24 15:48:57.580863')]
(Background on this error at: https://sqlalche.me/e/20/gkpj)
Traceback (most recent call last):
  File "/usr/local/lib/python3.10/dist-packages/sqlalchemy/engine/base.py", line 1967, in _exec_single_context
    self.dialect.do_execute(
  File "/usr/local/lib/python3.10/dist-packages/sqlalchemy/engine/default.py", line 941, in do_execute
    cursor.execute(statement, parameters)
sqlite3.IntegrityError: UNIQUE constraint failed: vip_parking_spots.spot_number

The above exception was the direct cause of the following exception:

Traceback (most recent call last):
  File "/usr/local/lib/python3.10/dist-packages/starlette/middleware/errors.py", line 165, in __call__
    await self.app(scope, receive, _send)
  File "/usr/local/lib/python3.10/dist-packages/starlette/middleware/exceptions.py", line 62, in __call__
    await wrap_app_handling_exceptions(self.app, conn)(scope, receive, send)
  File "/usr/local/lib/python3.10/dist-packages/starlette/_exception_handler.py", line 62, in wrapped_app
    raise exc
  File "/usr/local/lib/python3.10/dist-packages/starlette/_exception_handler.py", line 51, in wrapped_app
    await app(scope, receive, sender)
  File "/usr/local/lib/python3.10/dist-packages/starlette/routing.py", line 715, in __call__
    await self.middleware_stack(scope, receive, send)
  File "/usr/local/lib/python3.10/dist-packages/starlette/routing.py", line 735, in app
    await route.handle(scope, receive, send)
  File "/usr/local/lib/python3.10/dist-packages/starlette/routing.py", line 288, in handle
    await self.app(scope, receive, send)
  File "/usr/local/lib/python3.10/dist-packages/starlette/routing.py", line 76, in app
    await wrap_app_handling_exceptions(app, request)(scope, receive, send)
  File "/usr/local/lib/python3.10/dist-packages/starlette/_exception_handler.py", line 62, in wrapped_app
    raise exc
  File "/usr/local/lib/python3.10/dist-packages/starlette/_exception_handler.py", line 51, in wrapped_app
    await app(scope, receive, sender)
  File "/usr/local/lib/python3.10/dist-packages/starlette/routing.py", line 73, in app
    response = await f(request)
  File "/usr/local/lib/python3.10/dist-packages/fastapi/routing.py", line 301, in app
    raw_response = await run_endpoint_function(
  File "/usr/local/lib/python3.10/dist-packages/fastapi/routing.py", line 214, in run_endpoint_function
    return await run_in_threadpool(dependant.call, **values)
  File "/usr/local/lib/python3.10/dist-packages/starlette/concurrency.py", line 39, in run_in_threadpool
    return await anyio.to_thread.run_sync(func, *args)
  File "/usr/local/lib/python3.10/dist-packages/anyio/to_thread.py", line 63, in run_sync
    return await get_async_backend().run_sync_in_worker_thread(
  File "/usr/local/lib/python3.10/dist-packages/anyio/_backends/_asyncio.py", line 2518, in run_sync_in_worker_thread
    return await future
  File "/usr/local/lib/python3.10/dist-packages/anyio/_backends/_asyncio.py", line 1002, in run
    result = context.run(func, *args)
  File "/workspace/vip_parking_alert/backend/app/api/spots.py", line 83, in create_spot
    db.commit()
  File "/usr/local/lib/python3.10/dist-packages/sqlalchemy/orm/session.py", line 2028, in commit
    trans.commit(_to_root=True)
  File "<string>", line 2, in commit
  File "/usr/local/lib/python3.10/dist-packages/sqlalchemy/orm/state_changes.py", line 139, in _go
    ret_value = fn(self, *arg, **kw)
  File "/usr/local/lib/python3.10/dist-packages/sqlalchemy/orm/session.py", line 1313, in commit
    self._prepare_impl()
  File "<string>", line 2, in _prepare_impl
  File "/usr/local/lib/python3.10/dist-packages/sqlalchemy/orm/state_changes.py", line 139, in _go
    ret_value = fn(self, *arg, **kw)
  File "/usr/local/lib/python3.10/dist-packages/sqlalchemy/orm/session.py", line 1288, in _prepare_impl
    self.session.flush()
  File "/usr/local/lib/python3.10/dist-packages/sqlalchemy/orm/session.py", line 4352, in flush
    self._flush(objects)
  File "/usr/local/lib/python3.10/dist-packages/sqlalchemy/orm/session.py", line 4487, in _flush
    with util.safe_reraise():
  File "/usr/local/lib/python3.10/dist-packages/sqlalchemy/util/langhelpers.py", line 146, in __exit__
    raise exc_value.with_traceback(exc_tb)
  File "/usr/local/lib/python3.10/dist-packages/sqlalchemy/orm/session.py", line 4448, in _flush
    flush_context.execute()
  File "/usr/local/lib/python3.10/dist-packages/sqlalchemy/orm/unitofwork.py", line 466, in execute
    rec.execute(self)
  File "/usr/local/lib/python3.10/dist-packages/sqlalchemy/orm/unitofwork.py", line 642, in execute
    util.preloaded.orm_persistence.save_obj(
  File "/usr/local/lib/python3.10/dist-packages/sqlalchemy/orm/persistence.py", line 93, in save_obj
    _emit_insert_statements(
  File "/usr/local/lib/python3.10/dist-packages/sqlalchemy/orm/persistence.py", line 1233, in _emit_insert_statements
    result = connection.execute(
  File "/usr/local/lib/python3.10/dist-packages/sqlalchemy/engine/base.py", line 1418, in execute
    return meth(
  File "/usr/local/lib/python3.10/dist-packages/sqlalchemy/sql/elements.py", line 515, in _execute_on_connection
    return connection._execute_clauseelement(
  File "/usr/local/lib/python3.10/dist-packages/sqlalchemy/engine/base.py", line 1640, in _execute_clauseelement
    ret = self._execute_context(
  File "/usr/local/lib/python3.10/dist-packages/sqlalchemy/engine/base.py", line 1846, in _execute_context
    return self._exec_single_context(
  File "/usr/local/lib/python3.10/dist-packages/sqlalchemy/engine/base.py", line 1986, in _exec_single_context
    self._handle_dbapi_exception(
  File "/usr/local/lib/python3.10/dist-packages/sqlalchemy/engine/base.py", line 2355, in _handle_dbapi_exception
    raise sqlalchemy_exception.with_traceback(exc_info[2]) from e
  File "/usr/local/lib/python3.10/dist-packages/sqlalchemy/engine/base.py", line 1967, in _exec_single_context
    self.dialect.do_execute(
  File "/usr/local/lib/python3.10/dist-packages/sqlalchemy/engine/default.py", line 941, in do_execute
    cursor.execute(statement, parameters)
sqlalchemy.exc.IntegrityError: (sqlite3.IntegrityError) UNIQUE constraint failed: vip_parking_spots.spot_number
[SQL: INSERT INTO vip_parking_spots (spot_number, owner, allowed_plates, status, created_at, updated_at) VALUES (?, ?, ?, ?, ?, ?)]
[parameters: ('A05', '重复', '["粤B55555"]', 1, '2026-04-24 15:48:57.580861', '2026-04-24 15:48:57.580863')]
(Background on this error at: https://sqlalche.me/e/20/gkpj)
2026-04-24 15:48:57 | ERROR    | app.main | 未处理异常: http://testserver/api/spots - (sqlite3.IntegrityError) UNIQUE constraint failed: vip_parking_spots.spot_number
[SQL: INSERT INTO vip_parking_spots (spot_number, owner, allowed_plates, status, created_at, updated_at) VALUES (?, ?, ?, ?, ?, ?)]
[parameters: ('A05', '重复', '["粤B55555"]', 1, '2026-04-24 15:48:57.580861', '2026-04-24 15:48:57.580863')]
(Background on this error at: https://sqlalche.me/e/20/gkpj)
Traceback (most recent call last):
  File "/usr/local/lib/python3.10/dist-packages/sqlalchemy/engine/base.py", line 1967, in _exec_single_context
    self.dialect.do_execute(
  File "/usr/local/lib/python3.10/dist-packages/sqlalchemy/engine/default.py", line 941, in do_execute
    cursor.execute(statement, parameters)
sqlite3.IntegrityError: UNIQUE constraint failed: vip_parking_spots.spot_number

The above exception was the direct cause of the following exception:

Traceback (most recent call last):
  File "/usr/local/lib/python3.10/dist-packages/starlette/middleware/errors.py", line 165, in __call__
    await self.app(scope, receive, _send)
  File "/usr/local/lib/python3.10/dist-packages/starlette/middleware/exceptions.py", line 62, in __call__
    await wrap_app_handling_exceptions(self.app, conn)(scope, receive, send)
  File "/usr/local/lib/python3.10/dist-packages/starlette/_exception_handler.py", line 62, in wrapped_app
    raise exc
  File "/usr/local/lib/python3.10/dist-packages/starlette/_exception_handler.py", line 51, in wrapped_app
    await app(scope, receive, sender)
  File "/usr/local/lib/python3.10/dist-packages/starlette/routing.py", line 715, in __call__
    await self.middleware_stack(scope, receive, send)
  File "/usr/local/lib/python3.10/dist-packages/starlette/routing.py", line 735, in app
    await route.handle(scope, receive, send)
  File "/usr/local/lib/python3.10/dist-packages/starlette/routing.py", line 288, in handle
    await self.app(scope, receive, send)
  File "/usr/local/lib/python3.10/dist-packages/starlette/routing.py", line 76, in app
    await wrap_app_handling_exceptions(app, request)(scope, receive, send)
  File "/usr/local/lib/python3.10/dist-packages/starlette/_exception_handler.py", line 62, in wrapped_app
    raise exc
  File "/usr/local/lib/python3.10/dist-packages/starlette/_exception_handler.py", line 51, in wrapped_app
    await app(scope, receive, sender)
  File "/usr/local/lib/python3.10/dist-packages/starlette/routing.py", line 73, in app
    response = await f(request)
  File "/usr/local/lib/python3.10/dist-packages/fastapi/routing.py", line 301, in app
    raw_response = await run_endpoint_function(
  File "/usr/local/lib/python3.10/dist-packages/fastapi/routing.py", line 214, in run_endpoint_function
    return await run_in_threadpool(dependant.call, **values)
  File "/usr/local/lib/python3.10/dist-packages/starlette/concurrency.py", line 39, in run_in_threadpool
    return await anyio.to_thread.run_sync(func, *args)
  File "/usr/local/lib/python3.10/dist-packages/anyio/to_thread.py", line 63, in run_sync
    return await get_async_backend().run_sync_in_worker_thread(
  File "/usr/local/lib/python3.10/dist-packages/anyio/_backends/_asyncio.py", line 2518, in run_sync_in_worker_thread
    return await future
  File "/usr/local/lib/python3.10/dist-packages/anyio/_backends/_asyncio.py", line 1002, in run
    result = context.run(func, *args)
  File "/workspace/vip_parking_alert/backend/app/api/spots.py", line 83, in create_spot
    db.commit()
  File "/usr/local/lib/python3.10/dist-packages/sqlalchemy/orm/session.py", line 2028, in commit
    trans.commit(_to_root=True)
  File "<string>", line 2, in commit
  File "/usr/local/lib/python3.10/dist-packages/sqlalchemy/orm/state_changes.py", line 139, in _go
    ret_value = fn(self, *arg, **kw)
  File "/usr/local/lib/python3.10/dist-packages/sqlalchemy/orm/session.py", line 1313, in commit
    self._prepare_impl()
  File "<string>", line 2, in _prepare_impl
  File "/usr/local/lib/python3.10/dist-packages/sqlalchemy/orm/state_changes.py", line 139, in _go
    ret_value = fn(self, *arg, **kw)
  File "/usr/local/lib/python3.10/dist-packages/sqlalchemy/orm/session.py", line 1288, in _prepare_impl
    self.session.flush()
  File "/usr/local/lib/python3.10/dist-packages/sqlalchemy/orm/session.py", line 4352, in flush
    self._flush(objects)
  File "/usr/local/lib/python3.10/dist-packages/sqlalchemy/orm/session.py", line 4487, in _flush
    with util.safe_reraise():
  File "/usr/local/lib/python3.10/dist-packages/sqlalchemy/util/langhelpers.py", line 146, in __exit__
    raise exc_value.with_traceback(exc_tb)
  File "/usr/local/lib/python3.10/dist-packages/sqlalchemy/orm/session.py", line 4448, in _flush
    flush_context.execute()
  File "/usr/local/lib/python3.10/dist-packages/sqlalchemy/orm/unitofwork.py", line 466, in execute
    rec.execute(self)
  File "/usr/local/lib/python3.10/dist-packages/sqlalchemy/orm/unitofwork.py", line 642, in execute
    util.preloaded.orm_persistence.save_obj(
  File "/usr/local/lib/python3.10/dist-packages/sqlalchemy/orm/persistence.py", line 93, in save_obj
    _emit_insert_statements(
  File "/usr/local/lib/python3.10/dist-packages/sqlalchemy/orm/persistence.py", line 1233, in _emit_insert_statements
    result = connection.execute(
  File "/usr/local/lib/python3.10/dist-packages/sqlalchemy/engine/base.py", line 1418, in execute
    return meth(
  File "/usr/local/lib/python3.10/dist-packages/sqlalchemy/sql/elements.py", line 515, in _execute_on_connection
    return connection._execute_clauseelement(
  File "/usr/local/lib/python3.10/dist-packages/sqlalchemy/engine/base.py", line 1640, in _execute_clauseelement
    ret = self._execute_context(
  File "/usr/local/lib/python3.10/dist-packages/sqlalchemy/engine/base.py", line 1846, in _execute_context
    return self._exec_single_context(
  File "/usr/local/lib/python3.10/dist-packages/sqlalchemy/engine/base.py", line 1986, in _exec_single_context
    self._handle_dbapi_exception(
  File "/usr/local/lib/python3.10/dist-packages/sqlalchemy/engine/base.py", line 2355, in _handle_dbapi_exception
    raise sqlalchemy_exception.with_traceback(exc_info[2]) from e
  File "/usr/local/lib/python3.10/dist-packages/sqlalchemy/engine/base.py", line 1967, in _exec_single_context
    self.dialect.do_execute(
  File "/usr/local/lib/python3.10/dist-packages/sqlalchemy/engine/default.py", line 941, in do_execute
    cursor.execute(statement, parameters)
sqlalchemy.exc.IntegrityError: (sqlite3.IntegrityError) UNIQUE constraint failed: vip_parking_spots.spot_number
[SQL: INSERT INTO vip_parking_spots (spot_number, owner, allowed_plates, status, created_at, updated_at) VALUES (?, ?, ?, ?, ?, ?)]
[parameters: ('A05', '重复', '["粤B55555"]', 1, '2026-04-24 15:48:57.580861', '2026-04-24 15:48:57.580863')]
(Background on this error at: https://sqlalche.me/e/20/gkpj)
2026-04-24 15:48:57 | ERROR    | app.main | 未处理异常: http://testserver/api/spots - (sqlite3.IntegrityError) UNIQUE constraint failed: vip_parking_spots.spot_number
[SQL: INSERT INTO vip_parking_spots (spot_number, owner, allowed_plates, status, created_at, updated_at) VALUES (?, ?, ?, ?, ?, ?)]
[parameters: ('A05', '重复', '["粤B55555"]', 1, '2026-04-24 15:48:57.580861', '2026-04-24 15:48:57.580863')]
(Background on this error at: https://sqlalche.me/e/20/gkpj)
Traceback (most recent call last):
  File "/usr/local/lib/python3.10/dist-packages/sqlalchemy/engine/base.py", line 1967, in _exec_single_context
    self.dialect.do_execute(
  File "/usr/local/lib/python3.10/dist-packages/sqlalchemy/engine/default.py", line 941, in do_execute
    cursor.execute(statement, parameters)
sqlite3.IntegrityError: UNIQUE constraint failed: vip_parking_spots.spot_number

The above exception was the direct cause of the following exception:

Traceback (most recent call last):
  File "/usr/local/lib/python3.10/dist-packages/starlette/middleware/errors.py", line 165, in __call__
    await self.app(scope, receive, _send)
  File "/usr/local/lib/python3.10/dist-packages/starlette/middleware/exceptions.py", line 62, in __call__
    await wrap_app_handling_exceptions(self.app, conn)(scope, receive, send)
  File "/usr/local/lib/python3.10/dist-packages/starlette/_exception_handler.py", line 62, in wrapped_app
    raise exc
  File "/usr/local/lib/python3.10/dist-packages/starlette/_exception_handler.py", line 51, in wrapped_app
    await app(scope, receive, sender)
  File "/usr/local/lib/python3.10/dist-packages/starlette/routing.py", line 715, in __call__
    await self.middleware_stack(scope, receive, send)
  File "/usr/local/lib/python3.10/dist-packages/starlette/routing.py", line 735, in app
    await route.handle(scope, receive, send)
  File "/usr/local/lib/python3.10/dist-packages/starlette/routing.py", line 288, in handle
    await self.app(scope, receive, send)
  File "/usr/local/lib/python3.10/dist-packages/starlette/routing.py", line 76, in app
    await wrap_app_handling_exceptions(app, request)(scope, receive, send)
  File "/usr/local/lib/python3.10/dist-packages/starlette/_exception_handler.py", line 62, in wrapped_app
    raise exc
  File "/usr/local/lib/python3.10/dist-packages/starlette/_exception_handler.py", line 51, in wrapped_app
    await app(scope, receive, sender)
  File "/usr/local/lib/python3.10/dist-packages/starlette/routing.py", line 73, in app
    response = await f(request)
  File "/usr/local/lib/python3.10/dist-packages/fastapi/routing.py", line 301, in app
    raw_response = await run_endpoint_function(
  File "/usr/local/lib/python3.10/dist-packages/fastapi/routing.py", line 214, in run_endpoint_function
    return await run_in_threadpool(dependant.call, **values)
  File "/usr/local/lib/python3.10/dist-packages/starlette/concurrency.py", line 39, in run_in_threadpool
    return await anyio.to_thread.run_sync(func, *args)
  File "/usr/local/lib/python3.10/dist-packages/anyio/to_thread.py", line 63, in run_sync
    return await get_async_backend().run_sync_in_worker_thread(
  File "/usr/local/lib/python3.10/dist-packages/anyio/_backends/_asyncio.py", line 2518, in run_sync_in_worker_thread
    return await future
  File "/usr/local/lib/python3.10/dist-packages/anyio/_backends/_asyncio.py", line 1002, in run
    result = context.run(func, *args)
  File "/workspace/vip_parking_alert/backend/app/api/spots.py", line 83, in create_spot
    db.commit()
  File "/usr/local/lib/python3.10/dist-packages/sqlalchemy/orm/session.py", line 2028, in commit
    trans.commit(_to_root=True)
  File "<string>", line 2, in commit
  File "/usr/local/lib/python3.10/dist-packages/sqlalchemy/orm/state_changes.py", line 139, in _go
    ret_value = fn(self, *arg, **kw)
  File "/usr/local/lib/python3.10/dist-packages/sqlalchemy/orm/session.py", line 1313, in commit
    self._prepare_impl()
  File "<string>", line 2, in _prepare_impl
  File "/usr/local/lib/python3.10/dist-packages/sqlalchemy/orm/state_changes.py", line 139, in _go
    ret_value = fn(self, *arg, **kw)
  File "/usr/local/lib/python3.10/dist-packages/sqlalchemy/orm/session.py", line 1288, in _prepare_impl
    self.session.flush()
  File "/usr/local/lib/python3.10/dist-packages/sqlalchemy/orm/session.py", line 4352, in flush
    self._flush(objects)
  File "/usr/local/lib/python3.10/dist-packages/sqlalchemy/orm/session.py", line 4487, in _flush
    with util.safe_reraise():
  File "/usr/local/lib/python3.10/dist-packages/sqlalchemy/util/langhelpers.py", line 146, in __exit__
    raise exc_value.with_traceback(exc_tb)
  File "/usr/local/lib/python3.10/dist-packages/sqlalchemy/orm/session.py", line 4448, in _flush
    flush_context.execute()
  File "/usr/local/lib/python3.10/dist-packages/sqlalchemy/orm/unitofwork.py", line 466, in execute
    rec.execute(self)
  File "/usr/local/lib/python3.10/dist-packages/sqlalchemy/orm/unitofwork.py", line 642, in execute
    util.preloaded.orm_persistence.save_obj(
  File "/usr/local/lib/python3.10/dist-packages/sqlalchemy/orm/persistence.py", line 93, in save_obj
    _emit_insert_statements(
  File "/usr/local/lib/python3.10/dist-packages/sqlalchemy/orm/persistence.py", line 1233, in _emit_insert_statements
    result = connection.execute(
  File "/usr/local/lib/python3.10/dist-packages/sqlalchemy/engine/base.py", line 1418, in execute
    return meth(
  File "/usr/local/lib/python3.10/dist-packages/sqlalchemy/sql/elements.py", line 515, in _execute_on_connection
    return connection._execute_clauseelement(
  File "/usr/local/lib/python3.10/dist-packages/sqlalchemy/engine/base.py", line 1640, in _execute_clauseelement
    ret = self._execute_context(
  File "/usr/local/lib/python3.10/dist-packages/sqlalchemy/engine/base.py", line 1846, in _execute_context
    return self._exec_single_context(
  File "/usr/local/lib/python3.10/dist-packages/sqlalchemy/engine/base.py", line 1986, in _exec_single_context
    self._handle_dbapi_exception(
  File "/usr/local/lib/python3.10/dist-packages/sqlalchemy/engine/base.py", line 2355, in _handle_dbapi_exception
    raise sqlalchemy_exception.with_traceback(exc_info[2]) from e
  File "/usr/local/lib/python3.10/dist-packages/sqlalchemy/engine/base.py", line 1967, in _exec_single_context
    self.dialect.do_execute(
  File "/usr/local/lib/python3.10/dist-packages/sqlalchemy/engine/default.py", line 941, in do_execute
    cursor.execute(statement, parameters)
sqlalchemy.exc.IntegrityError: (sqlite3.IntegrityError) UNIQUE constraint failed: vip_parking_spots.spot_number
[SQL: INSERT INTO vip_parking_spots (spot_number, owner, allowed_plates, status, created_at, updated_at) VALUES (?, ?, ?, ?, ?, ?)]
[parameters: ('A05', '重复', '["粤B55555"]', 1, '2026-04-24 15:48:57.580861', '2026-04-24 15:48:57.580863')]
(Background on this error at: https://sqlalche.me/e/20/gkpj)
2026-04-24 15:48:57 | INFO     | app.scheduler.setup | APScheduler调度器已关闭
2026-04-24 15:48:57 | INFO     | app.scheduler.setup | APScheduler调度器已关闭
2026-04-24 15:48:57 | INFO     | app.scheduler.setup | APScheduler调度器已关闭
2026-04-24 15:48:57 | INFO     | app.scheduler.setup | APScheduler调度器已关闭
2026-04-24 15:48:57 | INFO     | app.scheduler.setup | APScheduler调度器已关闭
2026-04-24 15:48:57 | INFO     | app.scheduler.setup | APScheduler调度器已关闭
2026-04-24 15:48:57 | INFO     | app.scheduler.setup | APScheduler调度器已关闭
2026-04-24 15:48:57 | INFO     | app.scheduler.setup | APScheduler调度器已关闭
2026-04-24 15:48:57 | INFO     | app.scheduler.setup | APScheduler调度器已关闭
2026-04-24 15:48:57 | INFO     | app.main | VIP车位告警系统已关闭
2026-04-24 15:48:57 | INFO     | app.main | VIP车位告警系统已关闭
2026-04-24 15:48:57 | INFO     | app.main | VIP车位告警系统已关闭
2026-04-24 15:48:57 | INFO     | app.main | VIP车位告警系统已关闭
2026-04-24 15:48:57 | INFO     | app.main | VIP车位告警系统已关闭
2026-04-24 15:48:57 | INFO     | app.main | VIP车位告警系统已关闭
2026-04-24 15:48:57 | INFO     | app.main | VIP车位告警系统已关闭
2026-04-24 15:48:57 | INFO     | app.main | VIP车位告警系统已关闭
2026-04-24 15:48:57 | INFO     | app.main | VIP车位告警系统已关闭
2026-04-24 15:48:57 | INFO     | app.services.webhook_sender | Webhook发送成功: https://example.com/webhook...
2026-04-24 15:48:57 | INFO     | app.services.webhook_sender | Webhook发送成功: https://example.com/webhook...
2026-04-24 15:48:57 | INFO     | app.services.webhook_sender | Webhook发送成功: https://example.com/webhook...
2026-04-24 15:48:57 | INFO     | app.services.webhook_sender | Webhook发送成功: https://example.com/webhook...
2026-04-24 15:48:57 | INFO     | app.services.webhook_sender | Webhook发送成功: https://example.com/webhook...
2026-04-24 15:48:57 | INFO     | app.services.webhook_sender | Webhook发送成功: https://example.com/webhook...
2026-04-24 15:48:57 | INFO     | app.services.webhook_sender | Webhook发送成功: https://example.com/webhook...
2026-04-24 15:48:57 | INFO     | app.services.webhook_sender | Webhook发送成功: https://example.com/webhook...
2026-04-24 15:48:57 | INFO     | app.services.webhook_sender | Webhook发送成功: https://example.com/webhook...
2026-04-24 15:48:57 | WARNING  | app.services.webhook_sender | Webhook发送失败: HTTP 500, body=error
2026-04-24 15:48:57 | WARNING  | app.services.webhook_sender | Webhook发送失败: HTTP 500, body=error
2026-04-24 15:48:57 | WARNING  | app.services.webhook_sender | Webhook发送失败: HTTP 500, body=error
2026-04-24 15:48:57 | WARNING  | app.services.webhook_sender | Webhook发送失败: HTTP 500, body=error
2026-04-24 15:48:57 | WARNING  | app.services.webhook_sender | Webhook发送失败: HTTP 500, body=error
2026-04-24 15:48:57 | WARNING  | app.services.webhook_sender | Webhook发送失败: HTTP 500, body=error
2026-04-24 15:48:57 | WARNING  | app.services.webhook_sender | Webhook发送失败: HTTP 500, body=error
2026-04-24 15:48:57 | WARNING  | app.services.webhook_sender | Webhook发送失败: HTTP 500, body=error
2026-04-24 15:48:57 | WARNING  | app.services.webhook_sender | Webhook发送失败: HTTP 500, body=error
2026-04-24 15:49:20 | INFO     | app.main | VIP车位告警系统启动中...
2026-04-24 15:49:20 | INFO     | app.scheduler.setup | APScheduler调度器已启动
2026-04-24 15:49:20 | INFO     | app.api.contacts | 新增联系人: id=1, name=张三
2026-04-24 15:49:20 | INFO     | httpx | HTTP Request: POST http://testserver/api/contacts "HTTP/1.1 200 OK"
2026-04-24 15:49:20 | INFO     | app.scheduler.setup | APScheduler调度器已关闭
2026-04-24 15:49:20 | INFO     | app.main | VIP车位告警系统已关闭
2026-04-24 15:49:20 | INFO     | app.main | VIP车位告警系统启动中...
2026-04-24 15:49:20 | INFO     | app.main | VIP车位告警系统启动中...
2026-04-24 15:49:20 | INFO     | app.scheduler.setup | APScheduler调度器已启动
2026-04-24 15:49:20 | INFO     | app.scheduler.setup | APScheduler调度器已启动
2026-04-24 15:49:20 | INFO     | app.api.contacts | 查询通讯录列表: page=1, page_size=20, total=0
2026-04-24 15:49:20 | INFO     | app.api.contacts | 查询通讯录列表: page=1, page_size=20, total=0
2026-04-24 15:49:20 | INFO     | httpx | HTTP Request: GET http://testserver/api/contacts "HTTP/1.1 200 OK"
2026-04-24 15:49:20 | INFO     | httpx | HTTP Request: GET http://testserver/api/contacts "HTTP/1.1 200 OK"
2026-04-24 15:49:20 | INFO     | app.scheduler.setup | APScheduler调度器已关闭
2026-04-24 15:49:20 | INFO     | app.scheduler.setup | APScheduler调度器已关闭
2026-04-24 15:49:20 | INFO     | app.main | VIP车位告警系统已关闭
2026-04-24 15:49:20 | INFO     | app.main | VIP车位告警系统已关闭
2026-04-24 15:49:20 | INFO     | app.main | VIP车位告警系统启动中...
2026-04-24 15:49:20 | INFO     | app.main | VIP车位告警系统启动中...
2026-04-24 15:49:20 | INFO     | app.main | VIP车位告警系统启动中...
2026-04-24 15:49:20 | INFO     | app.scheduler.setup | APScheduler调度器已启动
2026-04-24 15:49:20 | INFO     | app.scheduler.setup | APScheduler调度器已启动
2026-04-24 15:49:20 | INFO     | app.scheduler.setup | APScheduler调度器已启动
2026-04-24 15:49:20 | INFO     | app.api.contacts | 新增联系人: id=1, name=李四
2026-04-24 15:49:20 | INFO     | app.api.contacts | 新增联系人: id=1, name=李四
2026-04-24 15:49:20 | INFO     | app.api.contacts | 新增联系人: id=1, name=李四
2026-04-24 15:49:20 | INFO     | httpx | HTTP Request: POST http://testserver/api/contacts "HTTP/1.1 200 OK"
2026-04-24 15:49:20 | INFO     | httpx | HTTP Request: POST http://testserver/api/contacts "HTTP/1.1 200 OK"
2026-04-24 15:49:20 | INFO     | httpx | HTTP Request: POST http://testserver/api/contacts "HTTP/1.1 200 OK"
2026-04-24 15:49:20 | INFO     | app.api.contacts | 编辑联系人: id=1, name=李四更新
2026-04-24 15:49:20 | INFO     | app.api.contacts | 编辑联系人: id=1, name=李四更新
2026-04-24 15:49:20 | INFO     | app.api.contacts | 编辑联系人: id=1, name=李四更新
2026-04-24 15:49:20 | INFO     | httpx | HTTP Request: PUT http://testserver/api/contacts/1 "HTTP/1.1 200 OK"
2026-04-24 15:49:20 | INFO     | httpx | HTTP Request: PUT http://testserver/api/contacts/1 "HTTP/1.1 200 OK"
2026-04-24 15:49:20 | INFO     | httpx | HTTP Request: PUT http://testserver/api/contacts/1 "HTTP/1.1 200 OK"
2026-04-24 15:49:20 | INFO     | app.scheduler.setup | APScheduler调度器已关闭
2026-04-24 15:49:20 | INFO     | app.scheduler.setup | APScheduler调度器已关闭
2026-04-24 15:49:20 | INFO     | app.scheduler.setup | APScheduler调度器已关闭
2026-04-24 15:49:20 | INFO     | app.main | VIP车位告警系统已关闭
2026-04-24 15:49:20 | INFO     | app.main | VIP车位告警系统已关闭
2026-04-24 15:49:20 | INFO     | app.main | VIP车位告警系统已关闭
2026-04-24 15:49:20 | INFO     | app.main | VIP车位告警系统启动中...
2026-04-24 15:49:20 | INFO     | app.main | VIP车位告警系统启动中...
2026-04-24 15:49:20 | INFO     | app.main | VIP车位告警系统启动中...
2026-04-24 15:49:20 | INFO     | app.main | VIP车位告警系统启动中...
2026-04-24 15:49:20 | INFO     | app.scheduler.setup | APScheduler调度器已启动
2026-04-24 15:49:20 | INFO     | app.scheduler.setup | APScheduler调度器已启动
2026-04-24 15:49:20 | INFO     | app.scheduler.setup | APScheduler调度器已启动
2026-04-24 15:49:20 | INFO     | app.scheduler.setup | APScheduler调度器已启动
2026-04-24 15:49:20 | INFO     | app.api.contacts | 新增联系人: id=1, name=王五
2026-04-24 15:49:20 | INFO     | app.api.contacts | 新增联系人: id=1, name=王五
2026-04-24 15:49:20 | INFO     | app.api.contacts | 新增联系人: id=1, name=王五
2026-04-24 15:49:20 | INFO     | app.api.contacts | 新增联系人: id=1, name=王五
2026-04-24 15:49:20 | INFO     | httpx | HTTP Request: POST http://testserver/api/contacts "HTTP/1.1 200 OK"
2026-04-24 15:49:20 | INFO     | httpx | HTTP Request: POST http://testserver/api/contacts "HTTP/1.1 200 OK"
2026-04-24 15:49:20 | INFO     | httpx | HTTP Request: POST http://testserver/api/contacts "HTTP/1.1 200 OK"
2026-04-24 15:49:20 | INFO     | httpx | HTTP Request: POST http://testserver/api/contacts "HTTP/1.1 200 OK"
2026-04-24 15:49:20 | INFO     | app.api.contacts | 删除联系人: id=1
2026-04-24 15:49:20 | INFO     | app.api.contacts | 删除联系人: id=1
2026-04-24 15:49:20 | INFO     | app.api.contacts | 删除联系人: id=1
2026-04-24 15:49:20 | INFO     | app.api.contacts | 删除联系人: id=1
2026-04-24 15:49:20 | INFO     | httpx | HTTP Request: DELETE http://testserver/api/contacts/1 "HTTP/1.1 200 OK"
2026-04-24 15:49:20 | INFO     | httpx | HTTP Request: DELETE http://testserver/api/contacts/1 "HTTP/1.1 200 OK"
2026-04-24 15:49:20 | INFO     | httpx | HTTP Request: DELETE http://testserver/api/contacts/1 "HTTP/1.1 200 OK"
2026-04-24 15:49:20 | INFO     | httpx | HTTP Request: DELETE http://testserver/api/contacts/1 "HTTP/1.1 200 OK"
2026-04-24 15:49:20 | INFO     | app.scheduler.setup | APScheduler调度器已关闭
2026-04-24 15:49:20 | INFO     | app.scheduler.setup | APScheduler调度器已关闭
2026-04-24 15:49:20 | INFO     | app.scheduler.setup | APScheduler调度器已关闭
2026-04-24 15:49:20 | INFO     | app.scheduler.setup | APScheduler调度器已关闭
2026-04-24 15:49:20 | INFO     | app.main | VIP车位告警系统已关闭
2026-04-24 15:49:20 | INFO     | app.main | VIP车位告警系统已关闭
2026-04-24 15:49:20 | INFO     | app.main | VIP车位告警系统已关闭
2026-04-24 15:49:20 | INFO     | app.main | VIP车位告警系统已关闭
2026-04-24 15:49:22 | INFO     | app.services.sms_sender | 短信发送成功: 13800138000
2026-04-24 15:49:22 | INFO     | app.services.sms_sender | 短信发送成功: 13800138000
2026-04-24 15:49:22 | INFO     | app.services.sms_sender | 短信发送成功: 13800138000
2026-04-24 15:49:22 | INFO     | app.services.sms_sender | 短信发送成功: 13800138000
2026-04-24 15:49:22 | WARNING  | app.services.sms_sender | 短信发送失败: 13800138000, HTTP 500, body=error
2026-04-24 15:49:22 | WARNING  | app.services.sms_sender | 短信发送失败: 13800138000, HTTP 500, body=error
2026-04-24 15:49:22 | WARNING  | app.services.sms_sender | 短信发送失败: 13800138000, HTTP 500, body=error
2026-04-24 15:49:22 | WARNING  | app.services.sms_sender | 短信发送失败: 13800138000, HTTP 500, body=error
2026-04-24 15:49:22 | ERROR    | app.services.sms_sender | 短信发送异常: 13800138000, timeout
2026-04-24 15:49:22 | ERROR    | app.services.sms_sender | 短信发送异常: 13800138000, timeout
2026-04-24 15:49:22 | ERROR    | app.services.sms_sender | 短信发送异常: 13800138000, timeout
2026-04-24 15:49:22 | ERROR    | app.services.sms_sender | 短信发送异常: 13800138000, timeout
2026-04-24 15:49:22 | INFO     | app.main | VIP车位告警系统启动中...
2026-04-24 15:49:22 | INFO     | app.main | VIP车位告警系统启动中...
2026-04-24 15:49:22 | INFO     | app.main | VIP车位告警系统启动中...
2026-04-24 15:49:22 | INFO     | app.main | VIP车位告警系统启动中...
2026-04-24 15:49:22 | INFO     | app.main | VIP车位告警系统启动中...
2026-04-24 15:49:22 | INFO     | app.scheduler.setup | APScheduler调度器已启动
2026-04-24 15:49:22 | INFO     | app.scheduler.setup | APScheduler调度器已启动
2026-04-24 15:49:22 | INFO     | app.scheduler.setup | APScheduler调度器已启动
2026-04-24 15:49:22 | INFO     | app.scheduler.setup | APScheduler调度器已启动
2026-04-24 15:49:22 | INFO     | app.scheduler.setup | APScheduler调度器已启动
2026-04-24 15:49:22 | INFO     | app.api.spots | 新增VIP车位: id=1, spot_number=A01
2026-04-24 15:49:22 | INFO     | app.api.spots | 新增VIP车位: id=1, spot_number=A01
2026-04-24 15:49:22 | INFO     | app.api.spots | 新增VIP车位: id=1, spot_number=A01
2026-04-24 15:49:22 | INFO     | app.api.spots | 新增VIP车位: id=1, spot_number=A01
2026-04-24 15:49:22 | INFO     | app.api.spots | 新增VIP车位: id=1, spot_number=A01
2026-04-24 15:49:22 | INFO     | httpx | HTTP Request: POST http://testserver/api/spots "HTTP/1.1 200 OK"
2026-04-24 15:49:22 | INFO     | httpx | HTTP Request: POST http://testserver/api/spots "HTTP/1.1 200 OK"
2026-04-24 15:49:22 | INFO     | httpx | HTTP Request: POST http://testserver/api/spots "HTTP/1.1 200 OK"
2026-04-24 15:49:22 | INFO     | httpx | HTTP Request: POST http://testserver/api/spots "HTTP/1.1 200 OK"
2026-04-24 15:49:22 | INFO     | httpx | HTTP Request: POST http://testserver/api/spots "HTTP/1.1 200 OK"
2026-04-24 15:49:22 | INFO     | app.scheduler.setup | APScheduler调度器已关闭
2026-04-24 15:49:22 | INFO     | app.scheduler.setup | APScheduler调度器已关闭
2026-04-24 15:49:22 | INFO     | app.scheduler.setup | APScheduler调度器已关闭
2026-04-24 15:49:22 | INFO     | app.scheduler.setup | APScheduler调度器已关闭
2026-04-24 15:49:22 | INFO     | app.scheduler.setup | APScheduler调度器已关闭
2026-04-24 15:49:22 | INFO     | app.main | VIP车位告警系统已关闭
2026-04-24 15:49:22 | INFO     | app.main | VIP车位告警系统已关闭
2026-04-24 15:49:22 | INFO     | app.main | VIP车位告警系统已关闭
2026-04-24 15:49:22 | INFO     | app.main | VIP车位告警系统已关闭
2026-04-24 15:49:22 | INFO     | app.main | VIP车位告警系统已关闭
2026-04-24 15:49:22 | INFO     | app.main | VIP车位告警系统启动中...
2026-04-24 15:49:22 | INFO     | app.main | VIP车位告警系统启动中...
2026-04-24 15:49:22 | INFO     | app.main | VIP车位告警系统启动中...
2026-04-24 15:49:22 | INFO     | app.main | VIP车位告警系统启动中...
2026-04-24 15:49:22 | INFO     | app.main | VIP车位告警系统启动中...
2026-04-24 15:49:22 | INFO     | app.main | VIP车位告警系统启动中...
2026-04-24 15:49:22 | INFO     | app.scheduler.setup | APScheduler调度器已启动
2026-04-24 15:49:22 | INFO     | app.scheduler.setup | APScheduler调度器已启动
2026-04-24 15:49:22 | INFO     | app.scheduler.setup | APScheduler调度器已启动
2026-04-24 15:49:22 | INFO     | app.scheduler.setup | APScheduler调度器已启动
2026-04-24 15:49:22 | INFO     | app.scheduler.setup | APScheduler调度器已启动
2026-04-24 15:49:22 | INFO     | app.scheduler.setup | APScheduler调度器已启动
2026-04-24 15:49:22 | INFO     | app.api.spots | 新增VIP车位: id=1, spot_number=A02
2026-04-24 15:49:22 | INFO     | app.api.spots | 新增VIP车位: id=1, spot_number=A02
2026-04-24 15:49:22 | INFO     | app.api.spots | 新增VIP车位: id=1, spot_number=A02
2026-04-24 15:49:22 | INFO     | app.api.spots | 新增VIP车位: id=1, spot_number=A02
2026-04-24 15:49:22 | INFO     | app.api.spots | 新增VIP车位: id=1, spot_number=A02
2026-04-24 15:49:22 | INFO     | app.api.spots | 新增VIP车位: id=1, spot_number=A02
2026-04-24 15:49:22 | INFO     | httpx | HTTP Request: POST http://testserver/api/spots "HTTP/1.1 200 OK"
2026-04-24 15:49:22 | INFO     | httpx | HTTP Request: POST http://testserver/api/spots "HTTP/1.1 200 OK"
2026-04-24 15:49:22 | INFO     | httpx | HTTP Request: POST http://testserver/api/spots "HTTP/1.1 200 OK"
2026-04-24 15:49:22 | INFO     | httpx | HTTP Request: POST http://testserver/api/spots "HTTP/1.1 200 OK"
2026-04-24 15:49:22 | INFO     | httpx | HTTP Request: POST http://testserver/api/spots "HTTP/1.1 200 OK"
2026-04-24 15:49:22 | INFO     | httpx | HTTP Request: POST http://testserver/api/spots "HTTP/1.1 200 OK"
2026-04-24 15:49:22 | INFO     | app.api.spots | 查询VIP车位列表: page=1, page_size=20, total=1
2026-04-24 15:49:22 | INFO     | app.api.spots | 查询VIP车位列表: page=1, page_size=20, total=1
2026-04-24 15:49:22 | INFO     | app.api.spots | 查询VIP车位列表: page=1, page_size=20, total=1
2026-04-24 15:49:22 | INFO     | app.api.spots | 查询VIP车位列表: page=1, page_size=20, total=1
2026-04-24 15:49:22 | INFO     | app.api.spots | 查询VIP车位列表: page=1, page_size=20, total=1
2026-04-24 15:49:22 | INFO     | app.api.spots | 查询VIP车位列表: page=1, page_size=20, total=1
2026-04-24 15:49:22 | INFO     | httpx | HTTP Request: GET http://testserver/api/spots "HTTP/1.1 200 OK"
2026-04-24 15:49:22 | INFO     | httpx | HTTP Request: GET http://testserver/api/spots "HTTP/1.1 200 OK"
2026-04-24 15:49:22 | INFO     | httpx | HTTP Request: GET http://testserver/api/spots "HTTP/1.1 200 OK"
2026-04-24 15:49:22 | INFO     | httpx | HTTP Request: GET http://testserver/api/spots "HTTP/1.1 200 OK"
2026-04-24 15:49:22 | INFO     | httpx | HTTP Request: GET http://testserver/api/spots "HTTP/1.1 200 OK"
2026-04-24 15:49:22 | INFO     | httpx | HTTP Request: GET http://testserver/api/spots "HTTP/1.1 200 OK"
2026-04-24 15:49:22 | INFO     | app.scheduler.setup | APScheduler调度器已关闭
2026-04-24 15:49:22 | INFO     | app.scheduler.setup | APScheduler调度器已关闭
2026-04-24 15:49:22 | INFO     | app.scheduler.setup | APScheduler调度器已关闭
2026-04-24 15:49:22 | INFO     | app.scheduler.setup | APScheduler调度器已关闭
2026-04-24 15:49:22 | INFO     | app.scheduler.setup | APScheduler调度器已关闭
2026-04-24 15:49:22 | INFO     | app.scheduler.setup | APScheduler调度器已关闭
2026-04-24 15:49:22 | INFO     | app.main | VIP车位告警系统已关闭
2026-04-24 15:49:22 | INFO     | app.main | VIP车位告警系统已关闭
2026-04-24 15:49:22 | INFO     | app.main | VIP车位告警系统已关闭
2026-04-24 15:49:22 | INFO     | app.main | VIP车位告警系统已关闭
2026-04-24 15:49:22 | INFO     | app.main | VIP车位告警系统已关闭
2026-04-24 15:49:22 | INFO     | app.main | VIP车位告警系统已关闭
2026-04-24 15:49:22 | INFO     | app.main | VIP车位告警系统启动中...
2026-04-24 15:49:22 | INFO     | app.main | VIP车位告警系统启动中...
2026-04-24 15:49:22 | INFO     | app.main | VIP车位告警系统启动中...
2026-04-24 15:49:22 | INFO     | app.main | VIP车位告警系统启动中...
2026-04-24 15:49:22 | INFO     | app.main | VIP车位告警系统启动中...
2026-04-24 15:49:22 | INFO     | app.main | VIP车位告警系统启动中...
2026-04-24 15:49:22 | INFO     | app.main | VIP车位告警系统启动中...
2026-04-24 15:49:22 | INFO     | app.scheduler.setup | APScheduler调度器已启动
2026-04-24 15:49:22 | INFO     | app.scheduler.setup | APScheduler调度器已启动
2026-04-24 15:49:22 | INFO     | app.scheduler.setup | APScheduler调度器已启动
2026-04-24 15:49:22 | INFO     | app.scheduler.setup | APScheduler调度器已启动
2026-04-24 15:49:22 | INFO     | app.scheduler.setup | APScheduler调度器已启动
2026-04-24 15:49:22 | INFO     | app.scheduler.setup | APScheduler调度器已启动
2026-04-24 15:49:22 | INFO     | app.scheduler.setup | APScheduler调度器已启动
2026-04-24 15:49:22 | INFO     | app.api.spots | 新增VIP车位: id=1, spot_number=A03
2026-04-24 15:49:22 | INFO     | app.api.spots | 新增VIP车位: id=1, spot_number=A03
2026-04-24 15:49:22 | INFO     | app.api.spots | 新增VIP车位: id=1, spot_number=A03
2026-04-24 15:49:22 | INFO     | app.api.spots | 新增VIP车位: id=1, spot_number=A03
2026-04-24 15:49:22 | INFO     | app.api.spots | 新增VIP车位: id=1, spot_number=A03
2026-04-24 15:49:22 | INFO     | app.api.spots | 新增VIP车位: id=1, spot_number=A03
2026-04-24 15:49:22 | INFO     | app.api.spots | 新增VIP车位: id=1, spot_number=A03
2026-04-24 15:49:22 | INFO     | httpx | HTTP Request: POST http://testserver/api/spots "HTTP/1.1 200 OK"
2026-04-24 15:49:22 | INFO     | httpx | HTTP Request: POST http://testserver/api/spots "HTTP/1.1 200 OK"
2026-04-24 15:49:22 | INFO     | httpx | HTTP Request: POST http://testserver/api/spots "HTTP/1.1 200 OK"
2026-04-24 15:49:22 | INFO     | httpx | HTTP Request: POST http://testserver/api/spots "HTTP/1.1 200 OK"
2026-04-24 15:49:22 | INFO     | httpx | HTTP Request: POST http://testserver/api/spots "HTTP/1.1 200 OK"
2026-04-24 15:49:22 | INFO     | httpx | HTTP Request: POST http://testserver/api/spots "HTTP/1.1 200 OK"
2026-04-24 15:49:22 | INFO     | httpx | HTTP Request: POST http://testserver/api/spots "HTTP/1.1 200 OK"
2026-04-24 15:49:22 | INFO     | app.api.spots | 编辑VIP车位: id=1, spot_number=A03
2026-04-24 15:49:22 | INFO     | app.api.spots | 编辑VIP车位: id=1, spot_number=A03
2026-04-24 15:49:22 | INFO     | app.api.spots | 编辑VIP车位: id=1, spot_number=A03
2026-04-24 15:49:22 | INFO     | app.api.spots | 编辑VIP车位: id=1, spot_number=A03
2026-04-24 15:49:22 | INFO     | app.api.spots | 编辑VIP车位: id=1, spot_number=A03
2026-04-24 15:49:22 | INFO     | app.api.spots | 编辑VIP车位: id=1, spot_number=A03
2026-04-24 15:49:22 | INFO     | app.api.spots | 编辑VIP车位: id=1, spot_number=A03
2026-04-24 15:49:22 | INFO     | httpx | HTTP Request: PUT http://testserver/api/spots/1 "HTTP/1.1 200 OK"
2026-04-24 15:49:22 | INFO     | httpx | HTTP Request: PUT http://testserver/api/spots/1 "HTTP/1.1 200 OK"
2026-04-24 15:49:22 | INFO     | httpx | HTTP Request: PUT http://testserver/api/spots/1 "HTTP/1.1 200 OK"
2026-04-24 15:49:22 | INFO     | httpx | HTTP Request: PUT http://testserver/api/spots/1 "HTTP/1.1 200 OK"
2026-04-24 15:49:22 | INFO     | httpx | HTTP Request: PUT http://testserver/api/spots/1 "HTTP/1.1 200 OK"
2026-04-24 15:49:22 | INFO     | httpx | HTTP Request: PUT http://testserver/api/spots/1 "HTTP/1.1 200 OK"
2026-04-24 15:49:22 | INFO     | httpx | HTTP Request: PUT http://testserver/api/spots/1 "HTTP/1.1 200 OK"
2026-04-24 15:49:22 | INFO     | app.scheduler.setup | APScheduler调度器已关闭
2026-04-24 15:49:22 | INFO     | app.scheduler.setup | APScheduler调度器已关闭
2026-04-24 15:49:22 | INFO     | app.scheduler.setup | APScheduler调度器已关闭
2026-04-24 15:49:22 | INFO     | app.scheduler.setup | APScheduler调度器已关闭
2026-04-24 15:49:22 | INFO     | app.scheduler.setup | APScheduler调度器已关闭
2026-04-24 15:49:22 | INFO     | app.scheduler.setup | APScheduler调度器已关闭
2026-04-24 15:49:22 | INFO     | app.scheduler.setup | APScheduler调度器已关闭
2026-04-24 15:49:22 | INFO     | app.main | VIP车位告警系统已关闭
2026-04-24 15:49:22 | INFO     | app.main | VIP车位告警系统已关闭
2026-04-24 15:49:22 | INFO     | app.main | VIP车位告警系统已关闭
2026-04-24 15:49:22 | INFO     | app.main | VIP车位告警系统已关闭
2026-04-24 15:49:22 | INFO     | app.main | VIP车位告警系统已关闭
2026-04-24 15:49:22 | INFO     | app.main | VIP车位告警系统已关闭
2026-04-24 15:49:22 | INFO     | app.main | VIP车位告警系统已关闭
2026-04-24 15:49:22 | INFO     | app.main | VIP车位告警系统启动中...
2026-04-24 15:49:22 | INFO     | app.main | VIP车位告警系统启动中...
2026-04-24 15:49:22 | INFO     | app.main | VIP车位告警系统启动中...
2026-04-24 15:49:22 | INFO     | app.main | VIP车位告警系统启动中...
2026-04-24 15:49:22 | INFO     | app.main | VIP车位告警系统启动中...
2026-04-24 15:49:22 | INFO     | app.main | VIP车位告警系统启动中...
2026-04-24 15:49:22 | INFO     | app.main | VIP车位告警系统启动中...
2026-04-24 15:49:22 | INFO     | app.main | VIP车位告警系统启动中...
2026-04-24 15:49:22 | INFO     | app.scheduler.setup | APScheduler调度器已启动
2026-04-24 15:49:22 | INFO     | app.scheduler.setup | APScheduler调度器已启动
2026-04-24 15:49:22 | INFO     | app.scheduler.setup | APScheduler调度器已启动
2026-04-24 15:49:22 | INFO     | app.scheduler.setup | APScheduler调度器已启动
2026-04-24 15:49:22 | INFO     | app.scheduler.setup | APScheduler调度器已启动
2026-04-24 15:49:22 | INFO     | app.scheduler.setup | APScheduler调度器已启动
2026-04-24 15:49:22 | INFO     | app.scheduler.setup | APScheduler调度器已启动
2026-04-24 15:49:22 | INFO     | app.scheduler.setup | APScheduler调度器已启动
2026-04-24 15:49:22 | INFO     | app.api.spots | 新增VIP车位: id=1, spot_number=A04
2026-04-24 15:49:22 | INFO     | app.api.spots | 新增VIP车位: id=1, spot_number=A04
2026-04-24 15:49:22 | INFO     | app.api.spots | 新增VIP车位: id=1, spot_number=A04
2026-04-24 15:49:22 | INFO     | app.api.spots | 新增VIP车位: id=1, spot_number=A04
2026-04-24 15:49:22 | INFO     | app.api.spots | 新增VIP车位: id=1, spot_number=A04
2026-04-24 15:49:22 | INFO     | app.api.spots | 新增VIP车位: id=1, spot_number=A04
2026-04-24 15:49:22 | INFO     | app.api.spots | 新增VIP车位: id=1, spot_number=A04
2026-04-24 15:49:22 | INFO     | app.api.spots | 新增VIP车位: id=1, spot_number=A04
2026-04-24 15:49:22 | INFO     | httpx | HTTP Request: POST http://testserver/api/spots "HTTP/1.1 200 OK"
2026-04-24 15:49:22 | INFO     | httpx | HTTP Request: POST http://testserver/api/spots "HTTP/1.1 200 OK"
2026-04-24 15:49:22 | INFO     | httpx | HTTP Request: POST http://testserver/api/spots "HTTP/1.1 200 OK"
2026-04-24 15:49:22 | INFO     | httpx | HTTP Request: POST http://testserver/api/spots "HTTP/1.1 200 OK"
2026-04-24 15:49:22 | INFO     | httpx | HTTP Request: POST http://testserver/api/spots "HTTP/1.1 200 OK"
2026-04-24 15:49:22 | INFO     | httpx | HTTP Request: POST http://testserver/api/spots "HTTP/1.1 200 OK"
2026-04-24 15:49:22 | INFO     | httpx | HTTP Request: POST http://testserver/api/spots "HTTP/1.1 200 OK"
2026-04-24 15:49:22 | INFO     | httpx | HTTP Request: POST http://testserver/api/spots "HTTP/1.1 200 OK"
2026-04-24 15:49:22 | INFO     | app.api.spots | 删除VIP车位: id=1, spot_number=A04
2026-04-24 15:49:22 | INFO     | app.api.spots | 删除VIP车位: id=1, spot_number=A04
2026-04-24 15:49:22 | INFO     | app.api.spots | 删除VIP车位: id=1, spot_number=A04
2026-04-24 15:49:22 | INFO     | app.api.spots | 删除VIP车位: id=1, spot_number=A04
2026-04-24 15:49:22 | INFO     | app.api.spots | 删除VIP车位: id=1, spot_number=A04
2026-04-24 15:49:22 | INFO     | app.api.spots | 删除VIP车位: id=1, spot_number=A04
2026-04-24 15:49:22 | INFO     | app.api.spots | 删除VIP车位: id=1, spot_number=A04
2026-04-24 15:49:22 | INFO     | app.api.spots | 删除VIP车位: id=1, spot_number=A04
2026-04-24 15:49:22 | INFO     | httpx | HTTP Request: DELETE http://testserver/api/spots/1 "HTTP/1.1 200 OK"
2026-04-24 15:49:22 | INFO     | httpx | HTTP Request: DELETE http://testserver/api/spots/1 "HTTP/1.1 200 OK"
2026-04-24 15:49:22 | INFO     | httpx | HTTP Request: DELETE http://testserver/api/spots/1 "HTTP/1.1 200 OK"
2026-04-24 15:49:22 | INFO     | httpx | HTTP Request: DELETE http://testserver/api/spots/1 "HTTP/1.1 200 OK"
2026-04-24 15:49:22 | INFO     | httpx | HTTP Request: DELETE http://testserver/api/spots/1 "HTTP/1.1 200 OK"
2026-04-24 15:49:22 | INFO     | httpx | HTTP Request: DELETE http://testserver/api/spots/1 "HTTP/1.1 200 OK"
2026-04-24 15:49:22 | INFO     | httpx | HTTP Request: DELETE http://testserver/api/spots/1 "HTTP/1.1 200 OK"
2026-04-24 15:49:22 | INFO     | httpx | HTTP Request: DELETE http://testserver/api/spots/1 "HTTP/1.1 200 OK"
2026-04-24 15:49:22 | INFO     | app.scheduler.setup | APScheduler调度器已关闭
2026-04-24 15:49:22 | INFO     | app.scheduler.setup | APScheduler调度器已关闭
2026-04-24 15:49:22 | INFO     | app.scheduler.setup | APScheduler调度器已关闭
2026-04-24 15:49:22 | INFO     | app.scheduler.setup | APScheduler调度器已关闭
2026-04-24 15:49:22 | INFO     | app.scheduler.setup | APScheduler调度器已关闭
2026-04-24 15:49:22 | INFO     | app.scheduler.setup | APScheduler调度器已关闭
2026-04-24 15:49:22 | INFO     | app.scheduler.setup | APScheduler调度器已关闭
2026-04-24 15:49:22 | INFO     | app.scheduler.setup | APScheduler调度器已关闭
2026-04-24 15:49:22 | INFO     | app.main | VIP车位告警系统已关闭
2026-04-24 15:49:22 | INFO     | app.main | VIP车位告警系统已关闭
2026-04-24 15:49:22 | INFO     | app.main | VIP车位告警系统已关闭
2026-04-24 15:49:22 | INFO     | app.main | VIP车位告警系统已关闭
2026-04-24 15:49:22 | INFO     | app.main | VIP车位告警系统已关闭
2026-04-24 15:49:22 | INFO     | app.main | VIP车位告警系统已关闭
2026-04-24 15:49:22 | INFO     | app.main | VIP车位告警系统已关闭
2026-04-24 15:49:22 | INFO     | app.main | VIP车位告警系统已关闭
2026-04-24 15:49:22 | INFO     | app.main | VIP车位告警系统启动中...
2026-04-24 15:49:22 | INFO     | app.main | VIP车位告警系统启动中...
2026-04-24 15:49:22 | INFO     | app.main | VIP车位告警系统启动中...
2026-04-24 15:49:22 | INFO     | app.main | VIP车位告警系统启动中...
2026-04-24 15:49:22 | INFO     | app.main | VIP车位告警系统启动中...
2026-04-24 15:49:22 | INFO     | app.main | VIP车位告警系统启动中...
2026-04-24 15:49:22 | INFO     | app.main | VIP车位告警系统启动中...
2026-04-24 15:49:22 | INFO     | app.main | VIP车位告警系统启动中...
2026-04-24 15:49:22 | INFO     | app.main | VIP车位告警系统启动中...
2026-04-24 15:49:22 | INFO     | app.scheduler.setup | APScheduler调度器已启动
2026-04-24 15:49:22 | INFO     | app.scheduler.setup | APScheduler调度器已启动
2026-04-24 15:49:22 | INFO     | app.scheduler.setup | APScheduler调度器已启动
2026-04-24 15:49:22 | INFO     | app.scheduler.setup | APScheduler调度器已启动
2026-04-24 15:49:22 | INFO     | app.scheduler.setup | APScheduler调度器已启动
2026-04-24 15:49:22 | INFO     | app.scheduler.setup | APScheduler调度器已启动
2026-04-24 15:49:22 | INFO     | app.scheduler.setup | APScheduler调度器已启动
2026-04-24 15:49:22 | INFO     | app.scheduler.setup | APScheduler调度器已启动
2026-04-24 15:49:22 | INFO     | app.scheduler.setup | APScheduler调度器已启动
2026-04-24 15:49:22 | INFO     | app.api.spots | 新增VIP车位: id=1, spot_number=A05
2026-04-24 15:49:22 | INFO     | app.api.spots | 新增VIP车位: id=1, spot_number=A05
2026-04-24 15:49:22 | INFO     | app.api.spots | 新增VIP车位: id=1, spot_number=A05
2026-04-24 15:49:22 | INFO     | app.api.spots | 新增VIP车位: id=1, spot_number=A05
2026-04-24 15:49:22 | INFO     | app.api.spots | 新增VIP车位: id=1, spot_number=A05
2026-04-24 15:49:22 | INFO     | app.api.spots | 新增VIP车位: id=1, spot_number=A05
2026-04-24 15:49:22 | INFO     | app.api.spots | 新增VIP车位: id=1, spot_number=A05
2026-04-24 15:49:22 | INFO     | app.api.spots | 新增VIP车位: id=1, spot_number=A05
2026-04-24 15:49:22 | INFO     | app.api.spots | 新增VIP车位: id=1, spot_number=A05
2026-04-24 15:49:22 | INFO     | httpx | HTTP Request: POST http://testserver/api/spots "HTTP/1.1 200 OK"
2026-04-24 15:49:22 | INFO     | httpx | HTTP Request: POST http://testserver/api/spots "HTTP/1.1 200 OK"
2026-04-24 15:49:22 | INFO     | httpx | HTTP Request: POST http://testserver/api/spots "HTTP/1.1 200 OK"
2026-04-24 15:49:22 | INFO     | httpx | HTTP Request: POST http://testserver/api/spots "HTTP/1.1 200 OK"
2026-04-24 15:49:22 | INFO     | httpx | HTTP Request: POST http://testserver/api/spots "HTTP/1.1 200 OK"
2026-04-24 15:49:22 | INFO     | httpx | HTTP Request: POST http://testserver/api/spots "HTTP/1.1 200 OK"
2026-04-24 15:49:22 | INFO     | httpx | HTTP Request: POST http://testserver/api/spots "HTTP/1.1 200 OK"
2026-04-24 15:49:22 | INFO     | httpx | HTTP Request: POST http://testserver/api/spots "HTTP/1.1 200 OK"
2026-04-24 15:49:22 | INFO     | httpx | HTTP Request: POST http://testserver/api/spots "HTTP/1.1 200 OK"
2026-04-24 15:49:22 | ERROR    | app.main | 未处理异常: http://testserver/api/spots - (sqlite3.IntegrityError) UNIQUE constraint failed: vip_parking_spots.spot_number
[SQL: INSERT INTO vip_parking_spots (spot_number, owner, allowed_plates, status, created_at, updated_at) VALUES (?, ?, ?, ?, ?, ?)]
[parameters: ('A05', '重复', '["粤B55555"]', 1, '2026-04-24 15:49:22.204823', '2026-04-24 15:49:22.204826')]
(Background on this error at: https://sqlalche.me/e/20/gkpj)
Traceback (most recent call last):
  File "/usr/local/lib/python3.10/dist-packages/sqlalchemy/engine/base.py", line 1967, in _exec_single_context
    self.dialect.do_execute(
  File "/usr/local/lib/python3.10/dist-packages/sqlalchemy/engine/default.py", line 941, in do_execute
    cursor.execute(statement, parameters)
sqlite3.IntegrityError: UNIQUE constraint failed: vip_parking_spots.spot_number

The above exception was the direct cause of the following exception:

Traceback (most recent call last):
  File "/usr/local/lib/python3.10/dist-packages/starlette/middleware/errors.py", line 165, in __call__
    await self.app(scope, receive, _send)
  File "/usr/local/lib/python3.10/dist-packages/starlette/middleware/exceptions.py", line 62, in __call__
    await wrap_app_handling_exceptions(self.app, conn)(scope, receive, send)
  File "/usr/local/lib/python3.10/dist-packages/starlette/_exception_handler.py", line 62, in wrapped_app
    raise exc
  File "/usr/local/lib/python3.10/dist-packages/starlette/_exception_handler.py", line 51, in wrapped_app
    await app(scope, receive, sender)
  File "/usr/local/lib/python3.10/dist-packages/starlette/routing.py", line 715, in __call__
    await self.middleware_stack(scope, receive, send)
  File "/usr/local/lib/python3.10/dist-packages/starlette/routing.py", line 735, in app
    await route.handle(scope, receive, send)
  File "/usr/local/lib/python3.10/dist-packages/starlette/routing.py", line 288, in handle
    await self.app(scope, receive, send)
  File "/usr/local/lib/python3.10/dist-packages/starlette/routing.py", line 76, in app
    await wrap_app_handling_exceptions(app, request)(scope, receive, send)
  File "/usr/local/lib/python3.10/dist-packages/starlette/_exception_handler.py", line 62, in wrapped_app
    raise exc
  File "/usr/local/lib/python3.10/dist-packages/starlette/_exception_handler.py", line 51, in wrapped_app
    await app(scope, receive, sender)
  File "/usr/local/lib/python3.10/dist-packages/starlette/routing.py", line 73, in app
    response = await f(request)
  File "/usr/local/lib/python3.10/dist-packages/fastapi/routing.py", line 301, in app
    raw_response = await run_endpoint_function(
  File "/usr/local/lib/python3.10/dist-packages/fastapi/routing.py", line 214, in run_endpoint_function
    return await run_in_threadpool(dependant.call, **values)
  File "/usr/local/lib/python3.10/dist-packages/starlette/concurrency.py", line 39, in run_in_threadpool
    return await anyio.to_thread.run_sync(func, *args)
  File "/usr/local/lib/python3.10/dist-packages/anyio/to_thread.py", line 63, in run_sync
    return await get_async_backend().run_sync_in_worker_thread(
  File "/usr/local/lib/python3.10/dist-packages/anyio/_backends/_asyncio.py", line 2518, in run_sync_in_worker_thread
    return await future
  File "/usr/local/lib/python3.10/dist-packages/anyio/_backends/_asyncio.py", line 1002, in run
    result = context.run(func, *args)
  File "/workspace/vip_parking_alert/backend/app/api/spots.py", line 83, in create_spot
    db.commit()
  File "/usr/local/lib/python3.10/dist-packages/sqlalchemy/orm/session.py", line 2028, in commit
    trans.commit(_to_root=True)
  File "<string>", line 2, in commit
  File "/usr/local/lib/python3.10/dist-packages/sqlalchemy/orm/state_changes.py", line 139, in _go
    ret_value = fn(self, *arg, **kw)
  File "/usr/local/lib/python3.10/dist-packages/sqlalchemy/orm/session.py", line 1313, in commit
    self._prepare_impl()
  File "<string>", line 2, in _prepare_impl
  File "/usr/local/lib/python3.10/dist-packages/sqlalchemy/orm/state_changes.py", line 139, in _go
    ret_value = fn(self, *arg, **kw)
  File "/usr/local/lib/python3.10/dist-packages/sqlalchemy/orm/session.py", line 1288, in _prepare_impl
    self.session.flush()
  File "/usr/local/lib/python3.10/dist-packages/sqlalchemy/orm/session.py", line 4352, in flush
    self._flush(objects)
  File "/usr/local/lib/python3.10/dist-packages/sqlalchemy/orm/session.py", line 4487, in _flush
    with util.safe_reraise():
  File "/usr/local/lib/python3.10/dist-packages/sqlalchemy/util/langhelpers.py", line 146, in __exit__
    raise exc_value.with_traceback(exc_tb)
  File "/usr/local/lib/python3.10/dist-packages/sqlalchemy/orm/session.py", line 4448, in _flush
    flush_context.execute()
  File "/usr/local/lib/python3.10/dist-packages/sqlalchemy/orm/unitofwork.py", line 466, in execute
    rec.execute(self)
  File "/usr/local/lib/python3.10/dist-packages/sqlalchemy/orm/unitofwork.py", line 642, in execute
    util.preloaded.orm_persistence.save_obj(
  File "/usr/local/lib/python3.10/dist-packages/sqlalchemy/orm/persistence.py", line 93, in save_obj
    _emit_insert_statements(
  File "/usr/local/lib/python3.10/dist-packages/sqlalchemy/orm/persistence.py", line 1233, in _emit_insert_statements
    result = connection.execute(
  File "/usr/local/lib/python3.10/dist-packages/sqlalchemy/engine/base.py", line 1418, in execute
    return meth(
  File "/usr/local/lib/python3.10/dist-packages/sqlalchemy/sql/elements.py", line 515, in _execute_on_connection
    return connection._execute_clauseelement(
  File "/usr/local/lib/python3.10/dist-packages/sqlalchemy/engine/base.py", line 1640, in _execute_clauseelement
    ret = self._execute_context(
  File "/usr/local/lib/python3.10/dist-packages/sqlalchemy/engine/base.py", line 1846, in _execute_context
    return self._exec_single_context(
  File "/usr/local/lib/python3.10/dist-packages/sqlalchemy/engine/base.py", line 1986, in _exec_single_context
    self._handle_dbapi_exception(
  File "/usr/local/lib/python3.10/dist-packages/sqlalchemy/engine/base.py", line 2355, in _handle_dbapi_exception
    raise sqlalchemy_exception.with_traceback(exc_info[2]) from e
  File "/usr/local/lib/python3.10/dist-packages/sqlalchemy/engine/base.py", line 1967, in _exec_single_context
    self.dialect.do_execute(
  File "/usr/local/lib/python3.10/dist-packages/sqlalchemy/engine/default.py", line 941, in do_execute
    cursor.execute(statement, parameters)
sqlalchemy.exc.IntegrityError: (sqlite3.IntegrityError) UNIQUE constraint failed: vip_parking_spots.spot_number
[SQL: INSERT INTO vip_parking_spots (spot_number, owner, allowed_plates, status, created_at, updated_at) VALUES (?, ?, ?, ?, ?, ?)]
[parameters: ('A05', '重复', '["粤B55555"]', 1, '2026-04-24 15:49:22.204823', '2026-04-24 15:49:22.204826')]
(Background on this error at: https://sqlalche.me/e/20/gkpj)
2026-04-24 15:49:22 | ERROR    | app.main | 未处理异常: http://testserver/api/spots - (sqlite3.IntegrityError) UNIQUE constraint failed: vip_parking_spots.spot_number
[SQL: INSERT INTO vip_parking_spots (spot_number, owner, allowed_plates, status, created_at, updated_at) VALUES (?, ?, ?, ?, ?, ?)]
[parameters: ('A05', '重复', '["粤B55555"]', 1, '2026-04-24 15:49:22.204823', '2026-04-24 15:49:22.204826')]
(Background on this error at: https://sqlalche.me/e/20/gkpj)
Traceback (most recent call last):
  File "/usr/local/lib/python3.10/dist-packages/sqlalchemy/engine/base.py", line 1967, in _exec_single_context
    self.dialect.do_execute(
  File "/usr/local/lib/python3.10/dist-packages/sqlalchemy/engine/default.py", line 941, in do_execute
    cursor.execute(statement, parameters)
sqlite3.IntegrityError: UNIQUE constraint failed: vip_parking_spots.spot_number

The above exception was the direct cause of the following exception:

Traceback (most recent call last):
  File "/usr/local/lib/python3.10/dist-packages/starlette/middleware/errors.py", line 165, in __call__
    await self.app(scope, receive, _send)
  File "/usr/local/lib/python3.10/dist-packages/starlette/middleware/exceptions.py", line 62, in __call__
    await wrap_app_handling_exceptions(self.app, conn)(scope, receive, send)
  File "/usr/local/lib/python3.10/dist-packages/starlette/_exception_handler.py", line 62, in wrapped_app
    raise exc
  File "/usr/local/lib/python3.10/dist-packages/starlette/_exception_handler.py", line 51, in wrapped_app
    await app(scope, receive, sender)
  File "/usr/local/lib/python3.10/dist-packages/starlette/routing.py", line 715, in __call__
    await self.middleware_stack(scope, receive, send)
  File "/usr/local/lib/python3.10/dist-packages/starlette/routing.py", line 735, in app
    await route.handle(scope, receive, send)
  File "/usr/local/lib/python3.10/dist-packages/starlette/routing.py", line 288, in handle
    await self.app(scope, receive, send)
  File "/usr/local/lib/python3.10/dist-packages/starlette/routing.py", line 76, in app
    await wrap_app_handling_exceptions(app, request)(scope, receive, send)
  File "/usr/local/lib/python3.10/dist-packages/starlette/_exception_handler.py", line 62, in wrapped_app
    raise exc
  File "/usr/local/lib/python3.10/dist-packages/starlette/_exception_handler.py", line 51, in wrapped_app
    await app(scope, receive, sender)
  File "/usr/local/lib/python3.10/dist-packages/starlette/routing.py", line 73, in app
    response = await f(request)
  File "/usr/local/lib/python3.10/dist-packages/fastapi/routing.py", line 301, in app
    raw_response = await run_endpoint_function(
  File "/usr/local/lib/python3.10/dist-packages/fastapi/routing.py", line 214, in run_endpoint_function
    return await run_in_threadpool(dependant.call, **values)
  File "/usr/local/lib/python3.10/dist-packages/starlette/concurrency.py", line 39, in run_in_threadpool
    return await anyio.to_thread.run_sync(func, *args)
  File "/usr/local/lib/python3.10/dist-packages/anyio/to_thread.py", line 63, in run_sync
    return await get_async_backend().run_sync_in_worker_thread(
  File "/usr/local/lib/python3.10/dist-packages/anyio/_backends/_asyncio.py", line 2518, in run_sync_in_worker_thread
    return await future
  File "/usr/local/lib/python3.10/dist-packages/anyio/_backends/_asyncio.py", line 1002, in run
    result = context.run(func, *args)
  File "/workspace/vip_parking_alert/backend/app/api/spots.py", line 83, in create_spot
    db.commit()
  File "/usr/local/lib/python3.10/dist-packages/sqlalchemy/orm/session.py", line 2028, in commit
    trans.commit(_to_root=True)
  File "<string>", line 2, in commit
  File "/usr/local/lib/python3.10/dist-packages/sqlalchemy/orm/state_changes.py", line 139, in _go
    ret_value = fn(self, *arg, **kw)
  File "/usr/local/lib/python3.10/dist-packages/sqlalchemy/orm/session.py", line 1313, in commit
    self._prepare_impl()
  File "<string>", line 2, in _prepare_impl
  File "/usr/local/lib/python3.10/dist-packages/sqlalchemy/orm/state_changes.py", line 139, in _go
    ret_value = fn(self, *arg, **kw)
  File "/usr/local/lib/python3.10/dist-packages/sqlalchemy/orm/session.py", line 1288, in _prepare_impl
    self.session.flush()
  File "/usr/local/lib/python3.10/dist-packages/sqlalchemy/orm/session.py", line 4352, in flush
    self._flush(objects)
  File "/usr/local/lib/python3.10/dist-packages/sqlalchemy/orm/session.py", line 4487, in _flush
    with util.safe_reraise():
  File "/usr/local/lib/python3.10/dist-packages/sqlalchemy/util/langhelpers.py", line 146, in __exit__
    raise exc_value.with_traceback(exc_tb)
  File "/usr/local/lib/python3.10/dist-packages/sqlalchemy/orm/session.py", line 4448, in _flush
    flush_context.execute()
  File "/usr/local/lib/python3.10/dist-packages/sqlalchemy/orm/unitofwork.py", line 466, in execute
    rec.execute(self)
  File "/usr/local/lib/python3.10/dist-packages/sqlalchemy/orm/unitofwork.py", line 642, in execute
    util.preloaded.orm_persistence.save_obj(
  File "/usr/local/lib/python3.10/dist-packages/sqlalchemy/orm/persistence.py", line 93, in save_obj
    _emit_insert_statements(
  File "/usr/local/lib/python3.10/dist-packages/sqlalchemy/orm/persistence.py", line 1233, in _emit_insert_statements
    result = connection.execute(
  File "/usr/local/lib/python3.10/dist-packages/sqlalchemy/engine/base.py", line 1418, in execute
    return meth(
  File "/usr/local/lib/python3.10/dist-packages/sqlalchemy/sql/elements.py", line 515, in _execute_on_connection
    return connection._execute_clauseelement(
  File "/usr/local/lib/python3.10/dist-packages/sqlalchemy/engine/base.py", line 1640, in _execute_clauseelement
    ret = self._execute_context(
  File "/usr/local/lib/python3.10/dist-packages/sqlalchemy/engine/base.py", line 1846, in _execute_context
    return self._exec_single_context(
  File "/usr/local/lib/python3.10/dist-packages/sqlalchemy/engine/base.py", line 1986, in _exec_single_context
    self._handle_dbapi_exception(
  File "/usr/local/lib/python3.10/dist-packages/sqlalchemy/engine/base.py", line 2355, in _handle_dbapi_exception
    raise sqlalchemy_exception.with_traceback(exc_info[2]) from e
  File "/usr/local/lib/python3.10/dist-packages/sqlalchemy/engine/base.py", line 1967, in _exec_single_context
    self.dialect.do_execute(
  File "/usr/local/lib/python3.10/dist-packages/sqlalchemy/engine/default.py", line 941, in do_execute
    cursor.execute(statement, parameters)
sqlalchemy.exc.IntegrityError: (sqlite3.IntegrityError) UNIQUE constraint failed: vip_parking_spots.spot_number
[SQL: INSERT INTO vip_parking_spots (spot_number, owner, allowed_plates, status, created_at, updated_at) VALUES (?, ?, ?, ?, ?, ?)]
[parameters: ('A05', '重复', '["粤B55555"]', 1, '2026-04-24 15:49:22.204823', '2026-04-24 15:49:22.204826')]
(Background on this error at: https://sqlalche.me/e/20/gkpj)
2026-04-24 15:49:22 | ERROR    | app.main | 未处理异常: http://testserver/api/spots - (sqlite3.IntegrityError) UNIQUE constraint failed: vip_parking_spots.spot_number
[SQL: INSERT INTO vip_parking_spots (spot_number, owner, allowed_plates, status, created_at, updated_at) VALUES (?, ?, ?, ?, ?, ?)]
[parameters: ('A05', '重复', '["粤B55555"]', 1, '2026-04-24 15:49:22.204823', '2026-04-24 15:49:22.204826')]
(Background on this error at: https://sqlalche.me/e/20/gkpj)
Traceback (most recent call last):
  File "/usr/local/lib/python3.10/dist-packages/sqlalchemy/engine/base.py", line 1967, in _exec_single_context
    self.dialect.do_execute(
  File "/usr/local/lib/python3.10/dist-packages/sqlalchemy/engine/default.py", line 941, in do_execute
    cursor.execute(statement, parameters)
sqlite3.IntegrityError: UNIQUE constraint failed: vip_parking_spots.spot_number

The above exception was the direct cause of the following exception:

Traceback (most recent call last):
  File "/usr/local/lib/python3.10/dist-packages/starlette/middleware/errors.py", line 165, in __call__
    await self.app(scope, receive, _send)
  File "/usr/local/lib/python3.10/dist-packages/starlette/middleware/exceptions.py", line 62, in __call__
    await wrap_app_handling_exceptions(self.app, conn)(scope, receive, send)
  File "/usr/local/lib/python3.10/dist-packages/starlette/_exception_handler.py", line 62, in wrapped_app
    raise exc
  File "/usr/local/lib/python3.10/dist-packages/starlette/_exception_handler.py", line 51, in wrapped_app
    await app(scope, receive, sender)
  File "/usr/local/lib/python3.10/dist-packages/starlette/routing.py", line 715, in __call__
    await self.middleware_stack(scope, receive, send)
  File "/usr/local/lib/python3.10/dist-packages/starlette/routing.py", line 735, in app
    await route.handle(scope, receive, send)
  File "/usr/local/lib/python3.10/dist-packages/starlette/routing.py", line 288, in handle
    await self.app(scope, receive, send)
  File "/usr/local/lib/python3.10/dist-packages/starlette/routing.py", line 76, in app
    await wrap_app_handling_exceptions(app, request)(scope, receive, send)
  File "/usr/local/lib/python3.10/dist-packages/starlette/_exception_handler.py", line 62, in wrapped_app
    raise exc
  File "/usr/local/lib/python3.10/dist-packages/starlette/_exception_handler.py", line 51, in wrapped_app
    await app(scope, receive, sender)
  File "/usr/local/lib/python3.10/dist-packages/starlette/routing.py", line 73, in app
    response = await f(request)
  File "/usr/local/lib/python3.10/dist-packages/fastapi/routing.py", line 301, in app
    raw_response = await run_endpoint_function(
  File "/usr/local/lib/python3.10/dist-packages/fastapi/routing.py", line 214, in run_endpoint_function
    return await run_in_threadpool(dependant.call, **values)
  File "/usr/local/lib/python3.10/dist-packages/starlette/concurrency.py", line 39, in run_in_threadpool
    return await anyio.to_thread.run_sync(func, *args)
  File "/usr/local/lib/python3.10/dist-packages/anyio/to_thread.py", line 63, in run_sync
    return await get_async_backend().run_sync_in_worker_thread(
  File "/usr/local/lib/python3.10/dist-packages/anyio/_backends/_asyncio.py", line 2518, in run_sync_in_worker_thread
    return await future
  File "/usr/local/lib/python3.10/dist-packages/anyio/_backends/_asyncio.py", line 1002, in run
    result = context.run(func, *args)
  File "/workspace/vip_parking_alert/backend/app/api/spots.py", line 83, in create_spot
    db.commit()
  File "/usr/local/lib/python3.10/dist-packages/sqlalchemy/orm/session.py", line 2028, in commit
    trans.commit(_to_root=True)
  File "<string>", line 2, in commit
  File "/usr/local/lib/python3.10/dist-packages/sqlalchemy/orm/state_changes.py", line 139, in _go
    ret_value = fn(self, *arg, **kw)
  File "/usr/local/lib/python3.10/dist-packages/sqlalchemy/orm/session.py", line 1313, in commit
    self._prepare_impl()
  File "<string>", line 2, in _prepare_impl
  File "/usr/local/lib/python3.10/dist-packages/sqlalchemy/orm/state_changes.py", line 139, in _go
    ret_value = fn(self, *arg, **kw)
  File "/usr/local/lib/python3.10/dist-packages/sqlalchemy/orm/session.py", line 1288, in _prepare_impl
    self.session.flush()
  File "/usr/local/lib/python3.10/dist-packages/sqlalchemy/orm/session.py", line 4352, in flush
    self._flush(objects)
  File "/usr/local/lib/python3.10/dist-packages/sqlalchemy/orm/session.py", line 4487, in _flush
    with util.safe_reraise():
  File "/usr/local/lib/python3.10/dist-packages/sqlalchemy/util/langhelpers.py", line 146, in __exit__
    raise exc_value.with_traceback(exc_tb)
  File "/usr/local/lib/python3.10/dist-packages/sqlalchemy/orm/session.py", line 4448, in _flush
    flush_context.execute()
  File "/usr/local/lib/python3.10/dist-packages/sqlalchemy/orm/unitofwork.py", line 466, in execute
    rec.execute(self)
  File "/usr/local/lib/python3.10/dist-packages/sqlalchemy/orm/unitofwork.py", line 642, in execute
    util.preloaded.orm_persistence.save_obj(
  File "/usr/local/lib/python3.10/dist-packages/sqlalchemy/orm/persistence.py", line 93, in save_obj
    _emit_insert_statements(
  File "/usr/local/lib/python3.10/dist-packages/sqlalchemy/orm/persistence.py", line 1233, in _emit_insert_statements
    result = connection.execute(
  File "/usr/local/lib/python3.10/dist-packages/sqlalchemy/engine/base.py", line 1418, in execute
    return meth(
  File "/usr/local/lib/python3.10/dist-packages/sqlalchemy/sql/elements.py", line 515, in _execute_on_connection
    return connection._execute_clauseelement(
  File "/usr/local/lib/python3.10/dist-packages/sqlalchemy/engine/base.py", line 1640, in _execute_clauseelement
    ret = self._execute_context(
  File "/usr/local/lib/python3.10/dist-packages/sqlalchemy/engine/base.py", line 1846, in _execute_context
    return self._exec_single_context(
  File "/usr/local/lib/python3.10/dist-packages/sqlalchemy/engine/base.py", line 1986, in _exec_single_context
    self._handle_dbapi_exception(
  File "/usr/local/lib/python3.10/dist-packages/sqlalchemy/engine/base.py", line 2355, in _handle_dbapi_exception
    raise sqlalchemy_exception.with_traceback(exc_info[2]) from e
  File "/usr/local/lib/python3.10/dist-packages/sqlalchemy/engine/base.py", line 1967, in _exec_single_context
    self.dialect.do_execute(
  File "/usr/local/lib/python3.10/dist-packages/sqlalchemy/engine/default.py", line 941, in do_execute
    cursor.execute(statement, parameters)
sqlalchemy.exc.IntegrityError: (sqlite3.IntegrityError) UNIQUE constraint failed: vip_parking_spots.spot_number
[SQL: INSERT INTO vip_parking_spots (spot_number, owner, allowed_plates, status, created_at, updated_at) VALUES (?, ?, ?, ?, ?, ?)]
[parameters: ('A05', '重复', '["粤B55555"]', 1, '2026-04-24 15:49:22.204823', '2026-04-24 15:49:22.204826')]
(Background on this error at: https://sqlalche.me/e/20/gkpj)
2026-04-24 15:49:22 | ERROR    | app.main | 未处理异常: http://testserver/api/spots - (sqlite3.IntegrityError) UNIQUE constraint failed: vip_parking_spots.spot_number
[SQL: INSERT INTO vip_parking_spots (spot_number, owner, allowed_plates, status, created_at, updated_at) VALUES (?, ?, ?, ?, ?, ?)]
[parameters: ('A05', '重复', '["粤B55555"]', 1, '2026-04-24 15:49:22.204823', '2026-04-24 15:49:22.204826')]
(Background on this error at: https://sqlalche.me/e/20/gkpj)
Traceback (most recent call last):
  File "/usr/local/lib/python3.10/dist-packages/sqlalchemy/engine/base.py", line 1967, in _exec_single_context
    self.dialect.do_execute(
  File "/usr/local/lib/python3.10/dist-packages/sqlalchemy/engine/default.py", line 941, in do_execute
    cursor.execute(statement, parameters)
sqlite3.IntegrityError: UNIQUE constraint failed: vip_parking_spots.spot_number

The above exception was the direct cause of the following exception:

Traceback (most recent call last):
  File "/usr/local/lib/python3.10/dist-packages/starlette/middleware/errors.py", line 165, in __call__
    await self.app(scope, receive, _send)
  File "/usr/local/lib/python3.10/dist-packages/starlette/middleware/exceptions.py", line 62, in __call__
    await wrap_app_handling_exceptions(self.app, conn)(scope, receive, send)
  File "/usr/local/lib/python3.10/dist-packages/starlette/_exception_handler.py", line 62, in wrapped_app
    raise exc
  File "/usr/local/lib/python3.10/dist-packages/starlette/_exception_handler.py", line 51, in wrapped_app
    await app(scope, receive, sender)
  File "/usr/local/lib/python3.10/dist-packages/starlette/routing.py", line 715, in __call__
    await self.middleware_stack(scope, receive, send)
  File "/usr/local/lib/python3.10/dist-packages/starlette/routing.py", line 735, in app
    await route.handle(scope, receive, send)
  File "/usr/local/lib/python3.10/dist-packages/starlette/routing.py", line 288, in handle
    await self.app(scope, receive, send)
  File "/usr/local/lib/python3.10/dist-packages/starlette/routing.py", line 76, in app
    await wrap_app_handling_exceptions(app, request)(scope, receive, send)
  File "/usr/local/lib/python3.10/dist-packages/starlette/_exception_handler.py", line 62, in wrapped_app
    raise exc
  File "/usr/local/lib/python3.10/dist-packages/starlette/_exception_handler.py", line 51, in wrapped_app
    await app(scope, receive, sender)
  File "/usr/local/lib/python3.10/dist-packages/starlette/routing.py", line 73, in app
    response = await f(request)
  File "/usr/local/lib/python3.10/dist-packages/fastapi/routing.py", line 301, in app
    raw_response = await run_endpoint_function(
  File "/usr/local/lib/python3.10/dist-packages/fastapi/routing.py", line 214, in run_endpoint_function
    return await run_in_threadpool(dependant.call, **values)
  File "/usr/local/lib/python3.10/dist-packages/starlette/concurrency.py", line 39, in run_in_threadpool
    return await anyio.to_thread.run_sync(func, *args)
  File "/usr/local/lib/python3.10/dist-packages/anyio/to_thread.py", line 63, in run_sync
    return await get_async_backend().run_sync_in_worker_thread(
  File "/usr/local/lib/python3.10/dist-packages/anyio/_backends/_asyncio.py", line 2518, in run_sync_in_worker_thread
    return await future
  File "/usr/local/lib/python3.10/dist-packages/anyio/_backends/_asyncio.py", line 1002, in run
    result = context.run(func, *args)
  File "/workspace/vip_parking_alert/backend/app/api/spots.py", line 83, in create_spot
    db.commit()
  File "/usr/local/lib/python3.10/dist-packages/sqlalchemy/orm/session.py", line 2028, in commit
    trans.commit(_to_root=True)
  File "<string>", line 2, in commit
  File "/usr/local/lib/python3.10/dist-packages/sqlalchemy/orm/state_changes.py", line 139, in _go
    ret_value = fn(self, *arg, **kw)
  File "/usr/local/lib/python3.10/dist-packages/sqlalchemy/orm/session.py", line 1313, in commit
    self._prepare_impl()
  File "<string>", line 2, in _prepare_impl
  File "/usr/local/lib/python3.10/dist-packages/sqlalchemy/orm/state_changes.py", line 139, in _go
    ret_value = fn(self, *arg, **kw)
  File "/usr/local/lib/python3.10/dist-packages/sqlalchemy/orm/session.py", line 1288, in _prepare_impl
    self.session.flush()
  File "/usr/local/lib/python3.10/dist-packages/sqlalchemy/orm/session.py", line 4352, in flush
    self._flush(objects)
  File "/usr/local/lib/python3.10/dist-packages/sqlalchemy/orm/session.py", line 4487, in _flush
    with util.safe_reraise():
  File "/usr/local/lib/python3.10/dist-packages/sqlalchemy/util/langhelpers.py", line 146, in __exit__
    raise exc_value.with_traceback(exc_tb)
  File "/usr/local/lib/python3.10/dist-packages/sqlalchemy/orm/session.py", line 4448, in _flush
    flush_context.execute()
  File "/usr/local/lib/python3.10/dist-packages/sqlalchemy/orm/unitofwork.py", line 466, in execute
    rec.execute(self)
  File "/usr/local/lib/python3.10/dist-packages/sqlalchemy/orm/unitofwork.py", line 642, in execute
    util.preloaded.orm_persistence.save_obj(
  File "/usr/local/lib/python3.10/dist-packages/sqlalchemy/orm/persistence.py", line 93, in save_obj
    _emit_insert_statements(
  File "/usr/local/lib/python3.10/dist-packages/sqlalchemy/orm/persistence.py", line 1233, in _emit_insert_statements
    result = connection.execute(
  File "/usr/local/lib/python3.10/dist-packages/sqlalchemy/engine/base.py", line 1418, in execute
    return meth(
  File "/usr/local/lib/python3.10/dist-packages/sqlalchemy/sql/elements.py", line 515, in _execute_on_connection
    return connection._execute_clauseelement(
  File "/usr/local/lib/python3.10/dist-packages/sqlalchemy/engine/base.py", line 1640, in _execute_clauseelement
    ret = self._execute_context(
  File "/usr/local/lib/python3.10/dist-packages/sqlalchemy/engine/base.py", line 1846, in _execute_context
    return self._exec_single_context(
  File "/usr/local/lib/python3.10/dist-packages/sqlalchemy/engine/base.py", line 1986, in _exec_single_context
    self._handle_dbapi_exception(
  File "/usr/local/lib/python3.10/dist-packages/sqlalchemy/engine/base.py", line 2355, in _handle_dbapi_exception
    raise sqlalchemy_exception.with_traceback(exc_info[2]) from e
  File "/usr/local/lib/python3.10/dist-packages/sqlalchemy/engine/base.py", line 1967, in _exec_single_context
    self.dialect.do_execute(
  File "/usr/local/lib/python3.10/dist-packages/sqlalchemy/engine/default.py", line 941, in do_execute
    cursor.execute(statement, parameters)
sqlalchemy.exc.IntegrityError: (sqlite3.IntegrityError) UNIQUE constraint failed: vip_parking_spots.spot_number
[SQL: INSERT INTO vip_parking_spots (spot_number, owner, allowed_plates, status, created_at, updated_at) VALUES (?, ?, ?, ?, ?, ?)]
[parameters: ('A05', '重复', '["粤B55555"]', 1, '2026-04-24 15:49:22.204823', '2026-04-24 15:49:22.204826')]
(Background on this error at: https://sqlalche.me/e/20/gkpj)
2026-04-24 15:49:22 | ERROR    | app.main | 未处理异常: http://testserver/api/spots - (sqlite3.IntegrityError) UNIQUE constraint failed: vip_parking_spots.spot_number
[SQL: INSERT INTO vip_parking_spots (spot_number, owner, allowed_plates, status, created_at, updated_at) VALUES (?, ?, ?, ?, ?, ?)]
[parameters: ('A05', '重复', '["粤B55555"]', 1, '2026-04-24 15:49:22.204823', '2026-04-24 15:49:22.204826')]
(Background on this error at: https://sqlalche.me/e/20/gkpj)
Traceback (most recent call last):
  File "/usr/local/lib/python3.10/dist-packages/sqlalchemy/engine/base.py", line 1967, in _exec_single_context
    self.dialect.do_execute(
  File "/usr/local/lib/python3.10/dist-packages/sqlalchemy/engine/default.py", line 941, in do_execute
    cursor.execute(statement, parameters)
sqlite3.IntegrityError: UNIQUE constraint failed: vip_parking_spots.spot_number

The above exception was the direct cause of the following exception:

Traceback (most recent call last):
  File "/usr/local/lib/python3.10/dist-packages/starlette/middleware/errors.py", line 165, in __call__
    await self.app(scope, receive, _send)
  File "/usr/local/lib/python3.10/dist-packages/starlette/middleware/exceptions.py", line 62, in __call__
    await wrap_app_handling_exceptions(self.app, conn)(scope, receive, send)
  File "/usr/local/lib/python3.10/dist-packages/starlette/_exception_handler.py", line 62, in wrapped_app
    raise exc
  File "/usr/local/lib/python3.10/dist-packages/starlette/_exception_handler.py", line 51, in wrapped_app
    await app(scope, receive, sender)
  File "/usr/local/lib/python3.10/dist-packages/starlette/routing.py", line 715, in __call__
    await self.middleware_stack(scope, receive, send)
  File "/usr/local/lib/python3.10/dist-packages/starlette/routing.py", line 735, in app
    await route.handle(scope, receive, send)
  File "/usr/local/lib/python3.10/dist-packages/starlette/routing.py", line 288, in handle
    await self.app(scope, receive, send)
  File "/usr/local/lib/python3.10/dist-packages/starlette/routing.py", line 76, in app
    await wrap_app_handling_exceptions(app, request)(scope, receive, send)
  File "/usr/local/lib/python3.10/dist-packages/starlette/_exception_handler.py", line 62, in wrapped_app
    raise exc
  File "/usr/local/lib/python3.10/dist-packages/starlette/_exception_handler.py", line 51, in wrapped_app
    await app(scope, receive, sender)
  File "/usr/local/lib/python3.10/dist-packages/starlette/routing.py", line 73, in app
    response = await f(request)
  File "/usr/local/lib/python3.10/dist-packages/fastapi/routing.py", line 301, in app
    raw_response = await run_endpoint_function(
  File "/usr/local/lib/python3.10/dist-packages/fastapi/routing.py", line 214, in run_endpoint_function
    return await run_in_threadpool(dependant.call, **values)
  File "/usr/local/lib/python3.10/dist-packages/starlette/concurrency.py", line 39, in run_in_threadpool
    return await anyio.to_thread.run_sync(func, *args)
  File "/usr/local/lib/python3.10/dist-packages/anyio/to_thread.py", line 63, in run_sync
    return await get_async_backend().run_sync_in_worker_thread(
  File "/usr/local/lib/python3.10/dist-packages/anyio/_backends/_asyncio.py", line 2518, in run_sync_in_worker_thread
    return await future
  File "/usr/local/lib/python3.10/dist-packages/anyio/_backends/_asyncio.py", line 1002, in run
    result = context.run(func, *args)
  File "/workspace/vip_parking_alert/backend/app/api/spots.py", line 83, in create_spot
    db.commit()
  File "/usr/local/lib/python3.10/dist-packages/sqlalchemy/orm/session.py", line 2028, in commit
    trans.commit(_to_root=True)
  File "<string>", line 2, in commit
  File "/usr/local/lib/python3.10/dist-packages/sqlalchemy/orm/state_changes.py", line 139, in _go
    ret_value = fn(self, *arg, **kw)
  File "/usr/local/lib/python3.10/dist-packages/sqlalchemy/orm/session.py", line 1313, in commit
    self._prepare_impl()
  File "<string>", line 2, in _prepare_impl
  File "/usr/local/lib/python3.10/dist-packages/sqlalchemy/orm/state_changes.py", line 139, in _go
    ret_value = fn(self, *arg, **kw)
  File "/usr/local/lib/python3.10/dist-packages/sqlalchemy/orm/session.py", line 1288, in _prepare_impl
    self.session.flush()
  File "/usr/local/lib/python3.10/dist-packages/sqlalchemy/orm/session.py", line 4352, in flush
    self._flush(objects)
  File "/usr/local/lib/python3.10/dist-packages/sqlalchemy/orm/session.py", line 4487, in _flush
    with util.safe_reraise():
  File "/usr/local/lib/python3.10/dist-packages/sqlalchemy/util/langhelpers.py", line 146, in __exit__
    raise exc_value.with_traceback(exc_tb)
  File "/usr/local/lib/python3.10/dist-packages/sqlalchemy/orm/session.py", line 4448, in _flush
    flush_context.execute()
  File "/usr/local/lib/python3.10/dist-packages/sqlalchemy/orm/unitofwork.py", line 466, in execute
    rec.execute(self)
  File "/usr/local/lib/python3.10/dist-packages/sqlalchemy/orm/unitofwork.py", line 642, in execute
    util.preloaded.orm_persistence.save_obj(
  File "/usr/local/lib/python3.10/dist-packages/sqlalchemy/orm/persistence.py", line 93, in save_obj
    _emit_insert_statements(
  File "/usr/local/lib/python3.10/dist-packages/sqlalchemy/orm/persistence.py", line 1233, in _emit_insert_statements
    result = connection.execute(
  File "/usr/local/lib/python3.10/dist-packages/sqlalchemy/engine/base.py", line 1418, in execute
    return meth(
  File "/usr/local/lib/python3.10/dist-packages/sqlalchemy/sql/elements.py", line 515, in _execute_on_connection
    return connection._execute_clauseelement(
  File "/usr/local/lib/python3.10/dist-packages/sqlalchemy/engine/base.py", line 1640, in _execute_clauseelement
    ret = self._execute_context(
  File "/usr/local/lib/python3.10/dist-packages/sqlalchemy/engine/base.py", line 1846, in _execute_context
    return self._exec_single_context(
  File "/usr/local/lib/python3.10/dist-packages/sqlalchemy/engine/base.py", line 1986, in _exec_single_context
    self._handle_dbapi_exception(
  File "/usr/local/lib/python3.10/dist-packages/sqlalchemy/engine/base.py", line 2355, in _handle_dbapi_exception
    raise sqlalchemy_exception.with_traceback(exc_info[2]) from e
  File "/usr/local/lib/python3.10/dist-packages/sqlalchemy/engine/base.py", line 1967, in _exec_single_context
    self.dialect.do_execute(
  File "/usr/local/lib/python3.10/dist-packages/sqlalchemy/engine/default.py", line 941, in do_execute
    cursor.execute(statement, parameters)
sqlalchemy.exc.IntegrityError: (sqlite3.IntegrityError) UNIQUE constraint failed: vip_parking_spots.spot_number
[SQL: INSERT INTO vip_parking_spots (spot_number, owner, allowed_plates, status, created_at, updated_at) VALUES (?, ?, ?, ?, ?, ?)]
[parameters: ('A05', '重复', '["粤B55555"]', 1, '2026-04-24 15:49:22.204823', '2026-04-24 15:49:22.204826')]
(Background on this error at: https://sqlalche.me/e/20/gkpj)
2026-04-24 15:49:22 | ERROR    | app.main | 未处理异常: http://testserver/api/spots - (sqlite3.IntegrityError) UNIQUE constraint failed: vip_parking_spots.spot_number
[SQL: INSERT INTO vip_parking_spots (spot_number, owner, allowed_plates, status, created_at, updated_at) VALUES (?, ?, ?, ?, ?, ?)]
[parameters: ('A05', '重复', '["粤B55555"]', 1, '2026-04-24 15:49:22.204823', '2026-04-24 15:49:22.204826')]
(Background on this error at: https://sqlalche.me/e/20/gkpj)
Traceback (most recent call last):
  File "/usr/local/lib/python3.10/dist-packages/sqlalchemy/engine/base.py", line 1967, in _exec_single_context
    self.dialect.do_execute(
  File "/usr/local/lib/python3.10/dist-packages/sqlalchemy/engine/default.py", line 941, in do_execute
    cursor.execute(statement, parameters)
sqlite3.IntegrityError: UNIQUE constraint failed: vip_parking_spots.spot_number

The above exception was the direct cause of the following exception:

Traceback (most recent call last):
  File "/usr/local/lib/python3.10/dist-packages/starlette/middleware/errors.py", line 165, in __call__
    await self.app(scope, receive, _send)
  File "/usr/local/lib/python3.10/dist-packages/starlette/middleware/exceptions.py", line 62, in __call__
    await wrap_app_handling_exceptions(self.app, conn)(scope, receive, send)
  File "/usr/local/lib/python3.10/dist-packages/starlette/_exception_handler.py", line 62, in wrapped_app
    raise exc
  File "/usr/local/lib/python3.10/dist-packages/starlette/_exception_handler.py", line 51, in wrapped_app
    await app(scope, receive, sender)
  File "/usr/local/lib/python3.10/dist-packages/starlette/routing.py", line 715, in __call__
    await self.middleware_stack(scope, receive, send)
  File "/usr/local/lib/python3.10/dist-packages/starlette/routing.py", line 735, in app
    await route.handle(scope, receive, send)
  File "/usr/local/lib/python3.10/dist-packages/starlette/routing.py", line 288, in handle
    await self.app(scope, receive, send)
  File "/usr/local/lib/python3.10/dist-packages/starlette/routing.py", line 76, in app
    await wrap_app_handling_exceptions(app, request)(scope, receive, send)
  File "/usr/local/lib/python3.10/dist-packages/starlette/_exception_handler.py", line 62, in wrapped_app
    raise exc
  File "/usr/local/lib/python3.10/dist-packages/starlette/_exception_handler.py", line 51, in wrapped_app
    await app(scope, receive, sender)
  File "/usr/local/lib/python3.10/dist-packages/starlette/routing.py", line 73, in app
    response = await f(request)
  File "/usr/local/lib/python3.10/dist-packages/fastapi/routing.py", line 301, in app
    raw_response = await run_endpoint_function(
  File "/usr/local/lib/python3.10/dist-packages/fastapi/routing.py", line 214, in run_endpoint_function
    return await run_in_threadpool(dependant.call, **values)
  File "/usr/local/lib/python3.10/dist-packages/starlette/concurrency.py", line 39, in run_in_threadpool
    return await anyio.to_thread.run_sync(func, *args)
  File "/usr/local/lib/python3.10/dist-packages/anyio/to_thread.py", line 63, in run_sync
    return await get_async_backend().run_sync_in_worker_thread(
  File "/usr/local/lib/python3.10/dist-packages/anyio/_backends/_asyncio.py", line 2518, in run_sync_in_worker_thread
    return await future
  File "/usr/local/lib/python3.10/dist-packages/anyio/_backends/_asyncio.py", line 1002, in run
    result = context.run(func, *args)
  File "/workspace/vip_parking_alert/backend/app/api/spots.py", line 83, in create_spot
    db.commit()
  File "/usr/local/lib/python3.10/dist-packages/sqlalchemy/orm/session.py", line 2028, in commit
    trans.commit(_to_root=True)
  File "<string>", line 2, in commit
  File "/usr/local/lib/python3.10/dist-packages/sqlalchemy/orm/state_changes.py", line 139, in _go
    ret_value = fn(self, *arg, **kw)
  File "/usr/local/lib/python3.10/dist-packages/sqlalchemy/orm/session.py", line 1313, in commit
    self._prepare_impl()
  File "<string>", line 2, in _prepare_impl
  File "/usr/local/lib/python3.10/dist-packages/sqlalchemy/orm/state_changes.py", line 139, in _go
    ret_value = fn(self, *arg, **kw)
  File "/usr/local/lib/python3.10/dist-packages/sqlalchemy/orm/session.py", line 1288, in _prepare_impl
    self.session.flush()
  File "/usr/local/lib/python3.10/dist-packages/sqlalchemy/orm/session.py", line 4352, in flush
    self._flush(objects)
  File "/usr/local/lib/python3.10/dist-packages/sqlalchemy/orm/session.py", line 4487, in _flush
    with util.safe_reraise():
  File "/usr/local/lib/python3.10/dist-packages/sqlalchemy/util/langhelpers.py", line 146, in __exit__
    raise exc_value.with_traceback(exc_tb)
  File "/usr/local/lib/python3.10/dist-packages/sqlalchemy/orm/session.py", line 4448, in _flush
    flush_context.execute()
  File "/usr/local/lib/python3.10/dist-packages/sqlalchemy/orm/unitofwork.py", line 466, in execute
    rec.execute(self)
  File "/usr/local/lib/python3.10/dist-packages/sqlalchemy/orm/unitofwork.py", line 642, in execute
    util.preloaded.orm_persistence.save_obj(
  File "/usr/local/lib/python3.10/dist-packages/sqlalchemy/orm/persistence.py", line 93, in save_obj
    _emit_insert_statements(
  File "/usr/local/lib/python3.10/dist-packages/sqlalchemy/orm/persistence.py", line 1233, in _emit_insert_statements
    result = connection.execute(
  File "/usr/local/lib/python3.10/dist-packages/sqlalchemy/engine/base.py", line 1418, in execute
    return meth(
  File "/usr/local/lib/python3.10/dist-packages/sqlalchemy/sql/elements.py", line 515, in _execute_on_connection
    return connection._execute_clauseelement(
  File "/usr/local/lib/python3.10/dist-packages/sqlalchemy/engine/base.py", line 1640, in _execute_clauseelement
    ret = self._execute_context(
  File "/usr/local/lib/python3.10/dist-packages/sqlalchemy/engine/base.py", line 1846, in _execute_context
    return self._exec_single_context(
  File "/usr/local/lib/python3.10/dist-packages/sqlalchemy/engine/base.py", line 1986, in _exec_single_context
    self._handle_dbapi_exception(
  File "/usr/local/lib/python3.10/dist-packages/sqlalchemy/engine/base.py", line 2355, in _handle_dbapi_exception
    raise sqlalchemy_exception.with_traceback(exc_info[2]) from e
  File "/usr/local/lib/python3.10/dist-packages/sqlalchemy/engine/base.py", line 1967, in _exec_single_context
    self.dialect.do_execute(
  File "/usr/local/lib/python3.10/dist-packages/sqlalchemy/engine/default.py", line 941, in do_execute
    cursor.execute(statement, parameters)
sqlalchemy.exc.IntegrityError: (sqlite3.IntegrityError) UNIQUE constraint failed: vip_parking_spots.spot_number
[SQL: INSERT INTO vip_parking_spots (spot_number, owner, allowed_plates, status, created_at, updated_at) VALUES (?, ?, ?, ?, ?, ?)]
[parameters: ('A05', '重复', '["粤B55555"]', 1, '2026-04-24 15:49:22.204823', '2026-04-24 15:49:22.204826')]
(Background on this error at: https://sqlalche.me/e/20/gkpj)
2026-04-24 15:49:22 | ERROR    | app.main | 未处理异常: http://testserver/api/spots - (sqlite3.IntegrityError) UNIQUE constraint failed: vip_parking_spots.spot_number
[SQL: INSERT INTO vip_parking_spots (spot_number, owner, allowed_plates, status, created_at, updated_at) VALUES (?, ?, ?, ?, ?, ?)]
[parameters: ('A05', '重复', '["粤B55555"]', 1, '2026-04-24 15:49:22.204823', '2026-04-24 15:49:22.204826')]
(Background on this error at: https://sqlalche.me/e/20/gkpj)
Traceback (most recent call last):
  File "/usr/local/lib/python3.10/dist-packages/sqlalchemy/engine/base.py", line 1967, in _exec_single_context
    self.dialect.do_execute(
  File "/usr/local/lib/python3.10/dist-packages/sqlalchemy/engine/default.py", line 941, in do_execute
    cursor.execute(statement, parameters)
sqlite3.IntegrityError: UNIQUE constraint failed: vip_parking_spots.spot_number

The above exception was the direct cause of the following exception:

Traceback (most recent call last):
  File "/usr/local/lib/python3.10/dist-packages/starlette/middleware/errors.py", line 165, in __call__
    await self.app(scope, receive, _send)
  File "/usr/local/lib/python3.10/dist-packages/starlette/middleware/exceptions.py", line 62, in __call__
    await wrap_app_handling_exceptions(self.app, conn)(scope, receive, send)
  File "/usr/local/lib/python3.10/dist-packages/starlette/_exception_handler.py", line 62, in wrapped_app
    raise exc
  File "/usr/local/lib/python3.10/dist-packages/starlette/_exception_handler.py", line 51, in wrapped_app
    await app(scope, receive, sender)
  File "/usr/local/lib/python3.10/dist-packages/starlette/routing.py", line 715, in __call__
    await self.middleware_stack(scope, receive, send)
  File "/usr/local/lib/python3.10/dist-packages/starlette/routing.py", line 735, in app
    await route.handle(scope, receive, send)
  File "/usr/local/lib/python3.10/dist-packages/starlette/routing.py", line 288, in handle
    await self.app(scope, receive, send)
  File "/usr/local/lib/python3.10/dist-packages/starlette/routing.py", line 76, in app
    await wrap_app_handling_exceptions(app, request)(scope, receive, send)
  File "/usr/local/lib/python3.10/dist-packages/starlette/_exception_handler.py", line 62, in wrapped_app
    raise exc
  File "/usr/local/lib/python3.10/dist-packages/starlette/_exception_handler.py", line 51, in wrapped_app
    await app(scope, receive, sender)
  File "/usr/local/lib/python3.10/dist-packages/starlette/routing.py", line 73, in app
    response = await f(request)
  File "/usr/local/lib/python3.10/dist-packages/fastapi/routing.py", line 301, in app
    raw_response = await run_endpoint_function(
  File "/usr/local/lib/python3.10/dist-packages/fastapi/routing.py", line 214, in run_endpoint_function
    return await run_in_threadpool(dependant.call, **values)
  File "/usr/local/lib/python3.10/dist-packages/starlette/concurrency.py", line 39, in run_in_threadpool
    return await anyio.to_thread.run_sync(func, *args)
  File "/usr/local/lib/python3.10/dist-packages/anyio/to_thread.py", line 63, in run_sync
    return await get_async_backend().run_sync_in_worker_thread(
  File "/usr/local/lib/python3.10/dist-packages/anyio/_backends/_asyncio.py", line 2518, in run_sync_in_worker_thread
    return await future
  File "/usr/local/lib/python3.10/dist-packages/anyio/_backends/_asyncio.py", line 1002, in run
    result = context.run(func, *args)
  File "/workspace/vip_parking_alert/backend/app/api/spots.py", line 83, in create_spot
    db.commit()
  File "/usr/local/lib/python3.10/dist-packages/sqlalchemy/orm/session.py", line 2028, in commit
    trans.commit(_to_root=True)
  File "<string>", line 2, in commit
  File "/usr/local/lib/python3.10/dist-packages/sqlalchemy/orm/state_changes.py", line 139, in _go
    ret_value = fn(self, *arg, **kw)
  File "/usr/local/lib/python3.10/dist-packages/sqlalchemy/orm/session.py", line 1313, in commit
    self._prepare_impl()
  File "<string>", line 2, in _prepare_impl
  File "/usr/local/lib/python3.10/dist-packages/sqlalchemy/orm/state_changes.py", line 139, in _go
    ret_value = fn(self, *arg, **kw)
  File "/usr/local/lib/python3.10/dist-packages/sqlalchemy/orm/session.py", line 1288, in _prepare_impl
    self.session.flush()
  File "/usr/local/lib/python3.10/dist-packages/sqlalchemy/orm/session.py", line 4352, in flush
    self._flush(objects)
  File "/usr/local/lib/python3.10/dist-packages/sqlalchemy/orm/session.py", line 4487, in _flush
    with util.safe_reraise():
  File "/usr/local/lib/python3.10/dist-packages/sqlalchemy/util/langhelpers.py", line 146, in __exit__
    raise exc_value.with_traceback(exc_tb)
  File "/usr/local/lib/python3.10/dist-packages/sqlalchemy/orm/session.py", line 4448, in _flush
    flush_context.execute()
  File "/usr/local/lib/python3.10/dist-packages/sqlalchemy/orm/unitofwork.py", line 466, in execute
    rec.execute(self)
  File "/usr/local/lib/python3.10/dist-packages/sqlalchemy/orm/unitofwork.py", line 642, in execute
    util.preloaded.orm_persistence.save_obj(
  File "/usr/local/lib/python3.10/dist-packages/sqlalchemy/orm/persistence.py", line 93, in save_obj
    _emit_insert_statements(
  File "/usr/local/lib/python3.10/dist-packages/sqlalchemy/orm/persistence.py", line 1233, in _emit_insert_statements
    result = connection.execute(
  File "/usr/local/lib/python3.10/dist-packages/sqlalchemy/engine/base.py", line 1418, in execute
    return meth(
  File "/usr/local/lib/python3.10/dist-packages/sqlalchemy/sql/elements.py", line 515, in _execute_on_connection
    return connection._execute_clauseelement(
  File "/usr/local/lib/python3.10/dist-packages/sqlalchemy/engine/base.py", line 1640, in _execute_clauseelement
    ret = self._execute_context(
  File "/usr/local/lib/python3.10/dist-packages/sqlalchemy/engine/base.py", line 1846, in _execute_context
    return self._exec_single_context(
  File "/usr/local/lib/python3.10/dist-packages/sqlalchemy/engine/base.py", line 1986, in _exec_single_context
    self._handle_dbapi_exception(
  File "/usr/local/lib/python3.10/dist-packages/sqlalchemy/engine/base.py", line 2355, in _handle_dbapi_exception
    raise sqlalchemy_exception.with_traceback(exc_info[2]) from e
  File "/usr/local/lib/python3.10/dist-packages/sqlalchemy/engine/base.py", line 1967, in _exec_single_context
    self.dialect.do_execute(
  File "/usr/local/lib/python3.10/dist-packages/sqlalchemy/engine/default.py", line 941, in do_execute
    cursor.execute(statement, parameters)
sqlalchemy.exc.IntegrityError: (sqlite3.IntegrityError) UNIQUE constraint failed: vip_parking_spots.spot_number
[SQL: INSERT INTO vip_parking_spots (spot_number, owner, allowed_plates, status, created_at, updated_at) VALUES (?, ?, ?, ?, ?, ?)]
[parameters: ('A05', '重复', '["粤B55555"]', 1, '2026-04-24 15:49:22.204823', '2026-04-24 15:49:22.204826')]
(Background on this error at: https://sqlalche.me/e/20/gkpj)
2026-04-24 15:49:22 | ERROR    | app.main | 未处理异常: http://testserver/api/spots - (sqlite3.IntegrityError) UNIQUE constraint failed: vip_parking_spots.spot_number
[SQL: INSERT INTO vip_parking_spots (spot_number, owner, allowed_plates, status, created_at, updated_at) VALUES (?, ?, ?, ?, ?, ?)]
[parameters: ('A05', '重复', '["粤B55555"]', 1, '2026-04-24 15:49:22.204823', '2026-04-24 15:49:22.204826')]
(Background on this error at: https://sqlalche.me/e/20/gkpj)
Traceback (most recent call last):
  File "/usr/local/lib/python3.10/dist-packages/sqlalchemy/engine/base.py", line 1967, in _exec_single_context
    self.dialect.do_execute(
  File "/usr/local/lib/python3.10/dist-packages/sqlalchemy/engine/default.py", line 941, in do_execute
    cursor.execute(statement, parameters)
sqlite3.IntegrityError: UNIQUE constraint failed: vip_parking_spots.spot_number

The above exception was the direct cause of the following exception:

Traceback (most recent call last):
  File "/usr/local/lib/python3.10/dist-packages/starlette/middleware/errors.py", line 165, in __call__
    await self.app(scope, receive, _send)
  File "/usr/local/lib/python3.10/dist-packages/starlette/middleware/exceptions.py", line 62, in __call__
    await wrap_app_handling_exceptions(self.app, conn)(scope, receive, send)
  File "/usr/local/lib/python3.10/dist-packages/starlette/_exception_handler.py", line 62, in wrapped_app
    raise exc
  File "/usr/local/lib/python3.10/dist-packages/starlette/_exception_handler.py", line 51, in wrapped_app
    await app(scope, receive, sender)
  File "/usr/local/lib/python3.10/dist-packages/starlette/routing.py", line 715, in __call__
    await self.middleware_stack(scope, receive, send)
  File "/usr/local/lib/python3.10/dist-packages/starlette/routing.py", line 735, in app
    await route.handle(scope, receive, send)
  File "/usr/local/lib/python3.10/dist-packages/starlette/routing.py", line 288, in handle
    await self.app(scope, receive, send)
  File "/usr/local/lib/python3.10/dist-packages/starlette/routing.py", line 76, in app
    await wrap_app_handling_exceptions(app, request)(scope, receive, send)
  File "/usr/local/lib/python3.10/dist-packages/starlette/_exception_handler.py", line 62, in wrapped_app
    raise exc
  File "/usr/local/lib/python3.10/dist-packages/starlette/_exception_handler.py", line 51, in wrapped_app
    await app(scope, receive, sender)
  File "/usr/local/lib/python3.10/dist-packages/starlette/routing.py", line 73, in app
    response = await f(request)
  File "/usr/local/lib/python3.10/dist-packages/fastapi/routing.py", line 301, in app
    raw_response = await run_endpoint_function(
  File "/usr/local/lib/python3.10/dist-packages/fastapi/routing.py", line 214, in run_endpoint_function
    return await run_in_threadpool(dependant.call, **values)
  File "/usr/local/lib/python3.10/dist-packages/starlette/concurrency.py", line 39, in run_in_threadpool
    return await anyio.to_thread.run_sync(func, *args)
  File "/usr/local/lib/python3.10/dist-packages/anyio/to_thread.py", line 63, in run_sync
    return await get_async_backend().run_sync_in_worker_thread(
  File "/usr/local/lib/python3.10/dist-packages/anyio/_backends/_asyncio.py", line 2518, in run_sync_in_worker_thread
    return await future
  File "/usr/local/lib/python3.10/dist-packages/anyio/_backends/_asyncio.py", line 1002, in run
    result = context.run(func, *args)
  File "/workspace/vip_parking_alert/backend/app/api/spots.py", line 83, in create_spot
    db.commit()
  File "/usr/local/lib/python3.10/dist-packages/sqlalchemy/orm/session.py", line 2028, in commit
    trans.commit(_to_root=True)
  File "<string>", line 2, in commit
  File "/usr/local/lib/python3.10/dist-packages/sqlalchemy/orm/state_changes.py", line 139, in _go
    ret_value = fn(self, *arg, **kw)
  File "/usr/local/lib/python3.10/dist-packages/sqlalchemy/orm/session.py", line 1313, in commit
    self._prepare_impl()
  File "<string>", line 2, in _prepare_impl
  File "/usr/local/lib/python3.10/dist-packages/sqlalchemy/orm/state_changes.py", line 139, in _go
    ret_value = fn(self, *arg, **kw)
  File "/usr/local/lib/python3.10/dist-packages/sqlalchemy/orm/session.py", line 1288, in _prepare_impl
    self.session.flush()
  File "/usr/local/lib/python3.10/dist-packages/sqlalchemy/orm/session.py", line 4352, in flush
    self._flush(objects)
  File "/usr/local/lib/python3.10/dist-packages/sqlalchemy/orm/session.py", line 4487, in _flush
    with util.safe_reraise():
  File "/usr/local/lib/python3.10/dist-packages/sqlalchemy/util/langhelpers.py", line 146, in __exit__
    raise exc_value.with_traceback(exc_tb)
  File "/usr/local/lib/python3.10/dist-packages/sqlalchemy/orm/session.py", line 4448, in _flush
    flush_context.execute()
  File "/usr/local/lib/python3.10/dist-packages/sqlalchemy/orm/unitofwork.py", line 466, in execute
    rec.execute(self)
  File "/usr/local/lib/python3.10/dist-packages/sqlalchemy/orm/unitofwork.py", line 642, in execute
    util.preloaded.orm_persistence.save_obj(
  File "/usr/local/lib/python3.10/dist-packages/sqlalchemy/orm/persistence.py", line 93, in save_obj
    _emit_insert_statements(
  File "/usr/local/lib/python3.10/dist-packages/sqlalchemy/orm/persistence.py", line 1233, in _emit_insert_statements
    result = connection.execute(
  File "/usr/local/lib/python3.10/dist-packages/sqlalchemy/engine/base.py", line 1418, in execute
    return meth(
  File "/usr/local/lib/python3.10/dist-packages/sqlalchemy/sql/elements.py", line 515, in _execute_on_connection
    return connection._execute_clauseelement(
  File "/usr/local/lib/python3.10/dist-packages/sqlalchemy/engine/base.py", line 1640, in _execute_clauseelement
    ret = self._execute_context(
  File "/usr/local/lib/python3.10/dist-packages/sqlalchemy/engine/base.py", line 1846, in _execute_context
    return self._exec_single_context(
  File "/usr/local/lib/python3.10/dist-packages/sqlalchemy/engine/base.py", line 1986, in _exec_single_context
    self._handle_dbapi_exception(
  File "/usr/local/lib/python3.10/dist-packages/sqlalchemy/engine/base.py", line 2355, in _handle_dbapi_exception
    raise sqlalchemy_exception.with_traceback(exc_info[2]) from e
  File "/usr/local/lib/python3.10/dist-packages/sqlalchemy/engine/base.py", line 1967, in _exec_single_context
    self.dialect.do_execute(
  File "/usr/local/lib/python3.10/dist-packages/sqlalchemy/engine/default.py", line 941, in do_execute
    cursor.execute(statement, parameters)
sqlalchemy.exc.IntegrityError: (sqlite3.IntegrityError) UNIQUE constraint failed: vip_parking_spots.spot_number
[SQL: INSERT INTO vip_parking_spots (spot_number, owner, allowed_plates, status, created_at, updated_at) VALUES (?, ?, ?, ?, ?, ?)]
[parameters: ('A05', '重复', '["粤B55555"]', 1, '2026-04-24 15:49:22.204823', '2026-04-24 15:49:22.204826')]
(Background on this error at: https://sqlalche.me/e/20/gkpj)
2026-04-24 15:49:22 | ERROR    | app.main | 未处理异常: http://testserver/api/spots - (sqlite3.IntegrityError) UNIQUE constraint failed: vip_parking_spots.spot_number
[SQL: INSERT INTO vip_parking_spots (spot_number, owner, allowed_plates, status, created_at, updated_at) VALUES (?, ?, ?, ?, ?, ?)]
[parameters: ('A05', '重复', '["粤B55555"]', 1, '2026-04-24 15:49:22.204823', '2026-04-24 15:49:22.204826')]
(Background on this error at: https://sqlalche.me/e/20/gkpj)
Traceback (most recent call last):
  File "/usr/local/lib/python3.10/dist-packages/sqlalchemy/engine/base.py", line 1967, in _exec_single_context
    self.dialect.do_execute(
  File "/usr/local/lib/python3.10/dist-packages/sqlalchemy/engine/default.py", line 941, in do_execute
    cursor.execute(statement, parameters)
sqlite3.IntegrityError: UNIQUE constraint failed: vip_parking_spots.spot_number

The above exception was the direct cause of the following exception:

Traceback (most recent call last):
  File "/usr/local/lib/python3.10/dist-packages/starlette/middleware/errors.py", line 165, in __call__
    await self.app(scope, receive, _send)
  File "/usr/local/lib/python3.10/dist-packages/starlette/middleware/exceptions.py", line 62, in __call__
    await wrap_app_handling_exceptions(self.app, conn)(scope, receive, send)
  File "/usr/local/lib/python3.10/dist-packages/starlette/_exception_handler.py", line 62, in wrapped_app
    raise exc
  File "/usr/local/lib/python3.10/dist-packages/starlette/_exception_handler.py", line 51, in wrapped_app
    await app(scope, receive, sender)
  File "/usr/local/lib/python3.10/dist-packages/starlette/routing.py", line 715, in __call__
    await self.middleware_stack(scope, receive, send)
  File "/usr/local/lib/python3.10/dist-packages/starlette/routing.py", line 735, in app
    await route.handle(scope, receive, send)
  File "/usr/local/lib/python3.10/dist-packages/starlette/routing.py", line 288, in handle
    await self.app(scope, receive, send)
  File "/usr/local/lib/python3.10/dist-packages/starlette/routing.py", line 76, in app
    await wrap_app_handling_exceptions(app, request)(scope, receive, send)
  File "/usr/local/lib/python3.10/dist-packages/starlette/_exception_handler.py", line 62, in wrapped_app
    raise exc
  File "/usr/local/lib/python3.10/dist-packages/starlette/_exception_handler.py", line 51, in wrapped_app
    await app(scope, receive, sender)
  File "/usr/local/lib/python3.10/dist-packages/starlette/routing.py", line 73, in app
    response = await f(request)
  File "/usr/local/lib/python3.10/dist-packages/fastapi/routing.py", line 301, in app
    raw_response = await run_endpoint_function(
  File "/usr/local/lib/python3.10/dist-packages/fastapi/routing.py", line 214, in run_endpoint_function
    return await run_in_threadpool(dependant.call, **values)
  File "/usr/local/lib/python3.10/dist-packages/starlette/concurrency.py", line 39, in run_in_threadpool
    return await anyio.to_thread.run_sync(func, *args)
  File "/usr/local/lib/python3.10/dist-packages/anyio/to_thread.py", line 63, in run_sync
    return await get_async_backend().run_sync_in_worker_thread(
  File "/usr/local/lib/python3.10/dist-packages/anyio/_backends/_asyncio.py", line 2518, in run_sync_in_worker_thread
    return await future
  File "/usr/local/lib/python3.10/dist-packages/anyio/_backends/_asyncio.py", line 1002, in run
    result = context.run(func, *args)
  File "/workspace/vip_parking_alert/backend/app/api/spots.py", line 83, in create_spot
    db.commit()
  File "/usr/local/lib/python3.10/dist-packages/sqlalchemy/orm/session.py", line 2028, in commit
    trans.commit(_to_root=True)
  File "<string>", line 2, in commit
  File "/usr/local/lib/python3.10/dist-packages/sqlalchemy/orm/state_changes.py", line 139, in _go
    ret_value = fn(self, *arg, **kw)
  File "/usr/local/lib/python3.10/dist-packages/sqlalchemy/orm/session.py", line 1313, in commit
    self._prepare_impl()
  File "<string>", line 2, in _prepare_impl
  File "/usr/local/lib/python3.10/dist-packages/sqlalchemy/orm/state_changes.py", line 139, in _go
    ret_value = fn(self, *arg, **kw)
  File "/usr/local/lib/python3.10/dist-packages/sqlalchemy/orm/session.py", line 1288, in _prepare_impl
    self.session.flush()
  File "/usr/local/lib/python3.10/dist-packages/sqlalchemy/orm/session.py", line 4352, in flush
    self._flush(objects)
  File "/usr/local/lib/python3.10/dist-packages/sqlalchemy/orm/session.py", line 4487, in _flush
    with util.safe_reraise():
  File "/usr/local/lib/python3.10/dist-packages/sqlalchemy/util/langhelpers.py", line 146, in __exit__
    raise exc_value.with_traceback(exc_tb)
  File "/usr/local/lib/python3.10/dist-packages/sqlalchemy/orm/session.py", line 4448, in _flush
    flush_context.execute()
  File "/usr/local/lib/python3.10/dist-packages/sqlalchemy/orm/unitofwork.py", line 466, in execute
    rec.execute(self)
  File "/usr/local/lib/python3.10/dist-packages/sqlalchemy/orm/unitofwork.py", line 642, in execute
    util.preloaded.orm_persistence.save_obj(
  File "/usr/local/lib/python3.10/dist-packages/sqlalchemy/orm/persistence.py", line 93, in save_obj
    _emit_insert_statements(
  File "/usr/local/lib/python3.10/dist-packages/sqlalchemy/orm/persistence.py", line 1233, in _emit_insert_statements
    result = connection.execute(
  File "/usr/local/lib/python3.10/dist-packages/sqlalchemy/engine/base.py", line 1418, in execute
    return meth(
  File "/usr/local/lib/python3.10/dist-packages/sqlalchemy/sql/elements.py", line 515, in _execute_on_connection
    return connection._execute_clauseelement(
  File "/usr/local/lib/python3.10/dist-packages/sqlalchemy/engine/base.py", line 1640, in _execute_clauseelement
    ret = self._execute_context(
  File "/usr/local/lib/python3.10/dist-packages/sqlalchemy/engine/base.py", line 1846, in _execute_context
    return self._exec_single_context(
  File "/usr/local/lib/python3.10/dist-packages/sqlalchemy/engine/base.py", line 1986, in _exec_single_context
    self._handle_dbapi_exception(
  File "/usr/local/lib/python3.10/dist-packages/sqlalchemy/engine/base.py", line 2355, in _handle_dbapi_exception
    raise sqlalchemy_exception.with_traceback(exc_info[2]) from e
  File "/usr/local/lib/python3.10/dist-packages/sqlalchemy/engine/base.py", line 1967, in _exec_single_context
    self.dialect.do_execute(
  File "/usr/local/lib/python3.10/dist-packages/sqlalchemy/engine/default.py", line 941, in do_execute
    cursor.execute(statement, parameters)
sqlalchemy.exc.IntegrityError: (sqlite3.IntegrityError) UNIQUE constraint failed: vip_parking_spots.spot_number
[SQL: INSERT INTO vip_parking_spots (spot_number, owner, allowed_plates, status, created_at, updated_at) VALUES (?, ?, ?, ?, ?, ?)]
[parameters: ('A05', '重复', '["粤B55555"]', 1, '2026-04-24 15:49:22.204823', '2026-04-24 15:49:22.204826')]
(Background on this error at: https://sqlalche.me/e/20/gkpj)
2026-04-24 15:49:22 | INFO     | app.scheduler.setup | APScheduler调度器已关闭
2026-04-24 15:49:22 | INFO     | app.scheduler.setup | APScheduler调度器已关闭
2026-04-24 15:49:22 | INFO     | app.scheduler.setup | APScheduler调度器已关闭
2026-04-24 15:49:22 | INFO     | app.scheduler.setup | APScheduler调度器已关闭
2026-04-24 15:49:22 | INFO     | app.scheduler.setup | APScheduler调度器已关闭
2026-04-24 15:49:22 | INFO     | app.scheduler.setup | APScheduler调度器已关闭
2026-04-24 15:49:22 | INFO     | app.scheduler.setup | APScheduler调度器已关闭
2026-04-24 15:49:22 | INFO     | app.scheduler.setup | APScheduler调度器已关闭
2026-04-24 15:49:22 | INFO     | app.scheduler.setup | APScheduler调度器已关闭
2026-04-24 15:49:22 | INFO     | app.main | VIP车位告警系统已关闭
2026-04-24 15:49:22 | INFO     | app.main | VIP车位告警系统已关闭
2026-04-24 15:49:22 | INFO     | app.main | VIP车位告警系统已关闭
2026-04-24 15:49:22 | INFO     | app.main | VIP车位告警系统已关闭
2026-04-24 15:49:22 | INFO     | app.main | VIP车位告警系统已关闭
2026-04-24 15:49:22 | INFO     | app.main | VIP车位告警系统已关闭
2026-04-24 15:49:22 | INFO     | app.main | VIP车位告警系统已关闭
2026-04-24 15:49:22 | INFO     | app.main | VIP车位告警系统已关闭
2026-04-24 15:49:22 | INFO     | app.main | VIP车位告警系统已关闭
2026-04-24 15:49:22 | INFO     | app.services.webhook_sender | Webhook发送成功: https://example.com/webhook...
2026-04-24 15:49:22 | INFO     | app.services.webhook_sender | Webhook发送成功: https://example.com/webhook...
2026-04-24 15:49:22 | INFO     | app.services.webhook_sender | Webhook发送成功: https://example.com/webhook...
2026-04-24 15:49:22 | INFO     | app.services.webhook_sender | Webhook发送成功: https://example.com/webhook...
2026-04-24 15:49:22 | INFO     | app.services.webhook_sender | Webhook发送成功: https://example.com/webhook...
2026-04-24 15:49:22 | INFO     | app.services.webhook_sender | Webhook发送成功: https://example.com/webhook...
2026-04-24 15:49:22 | INFO     | app.services.webhook_sender | Webhook发送成功: https://example.com/webhook...
2026-04-24 15:49:22 | INFO     | app.services.webhook_sender | Webhook发送成功: https://example.com/webhook...
2026-04-24 15:49:22 | INFO     | app.services.webhook_sender | Webhook发送成功: https://example.com/webhook...
2026-04-24 15:49:22 | WARNING  | app.services.webhook_sender | Webhook发送失败: HTTP 500, body=error
2026-04-24 15:49:22 | WARNING  | app.services.webhook_sender | Webhook发送失败: HTTP 500, body=error
2026-04-24 15:49:22 | WARNING  | app.services.webhook_sender | Webhook发送失败: HTTP 500, body=error
2026-04-24 15:49:22 | WARNING  | app.services.webhook_sender | Webhook发送失败: HTTP 500, body=error
2026-04-24 15:49:22 | WARNING  | app.services.webhook_sender | Webhook发送失败: HTTP 500, body=error
2026-04-24 15:49:22 | WARNING  | app.services.webhook_sender | Webhook发送失败: HTTP 500, body=error
2026-04-24 15:49:22 | WARNING  | app.services.webhook_sender | Webhook发送失败: HTTP 500, body=error
2026-04-24 15:49:22 | WARNING  | app.services.webhook_sender | Webhook发送失败: HTTP 500, body=error
2026-04-24 15:49:22 | WARNING  | app.services.webhook_sender | Webhook发送失败: HTTP 500, body=error
2026-04-24 15:50:12 | INFO     | app.main | VIP车位告警系统启动中...
2026-04-24 15:50:12 | INFO     | app.scheduler.setup | APScheduler调度器已启动
2026-04-24 15:50:12 | INFO     | app.api.contacts | 新增联系人: id=1, name=张三
2026-04-24 15:50:12 | INFO     | httpx | HTTP Request: POST http://testserver/api/contacts "HTTP/1.1 200 OK"
2026-04-24 15:50:12 | INFO     | app.scheduler.setup | APScheduler调度器已关闭
2026-04-24 15:50:12 | INFO     | app.main | VIP车位告警系统已关闭
2026-04-24 15:50:12 | INFO     | app.main | VIP车位告警系统启动中...
2026-04-24 15:50:12 | INFO     | app.main | VIP车位告警系统启动中...
2026-04-24 15:50:12 | INFO     | app.scheduler.setup | APScheduler调度器已启动
2026-04-24 15:50:12 | INFO     | app.scheduler.setup | APScheduler调度器已启动
2026-04-24 15:50:12 | INFO     | app.api.contacts | 查询通讯录列表: page=1, page_size=20, total=0
2026-04-24 15:50:12 | INFO     | app.api.contacts | 查询通讯录列表: page=1, page_size=20, total=0
2026-04-24 15:50:12 | INFO     | httpx | HTTP Request: GET http://testserver/api/contacts "HTTP/1.1 200 OK"
2026-04-24 15:50:12 | INFO     | httpx | HTTP Request: GET http://testserver/api/contacts "HTTP/1.1 200 OK"
2026-04-24 15:50:12 | INFO     | app.scheduler.setup | APScheduler调度器已关闭
2026-04-24 15:50:12 | INFO     | app.scheduler.setup | APScheduler调度器已关闭
2026-04-24 15:50:12 | INFO     | app.main | VIP车位告警系统已关闭
2026-04-24 15:50:12 | INFO     | app.main | VIP车位告警系统已关闭
2026-04-24 15:50:12 | INFO     | app.main | VIP车位告警系统启动中...
2026-04-24 15:50:12 | INFO     | app.main | VIP车位告警系统启动中...
2026-04-24 15:50:12 | INFO     | app.main | VIP车位告警系统启动中...
2026-04-24 15:50:12 | INFO     | app.scheduler.setup | APScheduler调度器已启动
2026-04-24 15:50:12 | INFO     | app.scheduler.setup | APScheduler调度器已启动
2026-04-24 15:50:12 | INFO     | app.scheduler.setup | APScheduler调度器已启动
2026-04-24 15:50:12 | INFO     | app.api.contacts | 新增联系人: id=1, name=李四
2026-04-24 15:50:12 | INFO     | app.api.contacts | 新增联系人: id=1, name=李四
2026-04-24 15:50:12 | INFO     | app.api.contacts | 新增联系人: id=1, name=李四
2026-04-24 15:50:12 | INFO     | httpx | HTTP Request: POST http://testserver/api/contacts "HTTP/1.1 200 OK"
2026-04-24 15:50:12 | INFO     | httpx | HTTP Request: POST http://testserver/api/contacts "HTTP/1.1 200 OK"
2026-04-24 15:50:12 | INFO     | httpx | HTTP Request: POST http://testserver/api/contacts "HTTP/1.1 200 OK"
2026-04-24 15:50:12 | INFO     | app.api.contacts | 编辑联系人: id=1, name=李四更新
2026-04-24 15:50:12 | INFO     | app.api.contacts | 编辑联系人: id=1, name=李四更新
2026-04-24 15:50:12 | INFO     | app.api.contacts | 编辑联系人: id=1, name=李四更新
2026-04-24 15:50:12 | INFO     | httpx | HTTP Request: PUT http://testserver/api/contacts/1 "HTTP/1.1 200 OK"
2026-04-24 15:50:12 | INFO     | httpx | HTTP Request: PUT http://testserver/api/contacts/1 "HTTP/1.1 200 OK"
2026-04-24 15:50:12 | INFO     | httpx | HTTP Request: PUT http://testserver/api/contacts/1 "HTTP/1.1 200 OK"
2026-04-24 15:50:12 | INFO     | app.scheduler.setup | APScheduler调度器已关闭
2026-04-24 15:50:12 | INFO     | app.scheduler.setup | APScheduler调度器已关闭
2026-04-24 15:50:12 | INFO     | app.scheduler.setup | APScheduler调度器已关闭
2026-04-24 15:50:12 | INFO     | app.main | VIP车位告警系统已关闭
2026-04-24 15:50:12 | INFO     | app.main | VIP车位告警系统已关闭
2026-04-24 15:50:12 | INFO     | app.main | VIP车位告警系统已关闭
2026-04-24 15:50:12 | INFO     | app.main | VIP车位告警系统启动中...
2026-04-24 15:50:12 | INFO     | app.main | VIP车位告警系统启动中...
2026-04-24 15:50:12 | INFO     | app.main | VIP车位告警系统启动中...
2026-04-24 15:50:12 | INFO     | app.main | VIP车位告警系统启动中...
2026-04-24 15:50:12 | INFO     | app.scheduler.setup | APScheduler调度器已启动
2026-04-24 15:50:12 | INFO     | app.scheduler.setup | APScheduler调度器已启动
2026-04-24 15:50:12 | INFO     | app.scheduler.setup | APScheduler调度器已启动
2026-04-24 15:50:12 | INFO     | app.scheduler.setup | APScheduler调度器已启动
2026-04-24 15:50:12 | INFO     | app.api.contacts | 新增联系人: id=1, name=王五
2026-04-24 15:50:12 | INFO     | app.api.contacts | 新增联系人: id=1, name=王五
2026-04-24 15:50:12 | INFO     | app.api.contacts | 新增联系人: id=1, name=王五
2026-04-24 15:50:12 | INFO     | app.api.contacts | 新增联系人: id=1, name=王五
2026-04-24 15:50:12 | INFO     | httpx | HTTP Request: POST http://testserver/api/contacts "HTTP/1.1 200 OK"
2026-04-24 15:50:12 | INFO     | httpx | HTTP Request: POST http://testserver/api/contacts "HTTP/1.1 200 OK"
2026-04-24 15:50:12 | INFO     | httpx | HTTP Request: POST http://testserver/api/contacts "HTTP/1.1 200 OK"
2026-04-24 15:50:12 | INFO     | httpx | HTTP Request: POST http://testserver/api/contacts "HTTP/1.1 200 OK"
2026-04-24 15:50:12 | INFO     | app.api.contacts | 删除联系人: id=1
2026-04-24 15:50:12 | INFO     | app.api.contacts | 删除联系人: id=1
2026-04-24 15:50:12 | INFO     | app.api.contacts | 删除联系人: id=1
2026-04-24 15:50:12 | INFO     | app.api.contacts | 删除联系人: id=1
2026-04-24 15:50:12 | INFO     | httpx | HTTP Request: DELETE http://testserver/api/contacts/1 "HTTP/1.1 200 OK"
2026-04-24 15:50:12 | INFO     | httpx | HTTP Request: DELETE http://testserver/api/contacts/1 "HTTP/1.1 200 OK"
2026-04-24 15:50:12 | INFO     | httpx | HTTP Request: DELETE http://testserver/api/contacts/1 "HTTP/1.1 200 OK"
2026-04-24 15:50:12 | INFO     | httpx | HTTP Request: DELETE http://testserver/api/contacts/1 "HTTP/1.1 200 OK"
2026-04-24 15:50:12 | INFO     | app.scheduler.setup | APScheduler调度器已关闭
2026-04-24 15:50:12 | INFO     | app.scheduler.setup | APScheduler调度器已关闭
2026-04-24 15:50:12 | INFO     | app.scheduler.setup | APScheduler调度器已关闭
2026-04-24 15:50:12 | INFO     | app.scheduler.setup | APScheduler调度器已关闭
2026-04-24 15:50:12 | INFO     | app.main | VIP车位告警系统已关闭
2026-04-24 15:50:12 | INFO     | app.main | VIP车位告警系统已关闭
2026-04-24 15:50:12 | INFO     | app.main | VIP车位告警系统已关闭
2026-04-24 15:50:12 | INFO     | app.main | VIP车位告警系统已关闭
2026-04-24 15:50:13 | INFO     | app.services.sms_sender | 短信发送成功: 13800138000
2026-04-24 15:50:13 | INFO     | app.services.sms_sender | 短信发送成功: 13800138000
2026-04-24 15:50:13 | INFO     | app.services.sms_sender | 短信发送成功: 13800138000
2026-04-24 15:50:13 | INFO     | app.services.sms_sender | 短信发送成功: 13800138000
2026-04-24 15:50:13 | WARNING  | app.services.sms_sender | 短信发送失败: 13800138000, HTTP 500, body=error
2026-04-24 15:50:13 | WARNING  | app.services.sms_sender | 短信发送失败: 13800138000, HTTP 500, body=error
2026-04-24 15:50:13 | WARNING  | app.services.sms_sender | 短信发送失败: 13800138000, HTTP 500, body=error
2026-04-24 15:50:13 | WARNING  | app.services.sms_sender | 短信发送失败: 13800138000, HTTP 500, body=error
2026-04-24 15:50:13 | ERROR    | app.services.sms_sender | 短信发送异常: 13800138000, timeout
2026-04-24 15:50:13 | ERROR    | app.services.sms_sender | 短信发送异常: 13800138000, timeout
2026-04-24 15:50:13 | ERROR    | app.services.sms_sender | 短信发送异常: 13800138000, timeout
2026-04-24 15:50:13 | ERROR    | app.services.sms_sender | 短信发送异常: 13800138000, timeout
2026-04-24 15:50:13 | INFO     | app.main | VIP车位告警系统启动中...
2026-04-24 15:50:13 | INFO     | app.main | VIP车位告警系统启动中...
2026-04-24 15:50:13 | INFO     | app.main | VIP车位告警系统启动中...
2026-04-24 15:50:13 | INFO     | app.main | VIP车位告警系统启动中...
2026-04-24 15:50:13 | INFO     | app.main | VIP车位告警系统启动中...
2026-04-24 15:50:13 | INFO     | app.scheduler.setup | APScheduler调度器已启动
2026-04-24 15:50:13 | INFO     | app.scheduler.setup | APScheduler调度器已启动
2026-04-24 15:50:13 | INFO     | app.scheduler.setup | APScheduler调度器已启动
2026-04-24 15:50:13 | INFO     | app.scheduler.setup | APScheduler调度器已启动
2026-04-24 15:50:13 | INFO     | app.scheduler.setup | APScheduler调度器已启动
2026-04-24 15:50:13 | INFO     | app.api.spots | 新增VIP车位: id=1, spot_number=A01
2026-04-24 15:50:13 | INFO     | app.api.spots | 新增VIP车位: id=1, spot_number=A01
2026-04-24 15:50:13 | INFO     | app.api.spots | 新增VIP车位: id=1, spot_number=A01
2026-04-24 15:50:13 | INFO     | app.api.spots | 新增VIP车位: id=1, spot_number=A01
2026-04-24 15:50:13 | INFO     | app.api.spots | 新增VIP车位: id=1, spot_number=A01
2026-04-24 15:50:13 | INFO     | httpx | HTTP Request: POST http://testserver/api/spots "HTTP/1.1 200 OK"
2026-04-24 15:50:13 | INFO     | httpx | HTTP Request: POST http://testserver/api/spots "HTTP/1.1 200 OK"
2026-04-24 15:50:13 | INFO     | httpx | HTTP Request: POST http://testserver/api/spots "HTTP/1.1 200 OK"
2026-04-24 15:50:13 | INFO     | httpx | HTTP Request: POST http://testserver/api/spots "HTTP/1.1 200 OK"
2026-04-24 15:50:13 | INFO     | httpx | HTTP Request: POST http://testserver/api/spots "HTTP/1.1 200 OK"
2026-04-24 15:50:13 | INFO     | app.scheduler.setup | APScheduler调度器已关闭
2026-04-24 15:50:13 | INFO     | app.scheduler.setup | APScheduler调度器已关闭
2026-04-24 15:50:13 | INFO     | app.scheduler.setup | APScheduler调度器已关闭
2026-04-24 15:50:13 | INFO     | app.scheduler.setup | APScheduler调度器已关闭
2026-04-24 15:50:13 | INFO     | app.scheduler.setup | APScheduler调度器已关闭
2026-04-24 15:50:13 | INFO     | app.main | VIP车位告警系统已关闭
2026-04-24 15:50:13 | INFO     | app.main | VIP车位告警系统已关闭
2026-04-24 15:50:13 | INFO     | app.main | VIP车位告警系统已关闭
2026-04-24 15:50:13 | INFO     | app.main | VIP车位告警系统已关闭
2026-04-24 15:50:13 | INFO     | app.main | VIP车位告警系统已关闭
2026-04-24 15:50:13 | INFO     | app.main | VIP车位告警系统启动中...
2026-04-24 15:50:13 | INFO     | app.main | VIP车位告警系统启动中...
2026-04-24 15:50:13 | INFO     | app.main | VIP车位告警系统启动中...
2026-04-24 15:50:13 | INFO     | app.main | VIP车位告警系统启动中...
2026-04-24 15:50:13 | INFO     | app.main | VIP车位告警系统启动中...
2026-04-24 15:50:13 | INFO     | app.main | VIP车位告警系统启动中...
2026-04-24 15:50:13 | INFO     | app.scheduler.setup | APScheduler调度器已启动
2026-04-24 15:50:13 | INFO     | app.scheduler.setup | APScheduler调度器已启动
2026-04-24 15:50:13 | INFO     | app.scheduler.setup | APScheduler调度器已启动
2026-04-24 15:50:13 | INFO     | app.scheduler.setup | APScheduler调度器已启动
2026-04-24 15:50:13 | INFO     | app.scheduler.setup | APScheduler调度器已启动
2026-04-24 15:50:13 | INFO     | app.scheduler.setup | APScheduler调度器已启动
2026-04-24 15:50:13 | INFO     | app.api.spots | 新增VIP车位: id=1, spot_number=A02
2026-04-24 15:50:13 | INFO     | app.api.spots | 新增VIP车位: id=1, spot_number=A02
2026-04-24 15:50:13 | INFO     | app.api.spots | 新增VIP车位: id=1, spot_number=A02
2026-04-24 15:50:13 | INFO     | app.api.spots | 新增VIP车位: id=1, spot_number=A02
2026-04-24 15:50:13 | INFO     | app.api.spots | 新增VIP车位: id=1, spot_number=A02
2026-04-24 15:50:13 | INFO     | app.api.spots | 新增VIP车位: id=1, spot_number=A02
2026-04-24 15:50:13 | INFO     | httpx | HTTP Request: POST http://testserver/api/spots "HTTP/1.1 200 OK"
2026-04-24 15:50:13 | INFO     | httpx | HTTP Request: POST http://testserver/api/spots "HTTP/1.1 200 OK"
2026-04-24 15:50:13 | INFO     | httpx | HTTP Request: POST http://testserver/api/spots "HTTP/1.1 200 OK"
2026-04-24 15:50:13 | INFO     | httpx | HTTP Request: POST http://testserver/api/spots "HTTP/1.1 200 OK"
2026-04-24 15:50:13 | INFO     | httpx | HTTP Request: POST http://testserver/api/spots "HTTP/1.1 200 OK"
2026-04-24 15:50:13 | INFO     | httpx | HTTP Request: POST http://testserver/api/spots "HTTP/1.1 200 OK"
2026-04-24 15:50:13 | INFO     | app.api.spots | 查询VIP车位列表: page=1, page_size=20, total=1
2026-04-24 15:50:13 | INFO     | app.api.spots | 查询VIP车位列表: page=1, page_size=20, total=1
2026-04-24 15:50:13 | INFO     | app.api.spots | 查询VIP车位列表: page=1, page_size=20, total=1
2026-04-24 15:50:13 | INFO     | app.api.spots | 查询VIP车位列表: page=1, page_size=20, total=1
2026-04-24 15:50:13 | INFO     | app.api.spots | 查询VIP车位列表: page=1, page_size=20, total=1
2026-04-24 15:50:13 | INFO     | app.api.spots | 查询VIP车位列表: page=1, page_size=20, total=1
2026-04-24 15:50:13 | INFO     | httpx | HTTP Request: GET http://testserver/api/spots "HTTP/1.1 200 OK"
2026-04-24 15:50:13 | INFO     | httpx | HTTP Request: GET http://testserver/api/spots "HTTP/1.1 200 OK"
2026-04-24 15:50:13 | INFO     | httpx | HTTP Request: GET http://testserver/api/spots "HTTP/1.1 200 OK"
2026-04-24 15:50:13 | INFO     | httpx | HTTP Request: GET http://testserver/api/spots "HTTP/1.1 200 OK"
2026-04-24 15:50:13 | INFO     | httpx | HTTP Request: GET http://testserver/api/spots "HTTP/1.1 200 OK"
2026-04-24 15:50:13 | INFO     | httpx | HTTP Request: GET http://testserver/api/spots "HTTP/1.1 200 OK"
2026-04-24 15:50:13 | INFO     | app.scheduler.setup | APScheduler调度器已关闭
2026-04-24 15:50:13 | INFO     | app.scheduler.setup | APScheduler调度器已关闭
2026-04-24 15:50:13 | INFO     | app.scheduler.setup | APScheduler调度器已关闭
2026-04-24 15:50:13 | INFO     | app.scheduler.setup | APScheduler调度器已关闭
2026-04-24 15:50:13 | INFO     | app.scheduler.setup | APScheduler调度器已关闭
2026-04-24 15:50:13 | INFO     | app.scheduler.setup | APScheduler调度器已关闭
2026-04-24 15:50:13 | INFO     | app.main | VIP车位告警系统已关闭
2026-04-24 15:50:13 | INFO     | app.main | VIP车位告警系统已关闭
2026-04-24 15:50:13 | INFO     | app.main | VIP车位告警系统已关闭
2026-04-24 15:50:13 | INFO     | app.main | VIP车位告警系统已关闭
2026-04-24 15:50:13 | INFO     | app.main | VIP车位告警系统已关闭
2026-04-24 15:50:13 | INFO     | app.main | VIP车位告警系统已关闭
2026-04-24 15:50:13 | INFO     | app.main | VIP车位告警系统启动中...
2026-04-24 15:50:13 | INFO     | app.main | VIP车位告警系统启动中...
2026-04-24 15:50:13 | INFO     | app.main | VIP车位告警系统启动中...
2026-04-24 15:50:13 | INFO     | app.main | VIP车位告警系统启动中...
2026-04-24 15:50:13 | INFO     | app.main | VIP车位告警系统启动中...
2026-04-24 15:50:13 | INFO     | app.main | VIP车位告警系统启动中...
2026-04-24 15:50:13 | INFO     | app.main | VIP车位告警系统启动中...
2026-04-24 15:50:13 | INFO     | app.scheduler.setup | APScheduler调度器已启动
2026-04-24 15:50:13 | INFO     | app.scheduler.setup | APScheduler调度器已启动
2026-04-24 15:50:13 | INFO     | app.scheduler.setup | APScheduler调度器已启动
2026-04-24 15:50:13 | INFO     | app.scheduler.setup | APScheduler调度器已启动
2026-04-24 15:50:13 | INFO     | app.scheduler.setup | APScheduler调度器已启动
2026-04-24 15:50:13 | INFO     | app.scheduler.setup | APScheduler调度器已启动
2026-04-24 15:50:13 | INFO     | app.scheduler.setup | APScheduler调度器已启动
2026-04-24 15:50:13 | INFO     | app.api.spots | 新增VIP车位: id=1, spot_number=A03
2026-04-24 15:50:13 | INFO     | app.api.spots | 新增VIP车位: id=1, spot_number=A03
2026-04-24 15:50:13 | INFO     | app.api.spots | 新增VIP车位: id=1, spot_number=A03
2026-04-24 15:50:13 | INFO     | app.api.spots | 新增VIP车位: id=1, spot_number=A03
2026-04-24 15:50:13 | INFO     | app.api.spots | 新增VIP车位: id=1, spot_number=A03
2026-04-24 15:50:13 | INFO     | app.api.spots | 新增VIP车位: id=1, spot_number=A03
2026-04-24 15:50:13 | INFO     | app.api.spots | 新增VIP车位: id=1, spot_number=A03
2026-04-24 15:50:13 | INFO     | httpx | HTTP Request: POST http://testserver/api/spots "HTTP/1.1 200 OK"
2026-04-24 15:50:13 | INFO     | httpx | HTTP Request: POST http://testserver/api/spots "HTTP/1.1 200 OK"
2026-04-24 15:50:13 | INFO     | httpx | HTTP Request: POST http://testserver/api/spots "HTTP/1.1 200 OK"
2026-04-24 15:50:13 | INFO     | httpx | HTTP Request: POST http://testserver/api/spots "HTTP/1.1 200 OK"
2026-04-24 15:50:13 | INFO     | httpx | HTTP Request: POST http://testserver/api/spots "HTTP/1.1 200 OK"
2026-04-24 15:50:13 | INFO     | httpx | HTTP Request: POST http://testserver/api/spots "HTTP/1.1 200 OK"
2026-04-24 15:50:13 | INFO     | httpx | HTTP Request: POST http://testserver/api/spots "HTTP/1.1 200 OK"
2026-04-24 15:50:13 | INFO     | app.api.spots | 编辑VIP车位: id=1, spot_number=A03
2026-04-24 15:50:13 | INFO     | app.api.spots | 编辑VIP车位: id=1, spot_number=A03
2026-04-24 15:50:13 | INFO     | app.api.spots | 编辑VIP车位: id=1, spot_number=A03
2026-04-24 15:50:13 | INFO     | app.api.spots | 编辑VIP车位: id=1, spot_number=A03
2026-04-24 15:50:13 | INFO     | app.api.spots | 编辑VIP车位: id=1, spot_number=A03
2026-04-24 15:50:13 | INFO     | app.api.spots | 编辑VIP车位: id=1, spot_number=A03
2026-04-24 15:50:13 | INFO     | app.api.spots | 编辑VIP车位: id=1, spot_number=A03
2026-04-24 15:50:13 | INFO     | httpx | HTTP Request: PUT http://testserver/api/spots/1 "HTTP/1.1 200 OK"
2026-04-24 15:50:13 | INFO     | httpx | HTTP Request: PUT http://testserver/api/spots/1 "HTTP/1.1 200 OK"
2026-04-24 15:50:13 | INFO     | httpx | HTTP Request: PUT http://testserver/api/spots/1 "HTTP/1.1 200 OK"
2026-04-24 15:50:13 | INFO     | httpx | HTTP Request: PUT http://testserver/api/spots/1 "HTTP/1.1 200 OK"
2026-04-24 15:50:13 | INFO     | httpx | HTTP Request: PUT http://testserver/api/spots/1 "HTTP/1.1 200 OK"
2026-04-24 15:50:13 | INFO     | httpx | HTTP Request: PUT http://testserver/api/spots/1 "HTTP/1.1 200 OK"
2026-04-24 15:50:13 | INFO     | httpx | HTTP Request: PUT http://testserver/api/spots/1 "HTTP/1.1 200 OK"
2026-04-24 15:50:13 | INFO     | app.scheduler.setup | APScheduler调度器已关闭
2026-04-24 15:50:13 | INFO     | app.scheduler.setup | APScheduler调度器已关闭
2026-04-24 15:50:13 | INFO     | app.scheduler.setup | APScheduler调度器已关闭
2026-04-24 15:50:13 | INFO     | app.scheduler.setup | APScheduler调度器已关闭
2026-04-24 15:50:13 | INFO     | app.scheduler.setup | APScheduler调度器已关闭
2026-04-24 15:50:13 | INFO     | app.scheduler.setup | APScheduler调度器已关闭
2026-04-24 15:50:13 | INFO     | app.scheduler.setup | APScheduler调度器已关闭
2026-04-24 15:50:13 | INFO     | app.main | VIP车位告警系统已关闭
2026-04-24 15:50:13 | INFO     | app.main | VIP车位告警系统已关闭
2026-04-24 15:50:13 | INFO     | app.main | VIP车位告警系统已关闭
2026-04-24 15:50:13 | INFO     | app.main | VIP车位告警系统已关闭
2026-04-24 15:50:13 | INFO     | app.main | VIP车位告警系统已关闭
2026-04-24 15:50:13 | INFO     | app.main | VIP车位告警系统已关闭
2026-04-24 15:50:13 | INFO     | app.main | VIP车位告警系统已关闭
2026-04-24 15:50:13 | INFO     | app.main | VIP车位告警系统启动中...
2026-04-24 15:50:13 | INFO     | app.main | VIP车位告警系统启动中...
2026-04-24 15:50:13 | INFO     | app.main | VIP车位告警系统启动中...
2026-04-24 15:50:13 | INFO     | app.main | VIP车位告警系统启动中...
2026-04-24 15:50:13 | INFO     | app.main | VIP车位告警系统启动中...
2026-04-24 15:50:13 | INFO     | app.main | VIP车位告警系统启动中...
2026-04-24 15:50:13 | INFO     | app.main | VIP车位告警系统启动中...
2026-04-24 15:50:13 | INFO     | app.main | VIP车位告警系统启动中...
2026-04-24 15:50:13 | INFO     | app.scheduler.setup | APScheduler调度器已启动
2026-04-24 15:50:13 | INFO     | app.scheduler.setup | APScheduler调度器已启动
2026-04-24 15:50:13 | INFO     | app.scheduler.setup | APScheduler调度器已启动
2026-04-24 15:50:13 | INFO     | app.scheduler.setup | APScheduler调度器已启动
2026-04-24 15:50:13 | INFO     | app.scheduler.setup | APScheduler调度器已启动
2026-04-24 15:50:13 | INFO     | app.scheduler.setup | APScheduler调度器已启动
2026-04-24 15:50:13 | INFO     | app.scheduler.setup | APScheduler调度器已启动
2026-04-24 15:50:13 | INFO     | app.scheduler.setup | APScheduler调度器已启动
2026-04-24 15:50:13 | INFO     | app.api.spots | 新增VIP车位: id=1, spot_number=A04
2026-04-24 15:50:13 | INFO     | app.api.spots | 新增VIP车位: id=1, spot_number=A04
2026-04-24 15:50:13 | INFO     | app.api.spots | 新增VIP车位: id=1, spot_number=A04
2026-04-24 15:50:13 | INFO     | app.api.spots | 新增VIP车位: id=1, spot_number=A04
2026-04-24 15:50:13 | INFO     | app.api.spots | 新增VIP车位: id=1, spot_number=A04
2026-04-24 15:50:13 | INFO     | app.api.spots | 新增VIP车位: id=1, spot_number=A04
2026-04-24 15:50:13 | INFO     | app.api.spots | 新增VIP车位: id=1, spot_number=A04
2026-04-24 15:50:13 | INFO     | app.api.spots | 新增VIP车位: id=1, spot_number=A04
2026-04-24 15:50:13 | INFO     | httpx | HTTP Request: POST http://testserver/api/spots "HTTP/1.1 200 OK"
2026-04-24 15:50:13 | INFO     | httpx | HTTP Request: POST http://testserver/api/spots "HTTP/1.1 200 OK"
2026-04-24 15:50:13 | INFO     | httpx | HTTP Request: POST http://testserver/api/spots "HTTP/1.1 200 OK"
2026-04-24 15:50:13 | INFO     | httpx | HTTP Request: POST http://testserver/api/spots "HTTP/1.1 200 OK"
2026-04-24 15:50:13 | INFO     | httpx | HTTP Request: POST http://testserver/api/spots "HTTP/1.1 200 OK"
2026-04-24 15:50:13 | INFO     | httpx | HTTP Request: POST http://testserver/api/spots "HTTP/1.1 200 OK"
2026-04-24 15:50:13 | INFO     | httpx | HTTP Request: POST http://testserver/api/spots "HTTP/1.1 200 OK"
2026-04-24 15:50:13 | INFO     | httpx | HTTP Request: POST http://testserver/api/spots "HTTP/1.1 200 OK"
2026-04-24 15:50:13 | INFO     | app.api.spots | 删除VIP车位: id=1, spot_number=A04
2026-04-24 15:50:13 | INFO     | app.api.spots | 删除VIP车位: id=1, spot_number=A04
2026-04-24 15:50:13 | INFO     | app.api.spots | 删除VIP车位: id=1, spot_number=A04
2026-04-24 15:50:13 | INFO     | app.api.spots | 删除VIP车位: id=1, spot_number=A04
2026-04-24 15:50:13 | INFO     | app.api.spots | 删除VIP车位: id=1, spot_number=A04
2026-04-24 15:50:13 | INFO     | app.api.spots | 删除VIP车位: id=1, spot_number=A04
2026-04-24 15:50:13 | INFO     | app.api.spots | 删除VIP车位: id=1, spot_number=A04
2026-04-24 15:50:13 | INFO     | app.api.spots | 删除VIP车位: id=1, spot_number=A04
2026-04-24 15:50:13 | INFO     | httpx | HTTP Request: DELETE http://testserver/api/spots/1 "HTTP/1.1 200 OK"
2026-04-24 15:50:13 | INFO     | httpx | HTTP Request: DELETE http://testserver/api/spots/1 "HTTP/1.1 200 OK"
2026-04-24 15:50:13 | INFO     | httpx | HTTP Request: DELETE http://testserver/api/spots/1 "HTTP/1.1 200 OK"
2026-04-24 15:50:13 | INFO     | httpx | HTTP Request: DELETE http://testserver/api/spots/1 "HTTP/1.1 200 OK"
2026-04-24 15:50:13 | INFO     | httpx | HTTP Request: DELETE http://testserver/api/spots/1 "HTTP/1.1 200 OK"
2026-04-24 15:50:13 | INFO     | httpx | HTTP Request: DELETE http://testserver/api/spots/1 "HTTP/1.1 200 OK"
2026-04-24 15:50:13 | INFO     | httpx | HTTP Request: DELETE http://testserver/api/spots/1 "HTTP/1.1 200 OK"
2026-04-24 15:50:13 | INFO     | httpx | HTTP Request: DELETE http://testserver/api/spots/1 "HTTP/1.1 200 OK"
2026-04-24 15:50:13 | INFO     | app.scheduler.setup | APScheduler调度器已关闭
2026-04-24 15:50:13 | INFO     | app.scheduler.setup | APScheduler调度器已关闭
2026-04-24 15:50:13 | INFO     | app.scheduler.setup | APScheduler调度器已关闭
2026-04-24 15:50:13 | INFO     | app.scheduler.setup | APScheduler调度器已关闭
2026-04-24 15:50:13 | INFO     | app.scheduler.setup | APScheduler调度器已关闭
2026-04-24 15:50:13 | INFO     | app.scheduler.setup | APScheduler调度器已关闭
2026-04-24 15:50:13 | INFO     | app.scheduler.setup | APScheduler调度器已关闭
2026-04-24 15:50:13 | INFO     | app.scheduler.setup | APScheduler调度器已关闭
2026-04-24 15:50:13 | INFO     | app.main | VIP车位告警系统已关闭
2026-04-24 15:50:13 | INFO     | app.main | VIP车位告警系统已关闭
2026-04-24 15:50:13 | INFO     | app.main | VIP车位告警系统已关闭
2026-04-24 15:50:13 | INFO     | app.main | VIP车位告警系统已关闭
2026-04-24 15:50:13 | INFO     | app.main | VIP车位告警系统已关闭
2026-04-24 15:50:13 | INFO     | app.main | VIP车位告警系统已关闭
2026-04-24 15:50:13 | INFO     | app.main | VIP车位告警系统已关闭
2026-04-24 15:50:13 | INFO     | app.main | VIP车位告警系统已关闭
2026-04-24 15:50:13 | INFO     | app.main | VIP车位告警系统启动中...
2026-04-24 15:50:13 | INFO     | app.main | VIP车位告警系统启动中...
2026-04-24 15:50:13 | INFO     | app.main | VIP车位告警系统启动中...
2026-04-24 15:50:13 | INFO     | app.main | VIP车位告警系统启动中...
2026-04-24 15:50:13 | INFO     | app.main | VIP车位告警系统启动中...
2026-04-24 15:50:13 | INFO     | app.main | VIP车位告警系统启动中...
2026-04-24 15:50:13 | INFO     | app.main | VIP车位告警系统启动中...
2026-04-24 15:50:13 | INFO     | app.main | VIP车位告警系统启动中...
2026-04-24 15:50:13 | INFO     | app.main | VIP车位告警系统启动中...
2026-04-24 15:50:13 | INFO     | app.scheduler.setup | APScheduler调度器已启动
2026-04-24 15:50:13 | INFO     | app.scheduler.setup | APScheduler调度器已启动
2026-04-24 15:50:13 | INFO     | app.scheduler.setup | APScheduler调度器已启动
2026-04-24 15:50:13 | INFO     | app.scheduler.setup | APScheduler调度器已启动
2026-04-24 15:50:13 | INFO     | app.scheduler.setup | APScheduler调度器已启动
2026-04-24 15:50:13 | INFO     | app.scheduler.setup | APScheduler调度器已启动
2026-04-24 15:50:13 | INFO     | app.scheduler.setup | APScheduler调度器已启动
2026-04-24 15:50:13 | INFO     | app.scheduler.setup | APScheduler调度器已启动
2026-04-24 15:50:13 | INFO     | app.scheduler.setup | APScheduler调度器已启动
2026-04-24 15:50:13 | INFO     | app.api.spots | 新增VIP车位: id=1, spot_number=A05
2026-04-24 15:50:13 | INFO     | app.api.spots | 新增VIP车位: id=1, spot_number=A05
2026-04-24 15:50:13 | INFO     | app.api.spots | 新增VIP车位: id=1, spot_number=A05
2026-04-24 15:50:13 | INFO     | app.api.spots | 新增VIP车位: id=1, spot_number=A05
2026-04-24 15:50:13 | INFO     | app.api.spots | 新增VIP车位: id=1, spot_number=A05
2026-04-24 15:50:13 | INFO     | app.api.spots | 新增VIP车位: id=1, spot_number=A05
2026-04-24 15:50:13 | INFO     | app.api.spots | 新增VIP车位: id=1, spot_number=A05
2026-04-24 15:50:13 | INFO     | app.api.spots | 新增VIP车位: id=1, spot_number=A05
2026-04-24 15:50:13 | INFO     | app.api.spots | 新增VIP车位: id=1, spot_number=A05
2026-04-24 15:50:13 | INFO     | httpx | HTTP Request: POST http://testserver/api/spots "HTTP/1.1 200 OK"
2026-04-24 15:50:13 | INFO     | httpx | HTTP Request: POST http://testserver/api/spots "HTTP/1.1 200 OK"
2026-04-24 15:50:13 | INFO     | httpx | HTTP Request: POST http://testserver/api/spots "HTTP/1.1 200 OK"
2026-04-24 15:50:13 | INFO     | httpx | HTTP Request: POST http://testserver/api/spots "HTTP/1.1 200 OK"
2026-04-24 15:50:13 | INFO     | httpx | HTTP Request: POST http://testserver/api/spots "HTTP/1.1 200 OK"
2026-04-24 15:50:13 | INFO     | httpx | HTTP Request: POST http://testserver/api/spots "HTTP/1.1 200 OK"
2026-04-24 15:50:13 | INFO     | httpx | HTTP Request: POST http://testserver/api/spots "HTTP/1.1 200 OK"
2026-04-24 15:50:13 | INFO     | httpx | HTTP Request: POST http://testserver/api/spots "HTTP/1.1 200 OK"
2026-04-24 15:50:13 | INFO     | httpx | HTTP Request: POST http://testserver/api/spots "HTTP/1.1 200 OK"
2026-04-24 15:50:13 | ERROR    | app.main | 未处理异常: http://testserver/api/spots - (sqlite3.IntegrityError) UNIQUE constraint failed: vip_parking_spots.spot_number
[SQL: INSERT INTO vip_parking_spots (spot_number, owner, allowed_plates, status, created_at, updated_at) VALUES (?, ?, ?, ?, ?, ?)]
[parameters: ('A05', '重复', '["粤B55555"]', 1, '2026-04-24 15:50:13.823941', '2026-04-24 15:50:13.823943')]
(Background on this error at: https://sqlalche.me/e/20/gkpj)
Traceback (most recent call last):
  File "/usr/local/lib/python3.10/dist-packages/sqlalchemy/engine/base.py", line 1967, in _exec_single_context
    self.dialect.do_execute(
  File "/usr/local/lib/python3.10/dist-packages/sqlalchemy/engine/default.py", line 941, in do_execute
    cursor.execute(statement, parameters)
sqlite3.IntegrityError: UNIQUE constraint failed: vip_parking_spots.spot_number

The above exception was the direct cause of the following exception:

Traceback (most recent call last):
  File "/usr/local/lib/python3.10/dist-packages/starlette/middleware/errors.py", line 165, in __call__
    await self.app(scope, receive, _send)
  File "/usr/local/lib/python3.10/dist-packages/starlette/middleware/exceptions.py", line 62, in __call__
    await wrap_app_handling_exceptions(self.app, conn)(scope, receive, send)
  File "/usr/local/lib/python3.10/dist-packages/starlette/_exception_handler.py", line 62, in wrapped_app
    raise exc
  File "/usr/local/lib/python3.10/dist-packages/starlette/_exception_handler.py", line 51, in wrapped_app
    await app(scope, receive, sender)
  File "/usr/local/lib/python3.10/dist-packages/starlette/routing.py", line 715, in __call__
    await self.middleware_stack(scope, receive, send)
  File "/usr/local/lib/python3.10/dist-packages/starlette/routing.py", line 735, in app
    await route.handle(scope, receive, send)
  File "/usr/local/lib/python3.10/dist-packages/starlette/routing.py", line 288, in handle
    await self.app(scope, receive, send)
  File "/usr/local/lib/python3.10/dist-packages/starlette/routing.py", line 76, in app
    await wrap_app_handling_exceptions(app, request)(scope, receive, send)
  File "/usr/local/lib/python3.10/dist-packages/starlette/_exception_handler.py", line 62, in wrapped_app
    raise exc
  File "/usr/local/lib/python3.10/dist-packages/starlette/_exception_handler.py", line 51, in wrapped_app
    await app(scope, receive, sender)
  File "/usr/local/lib/python3.10/dist-packages/starlette/routing.py", line 73, in app
    response = await f(request)
  File "/usr/local/lib/python3.10/dist-packages/fastapi/routing.py", line 301, in app
    raw_response = await run_endpoint_function(
  File "/usr/local/lib/python3.10/dist-packages/fastapi/routing.py", line 214, in run_endpoint_function
    return await run_in_threadpool(dependant.call, **values)
  File "/usr/local/lib/python3.10/dist-packages/starlette/concurrency.py", line 39, in run_in_threadpool
    return await anyio.to_thread.run_sync(func, *args)
  File "/usr/local/lib/python3.10/dist-packages/anyio/to_thread.py", line 63, in run_sync
    return await get_async_backend().run_sync_in_worker_thread(
  File "/usr/local/lib/python3.10/dist-packages/anyio/_backends/_asyncio.py", line 2518, in run_sync_in_worker_thread
    return await future
  File "/usr/local/lib/python3.10/dist-packages/anyio/_backends/_asyncio.py", line 1002, in run
    result = context.run(func, *args)
  File "/workspace/vip_parking_alert/backend/app/api/spots.py", line 83, in create_spot
    db.commit()
  File "/usr/local/lib/python3.10/dist-packages/sqlalchemy/orm/session.py", line 2028, in commit
    trans.commit(_to_root=True)
  File "<string>", line 2, in commit
  File "/usr/local/lib/python3.10/dist-packages/sqlalchemy/orm/state_changes.py", line 139, in _go
    ret_value = fn(self, *arg, **kw)
  File "/usr/local/lib/python3.10/dist-packages/sqlalchemy/orm/session.py", line 1313, in commit
    self._prepare_impl()
  File "<string>", line 2, in _prepare_impl
  File "/usr/local/lib/python3.10/dist-packages/sqlalchemy/orm/state_changes.py", line 139, in _go
    ret_value = fn(self, *arg, **kw)
  File "/usr/local/lib/python3.10/dist-packages/sqlalchemy/orm/session.py", line 1288, in _prepare_impl
    self.session.flush()
  File "/usr/local/lib/python3.10/dist-packages/sqlalchemy/orm/session.py", line 4352, in flush
    self._flush(objects)
  File "/usr/local/lib/python3.10/dist-packages/sqlalchemy/orm/session.py", line 4487, in _flush
    with util.safe_reraise():
  File "/usr/local/lib/python3.10/dist-packages/sqlalchemy/util/langhelpers.py", line 146, in __exit__
    raise exc_value.with_traceback(exc_tb)
  File "/usr/local/lib/python3.10/dist-packages/sqlalchemy/orm/session.py", line 4448, in _flush
    flush_context.execute()
  File "/usr/local/lib/python3.10/dist-packages/sqlalchemy/orm/unitofwork.py", line 466, in execute
    rec.execute(self)
  File "/usr/local/lib/python3.10/dist-packages/sqlalchemy/orm/unitofwork.py", line 642, in execute
    util.preloaded.orm_persistence.save_obj(
  File "/usr/local/lib/python3.10/dist-packages/sqlalchemy/orm/persistence.py", line 93, in save_obj
    _emit_insert_statements(
  File "/usr/local/lib/python3.10/dist-packages/sqlalchemy/orm/persistence.py", line 1233, in _emit_insert_statements
    result = connection.execute(
  File "/usr/local/lib/python3.10/dist-packages/sqlalchemy/engine/base.py", line 1418, in execute
    return meth(
  File "/usr/local/lib/python3.10/dist-packages/sqlalchemy/sql/elements.py", line 515, in _execute_on_connection
    return connection._execute_clauseelement(
  File "/usr/local/lib/python3.10/dist-packages/sqlalchemy/engine/base.py", line 1640, in _execute_clauseelement
    ret = self._execute_context(
  File "/usr/local/lib/python3.10/dist-packages/sqlalchemy/engine/base.py", line 1846, in _execute_context
    return self._exec_single_context(
  File "/usr/local/lib/python3.10/dist-packages/sqlalchemy/engine/base.py", line 1986, in _exec_single_context
    self._handle_dbapi_exception(
  File "/usr/local/lib/python3.10/dist-packages/sqlalchemy/engine/base.py", line 2355, in _handle_dbapi_exception
    raise sqlalchemy_exception.with_traceback(exc_info[2]) from e
  File "/usr/local/lib/python3.10/dist-packages/sqlalchemy/engine/base.py", line 1967, in _exec_single_context
    self.dialect.do_execute(
  File "/usr/local/lib/python3.10/dist-packages/sqlalchemy/engine/default.py", line 941, in do_execute
    cursor.execute(statement, parameters)
sqlalchemy.exc.IntegrityError: (sqlite3.IntegrityError) UNIQUE constraint failed: vip_parking_spots.spot_number
[SQL: INSERT INTO vip_parking_spots (spot_number, owner, allowed_plates, status, created_at, updated_at) VALUES (?, ?, ?, ?, ?, ?)]
[parameters: ('A05', '重复', '["粤B55555"]', 1, '2026-04-24 15:50:13.823941', '2026-04-24 15:50:13.823943')]
(Background on this error at: https://sqlalche.me/e/20/gkpj)
2026-04-24 15:50:13 | ERROR    | app.main | 未处理异常: http://testserver/api/spots - (sqlite3.IntegrityError) UNIQUE constraint failed: vip_parking_spots.spot_number
[SQL: INSERT INTO vip_parking_spots (spot_number, owner, allowed_plates, status, created_at, updated_at) VALUES (?, ?, ?, ?, ?, ?)]
[parameters: ('A05', '重复', '["粤B55555"]', 1, '2026-04-24 15:50:13.823941', '2026-04-24 15:50:13.823943')]
(Background on this error at: https://sqlalche.me/e/20/gkpj)
Traceback (most recent call last):
  File "/usr/local/lib/python3.10/dist-packages/sqlalchemy/engine/base.py", line 1967, in _exec_single_context
    self.dialect.do_execute(
  File "/usr/local/lib/python3.10/dist-packages/sqlalchemy/engine/default.py", line 941, in do_execute
    cursor.execute(statement, parameters)
sqlite3.IntegrityError: UNIQUE constraint failed: vip_parking_spots.spot_number

The above exception was the direct cause of the following exception:

Traceback (most recent call last):
  File "/usr/local/lib/python3.10/dist-packages/starlette/middleware/errors.py", line 165, in __call__
    await self.app(scope, receive, _send)
  File "/usr/local/lib/python3.10/dist-packages/starlette/middleware/exceptions.py", line 62, in __call__
    await wrap_app_handling_exceptions(self.app, conn)(scope, receive, send)
  File "/usr/local/lib/python3.10/dist-packages/starlette/_exception_handler.py", line 62, in wrapped_app
    raise exc
  File "/usr/local/lib/python3.10/dist-packages/starlette/_exception_handler.py", line 51, in wrapped_app
    await app(scope, receive, sender)
  File "/usr/local/lib/python3.10/dist-packages/starlette/routing.py", line 715, in __call__
    await self.middleware_stack(scope, receive, send)
  File "/usr/local/lib/python3.10/dist-packages/starlette/routing.py", line 735, in app
    await route.handle(scope, receive, send)
  File "/usr/local/lib/python3.10/dist-packages/starlette/routing.py", line 288, in handle
    await self.app(scope, receive, send)
  File "/usr/local/lib/python3.10/dist-packages/starlette/routing.py", line 76, in app
    await wrap_app_handling_exceptions(app, request)(scope, receive, send)
  File "/usr/local/lib/python3.10/dist-packages/starlette/_exception_handler.py", line 62, in wrapped_app
    raise exc
  File "/usr/local/lib/python3.10/dist-packages/starlette/_exception_handler.py", line 51, in wrapped_app
    await app(scope, receive, sender)
  File "/usr/local/lib/python3.10/dist-packages/starlette/routing.py", line 73, in app
    response = await f(request)
  File "/usr/local/lib/python3.10/dist-packages/fastapi/routing.py", line 301, in app
    raw_response = await run_endpoint_function(
  File "/usr/local/lib/python3.10/dist-packages/fastapi/routing.py", line 214, in run_endpoint_function
    return await run_in_threadpool(dependant.call, **values)
  File "/usr/local/lib/python3.10/dist-packages/starlette/concurrency.py", line 39, in run_in_threadpool
    return await anyio.to_thread.run_sync(func, *args)
  File "/usr/local/lib/python3.10/dist-packages/anyio/to_thread.py", line 63, in run_sync
    return await get_async_backend().run_sync_in_worker_thread(
  File "/usr/local/lib/python3.10/dist-packages/anyio/_backends/_asyncio.py", line 2518, in run_sync_in_worker_thread
    return await future
  File "/usr/local/lib/python3.10/dist-packages/anyio/_backends/_asyncio.py", line 1002, in run
    result = context.run(func, *args)
  File "/workspace/vip_parking_alert/backend/app/api/spots.py", line 83, in create_spot
    db.commit()
  File "/usr/local/lib/python3.10/dist-packages/sqlalchemy/orm/session.py", line 2028, in commit
    trans.commit(_to_root=True)
  File "<string>", line 2, in commit
  File "/usr/local/lib/python3.10/dist-packages/sqlalchemy/orm/state_changes.py", line 139, in _go
    ret_value = fn(self, *arg, **kw)
  File "/usr/local/lib/python3.10/dist-packages/sqlalchemy/orm/session.py", line 1313, in commit
    self._prepare_impl()
  File "<string>", line 2, in _prepare_impl
  File "/usr/local/lib/python3.10/dist-packages/sqlalchemy/orm/state_changes.py", line 139, in _go
    ret_value = fn(self, *arg, **kw)
  File "/usr/local/lib/python3.10/dist-packages/sqlalchemy/orm/session.py", line 1288, in _prepare_impl
    self.session.flush()
  File "/usr/local/lib/python3.10/dist-packages/sqlalchemy/orm/session.py", line 4352, in flush
    self._flush(objects)
  File "/usr/local/lib/python3.10/dist-packages/sqlalchemy/orm/session.py", line 4487, in _flush
    with util.safe_reraise():
  File "/usr/local/lib/python3.10/dist-packages/sqlalchemy/util/langhelpers.py", line 146, in __exit__
    raise exc_value.with_traceback(exc_tb)
  File "/usr/local/lib/python3.10/dist-packages/sqlalchemy/orm/session.py", line 4448, in _flush
    flush_context.execute()
  File "/usr/local/lib/python3.10/dist-packages/sqlalchemy/orm/unitofwork.py", line 466, in execute
    rec.execute(self)
  File "/usr/local/lib/python3.10/dist-packages/sqlalchemy/orm/unitofwork.py", line 642, in execute
    util.preloaded.orm_persistence.save_obj(
  File "/usr/local/lib/python3.10/dist-packages/sqlalchemy/orm/persistence.py", line 93, in save_obj
    _emit_insert_statements(
  File "/usr/local/lib/python3.10/dist-packages/sqlalchemy/orm/persistence.py", line 1233, in _emit_insert_statements
    result = connection.execute(
  File "/usr/local/lib/python3.10/dist-packages/sqlalchemy/engine/base.py", line 1418, in execute
    return meth(
  File "/usr/local/lib/python3.10/dist-packages/sqlalchemy/sql/elements.py", line 515, in _execute_on_connection
    return connection._execute_clauseelement(
  File "/usr/local/lib/python3.10/dist-packages/sqlalchemy/engine/base.py", line 1640, in _execute_clauseelement
    ret = self._execute_context(
  File "/usr/local/lib/python3.10/dist-packages/sqlalchemy/engine/base.py", line 1846, in _execute_context
    return self._exec_single_context(
  File "/usr/local/lib/python3.10/dist-packages/sqlalchemy/engine/base.py", line 1986, in _exec_single_context
    self._handle_dbapi_exception(
  File "/usr/local/lib/python3.10/dist-packages/sqlalchemy/engine/base.py", line 2355, in _handle_dbapi_exception
    raise sqlalchemy_exception.with_traceback(exc_info[2]) from e
  File "/usr/local/lib/python3.10/dist-packages/sqlalchemy/engine/base.py", line 1967, in _exec_single_context
    self.dialect.do_execute(
  File "/usr/local/lib/python3.10/dist-packages/sqlalchemy/engine/default.py", line 941, in do_execute
    cursor.execute(statement, parameters)
sqlalchemy.exc.IntegrityError: (sqlite3.IntegrityError) UNIQUE constraint failed: vip_parking_spots.spot_number
[SQL: INSERT INTO vip_parking_spots (spot_number, owner, allowed_plates, status, created_at, updated_at) VALUES (?, ?, ?, ?, ?, ?)]
[parameters: ('A05', '重复', '["粤B55555"]', 1, '2026-04-24 15:50:13.823941', '2026-04-24 15:50:13.823943')]
(Background on this error at: https://sqlalche.me/e/20/gkpj)
2026-04-24 15:50:13 | ERROR    | app.main | 未处理异常: http://testserver/api/spots - (sqlite3.IntegrityError) UNIQUE constraint failed: vip_parking_spots.spot_number
[SQL: INSERT INTO vip_parking_spots (spot_number, owner, allowed_plates, status, created_at, updated_at) VALUES (?, ?, ?, ?, ?, ?)]
[parameters: ('A05', '重复', '["粤B55555"]', 1, '2026-04-24 15:50:13.823941', '2026-04-24 15:50:13.823943')]
(Background on this error at: https://sqlalche.me/e/20/gkpj)
Traceback (most recent call last):
  File "/usr/local/lib/python3.10/dist-packages/sqlalchemy/engine/base.py", line 1967, in _exec_single_context
    self.dialect.do_execute(
  File "/usr/local/lib/python3.10/dist-packages/sqlalchemy/engine/default.py", line 941, in do_execute
    cursor.execute(statement, parameters)
sqlite3.IntegrityError: UNIQUE constraint failed: vip_parking_spots.spot_number

The above exception was the direct cause of the following exception:

Traceback (most recent call last):
  File "/usr/local/lib/python3.10/dist-packages/starlette/middleware/errors.py", line 165, in __call__
    await self.app(scope, receive, _send)
  File "/usr/local/lib/python3.10/dist-packages/starlette/middleware/exceptions.py", line 62, in __call__
    await wrap_app_handling_exceptions(self.app, conn)(scope, receive, send)
  File "/usr/local/lib/python3.10/dist-packages/starlette/_exception_handler.py", line 62, in wrapped_app
    raise exc
  File "/usr/local/lib/python3.10/dist-packages/starlette/_exception_handler.py", line 51, in wrapped_app
    await app(scope, receive, sender)
  File "/usr/local/lib/python3.10/dist-packages/starlette/routing.py", line 715, in __call__
    await self.middleware_stack(scope, receive, send)
  File "/usr/local/lib/python3.10/dist-packages/starlette/routing.py", line 735, in app
    await route.handle(scope, receive, send)
  File "/usr/local/lib/python3.10/dist-packages/starlette/routing.py", line 288, in handle
    await self.app(scope, receive, send)
  File "/usr/local/lib/python3.10/dist-packages/starlette/routing.py", line 76, in app
    await wrap_app_handling_exceptions(app, request)(scope, receive, send)
  File "/usr/local/lib/python3.10/dist-packages/starlette/_exception_handler.py", line 62, in wrapped_app
    raise exc
  File "/usr/local/lib/python3.10/dist-packages/starlette/_exception_handler.py", line 51, in wrapped_app
    await app(scope, receive, sender)
  File "/usr/local/lib/python3.10/dist-packages/starlette/routing.py", line 73, in app
    response = await f(request)
  File "/usr/local/lib/python3.10/dist-packages/fastapi/routing.py", line 301, in app
    raw_response = await run_endpoint_function(
  File "/usr/local/lib/python3.10/dist-packages/fastapi/routing.py", line 214, in run_endpoint_function
    return await run_in_threadpool(dependant.call, **values)
  File "/usr/local/lib/python3.10/dist-packages/starlette/concurrency.py", line 39, in run_in_threadpool
    return await anyio.to_thread.run_sync(func, *args)
  File "/usr/local/lib/python3.10/dist-packages/anyio/to_thread.py", line 63, in run_sync
    return await get_async_backend().run_sync_in_worker_thread(
  File "/usr/local/lib/python3.10/dist-packages/anyio/_backends/_asyncio.py", line 2518, in run_sync_in_worker_thread
    return await future
  File "/usr/local/lib/python3.10/dist-packages/anyio/_backends/_asyncio.py", line 1002, in run
    result = context.run(func, *args)
  File "/workspace/vip_parking_alert/backend/app/api/spots.py", line 83, in create_spot
    db.commit()
  File "/usr/local/lib/python3.10/dist-packages/sqlalchemy/orm/session.py", line 2028, in commit
    trans.commit(_to_root=True)
  File "<string>", line 2, in commit
  File "/usr/local/lib/python3.10/dist-packages/sqlalchemy/orm/state_changes.py", line 139, in _go
    ret_value = fn(self, *arg, **kw)
  File "/usr/local/lib/python3.10/dist-packages/sqlalchemy/orm/session.py", line 1313, in commit
    self._prepare_impl()
  File "<string>", line 2, in _prepare_impl
  File "/usr/local/lib/python3.10/dist-packages/sqlalchemy/orm/state_changes.py", line 139, in _go
    ret_value = fn(self, *arg, **kw)
  File "/usr/local/lib/python3.10/dist-packages/sqlalchemy/orm/session.py", line 1288, in _prepare_impl
    self.session.flush()
  File "/usr/local/lib/python3.10/dist-packages/sqlalchemy/orm/session.py", line 4352, in flush
    self._flush(objects)
  File "/usr/local/lib/python3.10/dist-packages/sqlalchemy/orm/session.py", line 4487, in _flush
    with util.safe_reraise():
  File "/usr/local/lib/python3.10/dist-packages/sqlalchemy/util/langhelpers.py", line 146, in __exit__
    raise exc_value.with_traceback(exc_tb)
  File "/usr/local/lib/python3.10/dist-packages/sqlalchemy/orm/session.py", line 4448, in _flush
    flush_context.execute()
  File "/usr/local/lib/python3.10/dist-packages/sqlalchemy/orm/unitofwork.py", line 466, in execute
    rec.execute(self)
  File "/usr/local/lib/python3.10/dist-packages/sqlalchemy/orm/unitofwork.py", line 642, in execute
    util.preloaded.orm_persistence.save_obj(
  File "/usr/local/lib/python3.10/dist-packages/sqlalchemy/orm/persistence.py", line 93, in save_obj
    _emit_insert_statements(
  File "/usr/local/lib/python3.10/dist-packages/sqlalchemy/orm/persistence.py", line 1233, in _emit_insert_statements
    result = connection.execute(
  File "/usr/local/lib/python3.10/dist-packages/sqlalchemy/engine/base.py", line 1418, in execute
    return meth(
  File "/usr/local/lib/python3.10/dist-packages/sqlalchemy/sql/elements.py", line 515, in _execute_on_connection
    return connection._execute_clauseelement(
  File "/usr/local/lib/python3.10/dist-packages/sqlalchemy/engine/base.py", line 1640, in _execute_clauseelement
    ret = self._execute_context(
  File "/usr/local/lib/python3.10/dist-packages/sqlalchemy/engine/base.py", line 1846, in _execute_context
    return self._exec_single_context(
  File "/usr/local/lib/python3.10/dist-packages/sqlalchemy/engine/base.py", line 1986, in _exec_single_context
    self._handle_dbapi_exception(
  File "/usr/local/lib/python3.10/dist-packages/sqlalchemy/engine/base.py", line 2355, in _handle_dbapi_exception
    raise sqlalchemy_exception.with_traceback(exc_info[2]) from e
  File "/usr/local/lib/python3.10/dist-packages/sqlalchemy/engine/base.py", line 1967, in _exec_single_context
    self.dialect.do_execute(
  File "/usr/local/lib/python3.10/dist-packages/sqlalchemy/engine/default.py", line 941, in do_execute
    cursor.execute(statement, parameters)
sqlalchemy.exc.IntegrityError: (sqlite3.IntegrityError) UNIQUE constraint failed: vip_parking_spots.spot_number
[SQL: INSERT INTO vip_parking_spots (spot_number, owner, allowed_plates, status, created_at, updated_at) VALUES (?, ?, ?, ?, ?, ?)]
[parameters: ('A05', '重复', '["粤B55555"]', 1, '2026-04-24 15:50:13.823941', '2026-04-24 15:50:13.823943')]
(Background on this error at: https://sqlalche.me/e/20/gkpj)
2026-04-24 15:50:13 | ERROR    | app.main | 未处理异常: http://testserver/api/spots - (sqlite3.IntegrityError) UNIQUE constraint failed: vip_parking_spots.spot_number
[SQL: INSERT INTO vip_parking_spots (spot_number, owner, allowed_plates, status, created_at, updated_at) VALUES (?, ?, ?, ?, ?, ?)]
[parameters: ('A05', '重复', '["粤B55555"]', 1, '2026-04-24 15:50:13.823941', '2026-04-24 15:50:13.823943')]
(Background on this error at: https://sqlalche.me/e/20/gkpj)
Traceback (most recent call last):
  File "/usr/local/lib/python3.10/dist-packages/sqlalchemy/engine/base.py", line 1967, in _exec_single_context
    self.dialect.do_execute(
  File "/usr/local/lib/python3.10/dist-packages/sqlalchemy/engine/default.py", line 941, in do_execute
    cursor.execute(statement, parameters)
sqlite3.IntegrityError: UNIQUE constraint failed: vip_parking_spots.spot_number

The above exception was the direct cause of the following exception:

Traceback (most recent call last):
  File "/usr/local/lib/python3.10/dist-packages/starlette/middleware/errors.py", line 165, in __call__
    await self.app(scope, receive, _send)
  File "/usr/local/lib/python3.10/dist-packages/starlette/middleware/exceptions.py", line 62, in __call__
    await wrap_app_handling_exceptions(self.app, conn)(scope, receive, send)
  File "/usr/local/lib/python3.10/dist-packages/starlette/_exception_handler.py", line 62, in wrapped_app
    raise exc
  File "/usr/local/lib/python3.10/dist-packages/starlette/_exception_handler.py", line 51, in wrapped_app
    await app(scope, receive, sender)
  File "/usr/local/lib/python3.10/dist-packages/starlette/routing.py", line 715, in __call__
    await self.middleware_stack(scope, receive, send)
  File "/usr/local/lib/python3.10/dist-packages/starlette/routing.py", line 735, in app
    await route.handle(scope, receive, send)
  File "/usr/local/lib/python3.10/dist-packages/starlette/routing.py", line 288, in handle
    await self.app(scope, receive, send)
  File "/usr/local/lib/python3.10/dist-packages/starlette/routing.py", line 76, in app
    await wrap_app_handling_exceptions(app, request)(scope, receive, send)
  File "/usr/local/lib/python3.10/dist-packages/starlette/_exception_handler.py", line 62, in wrapped_app
    raise exc
  File "/usr/local/lib/python3.10/dist-packages/starlette/_exception_handler.py", line 51, in wrapped_app
    await app(scope, receive, sender)
  File "/usr/local/lib/python3.10/dist-packages/starlette/routing.py", line 73, in app
    response = await f(request)
  File "/usr/local/lib/python3.10/dist-packages/fastapi/routing.py", line 301, in app
    raw_response = await run_endpoint_function(
  File "/usr/local/lib/python3.10/dist-packages/fastapi/routing.py", line 214, in run_endpoint_function
    return await run_in_threadpool(dependant.call, **values)
  File "/usr/local/lib/python3.10/dist-packages/starlette/concurrency.py", line 39, in run_in_threadpool
    return await anyio.to_thread.run_sync(func, *args)
  File "/usr/local/lib/python3.10/dist-packages/anyio/to_thread.py", line 63, in run_sync
    return await get_async_backend().run_sync_in_worker_thread(
  File "/usr/local/lib/python3.10/dist-packages/anyio/_backends/_asyncio.py", line 2518, in run_sync_in_worker_thread
    return await future
  File "/usr/local/lib/python3.10/dist-packages/anyio/_backends/_asyncio.py", line 1002, in run
    result = context.run(func, *args)
  File "/workspace/vip_parking_alert/backend/app/api/spots.py", line 83, in create_spot
    db.commit()
  File "/usr/local/lib/python3.10/dist-packages/sqlalchemy/orm/session.py", line 2028, in commit
    trans.commit(_to_root=True)
  File "<string>", line 2, in commit
  File "/usr/local/lib/python3.10/dist-packages/sqlalchemy/orm/state_changes.py", line 139, in _go
    ret_value = fn(self, *arg, **kw)
  File "/usr/local/lib/python3.10/dist-packages/sqlalchemy/orm/session.py", line 1313, in commit
    self._prepare_impl()
  File "<string>", line 2, in _prepare_impl
  File "/usr/local/lib/python3.10/dist-packages/sqlalchemy/orm/state_changes.py", line 139, in _go
    ret_value = fn(self, *arg, **kw)
  File "/usr/local/lib/python3.10/dist-packages/sqlalchemy/orm/session.py", line 1288, in _prepare_impl
    self.session.flush()
  File "/usr/local/lib/python3.10/dist-packages/sqlalchemy/orm/session.py", line 4352, in flush
    self._flush(objects)
  File "/usr/local/lib/python3.10/dist-packages/sqlalchemy/orm/session.py", line 4487, in _flush
    with util.safe_reraise():
  File "/usr/local/lib/python3.10/dist-packages/sqlalchemy/util/langhelpers.py", line 146, in __exit__
    raise exc_value.with_traceback(exc_tb)
  File "/usr/local/lib/python3.10/dist-packages/sqlalchemy/orm/session.py", line 4448, in _flush
    flush_context.execute()
  File "/usr/local/lib/python3.10/dist-packages/sqlalchemy/orm/unitofwork.py", line 466, in execute
    rec.execute(self)
  File "/usr/local/lib/python3.10/dist-packages/sqlalchemy/orm/unitofwork.py", line 642, in execute
    util.preloaded.orm_persistence.save_obj(
  File "/usr/local/lib/python3.10/dist-packages/sqlalchemy/orm/persistence.py", line 93, in save_obj
    _emit_insert_statements(
  File "/usr/local/lib/python3.10/dist-packages/sqlalchemy/orm/persistence.py", line 1233, in _emit_insert_statements
    result = connection.execute(
  File "/usr/local/lib/python3.10/dist-packages/sqlalchemy/engine/base.py", line 1418, in execute
    return meth(
  File "/usr/local/lib/python3.10/dist-packages/sqlalchemy/sql/elements.py", line 515, in _execute_on_connection
    return connection._execute_clauseelement(
  File "/usr/local/lib/python3.10/dist-packages/sqlalchemy/engine/base.py", line 1640, in _execute_clauseelement
    ret = self._execute_context(
  File "/usr/local/lib/python3.10/dist-packages/sqlalchemy/engine/base.py", line 1846, in _execute_context
    return self._exec_single_context(
  File "/usr/local/lib/python3.10/dist-packages/sqlalchemy/engine/base.py", line 1986, in _exec_single_context
    self._handle_dbapi_exception(
  File "/usr/local/lib/python3.10/dist-packages/sqlalchemy/engine/base.py", line 2355, in _handle_dbapi_exception
    raise sqlalchemy_exception.with_traceback(exc_info[2]) from e
  File "/usr/local/lib/python3.10/dist-packages/sqlalchemy/engine/base.py", line 1967, in _exec_single_context
    self.dialect.do_execute(
  File "/usr/local/lib/python3.10/dist-packages/sqlalchemy/engine/default.py", line 941, in do_execute
    cursor.execute(statement, parameters)
sqlalchemy.exc.IntegrityError: (sqlite3.IntegrityError) UNIQUE constraint failed: vip_parking_spots.spot_number
[SQL: INSERT INTO vip_parking_spots (spot_number, owner, allowed_plates, status, created_at, updated_at) VALUES (?, ?, ?, ?, ?, ?)]
[parameters: ('A05', '重复', '["粤B55555"]', 1, '2026-04-24 15:50:13.823941', '2026-04-24 15:50:13.823943')]
(Background on this error at: https://sqlalche.me/e/20/gkpj)
2026-04-24 15:50:13 | ERROR    | app.main | 未处理异常: http://testserver/api/spots - (sqlite3.IntegrityError) UNIQUE constraint failed: vip_parking_spots.spot_number
[SQL: INSERT INTO vip_parking_spots (spot_number, owner, allowed_plates, status, created_at, updated_at) VALUES (?, ?, ?, ?, ?, ?)]
[parameters: ('A05', '重复', '["粤B55555"]', 1, '2026-04-24 15:50:13.823941', '2026-04-24 15:50:13.823943')]
(Background on this error at: https://sqlalche.me/e/20/gkpj)
Traceback (most recent call last):
  File "/usr/local/lib/python3.10/dist-packages/sqlalchemy/engine/base.py", line 1967, in _exec_single_context
    self.dialect.do_execute(
  File "/usr/local/lib/python3.10/dist-packages/sqlalchemy/engine/default.py", line 941, in do_execute
    cursor.execute(statement, parameters)
sqlite3.IntegrityError: UNIQUE constraint failed: vip_parking_spots.spot_number

The above exception was the direct cause of the following exception:

Traceback (most recent call last):
  File "/usr/local/lib/python3.10/dist-packages/starlette/middleware/errors.py", line 165, in __call__
    await self.app(scope, receive, _send)
  File "/usr/local/lib/python3.10/dist-packages/starlette/middleware/exceptions.py", line 62, in __call__
    await wrap_app_handling_exceptions(self.app, conn)(scope, receive, send)
  File "/usr/local/lib/python3.10/dist-packages/starlette/_exception_handler.py", line 62, in wrapped_app
    raise exc
  File "/usr/local/lib/python3.10/dist-packages/starlette/_exception_handler.py", line 51, in wrapped_app
    await app(scope, receive, sender)
  File "/usr/local/lib/python3.10/dist-packages/starlette/routing.py", line 715, in __call__
    await self.middleware_stack(scope, receive, send)
  File "/usr/local/lib/python3.10/dist-packages/starlette/routing.py", line 735, in app
    await route.handle(scope, receive, send)
  File "/usr/local/lib/python3.10/dist-packages/starlette/routing.py", line 288, in handle
    await self.app(scope, receive, send)
  File "/usr/local/lib/python3.10/dist-packages/starlette/routing.py", line 76, in app
    await wrap_app_handling_exceptions(app, request)(scope, receive, send)
  File "/usr/local/lib/python3.10/dist-packages/starlette/_exception_handler.py", line 62, in wrapped_app
    raise exc
  File "/usr/local/lib/python3.10/dist-packages/starlette/_exception_handler.py", line 51, in wrapped_app
    await app(scope, receive, sender)
  File "/usr/local/lib/python3.10/dist-packages/starlette/routing.py", line 73, in app
    response = await f(request)
  File "/usr/local/lib/python3.10/dist-packages/fastapi/routing.py", line 301, in app
    raw_response = await run_endpoint_function(
  File "/usr/local/lib/python3.10/dist-packages/fastapi/routing.py", line 214, in run_endpoint_function
    return await run_in_threadpool(dependant.call, **values)
  File "/usr/local/lib/python3.10/dist-packages/starlette/concurrency.py", line 39, in run_in_threadpool
    return await anyio.to_thread.run_sync(func, *args)
  File "/usr/local/lib/python3.10/dist-packages/anyio/to_thread.py", line 63, in run_sync
    return await get_async_backend().run_sync_in_worker_thread(
  File "/usr/local/lib/python3.10/dist-packages/anyio/_backends/_asyncio.py", line 2518, in run_sync_in_worker_thread
    return await future
  File "/usr/local/lib/python3.10/dist-packages/anyio/_backends/_asyncio.py", line 1002, in run
    result = context.run(func, *args)
  File "/workspace/vip_parking_alert/backend/app/api/spots.py", line 83, in create_spot
    db.commit()
  File "/usr/local/lib/python3.10/dist-packages/sqlalchemy/orm/session.py", line 2028, in commit
    trans.commit(_to_root=True)
  File "<string>", line 2, in commit
  File "/usr/local/lib/python3.10/dist-packages/sqlalchemy/orm/state_changes.py", line 139, in _go
    ret_value = fn(self, *arg, **kw)
  File "/usr/local/lib/python3.10/dist-packages/sqlalchemy/orm/session.py", line 1313, in commit
    self._prepare_impl()
  File "<string>", line 2, in _prepare_impl
  File "/usr/local/lib/python3.10/dist-packages/sqlalchemy/orm/state_changes.py", line 139, in _go
    ret_value = fn(self, *arg, **kw)
  File "/usr/local/lib/python3.10/dist-packages/sqlalchemy/orm/session.py", line 1288, in _prepare_impl
    self.session.flush()
  File "/usr/local/lib/python3.10/dist-packages/sqlalchemy/orm/session.py", line 4352, in flush
    self._flush(objects)
  File "/usr/local/lib/python3.10/dist-packages/sqlalchemy/orm/session.py", line 4487, in _flush
    with util.safe_reraise():
  File "/usr/local/lib/python3.10/dist-packages/sqlalchemy/util/langhelpers.py", line 146, in __exit__
    raise exc_value.with_traceback(exc_tb)
  File "/usr/local/lib/python3.10/dist-packages/sqlalchemy/orm/session.py", line 4448, in _flush
    flush_context.execute()
  File "/usr/local/lib/python3.10/dist-packages/sqlalchemy/orm/unitofwork.py", line 466, in execute
    rec.execute(self)
  File "/usr/local/lib/python3.10/dist-packages/sqlalchemy/orm/unitofwork.py", line 642, in execute
    util.preloaded.orm_persistence.save_obj(
  File "/usr/local/lib/python3.10/dist-packages/sqlalchemy/orm/persistence.py", line 93, in save_obj
    _emit_insert_statements(
  File "/usr/local/lib/python3.10/dist-packages/sqlalchemy/orm/persistence.py", line 1233, in _emit_insert_statements
    result = connection.execute(
  File "/usr/local/lib/python3.10/dist-packages/sqlalchemy/engine/base.py", line 1418, in execute
    return meth(
  File "/usr/local/lib/python3.10/dist-packages/sqlalchemy/sql/elements.py", line 515, in _execute_on_connection
    return connection._execute_clauseelement(
  File "/usr/local/lib/python3.10/dist-packages/sqlalchemy/engine/base.py", line 1640, in _execute_clauseelement
    ret = self._execute_context(
  File "/usr/local/lib/python3.10/dist-packages/sqlalchemy/engine/base.py", line 1846, in _execute_context
    return self._exec_single_context(
  File "/usr/local/lib/python3.10/dist-packages/sqlalchemy/engine/base.py", line 1986, in _exec_single_context
    self._handle_dbapi_exception(
  File "/usr/local/lib/python3.10/dist-packages/sqlalchemy/engine/base.py", line 2355, in _handle_dbapi_exception
    raise sqlalchemy_exception.with_traceback(exc_info[2]) from e
  File "/usr/local/lib/python3.10/dist-packages/sqlalchemy/engine/base.py", line 1967, in _exec_single_context
    self.dialect.do_execute(
  File "/usr/local/lib/python3.10/dist-packages/sqlalchemy/engine/default.py", line 941, in do_execute
    cursor.execute(statement, parameters)
sqlalchemy.exc.IntegrityError: (sqlite3.IntegrityError) UNIQUE constraint failed: vip_parking_spots.spot_number
[SQL: INSERT INTO vip_parking_spots (spot_number, owner, allowed_plates, status, created_at, updated_at) VALUES (?, ?, ?, ?, ?, ?)]
[parameters: ('A05', '重复', '["粤B55555"]', 1, '2026-04-24 15:50:13.823941', '2026-04-24 15:50:13.823943')]
(Background on this error at: https://sqlalche.me/e/20/gkpj)
2026-04-24 15:50:13 | ERROR    | app.main | 未处理异常: http://testserver/api/spots - (sqlite3.IntegrityError) UNIQUE constraint failed: vip_parking_spots.spot_number
[SQL: INSERT INTO vip_parking_spots (spot_number, owner, allowed_plates, status, created_at, updated_at) VALUES (?, ?, ?, ?, ?, ?)]
[parameters: ('A05', '重复', '["粤B55555"]', 1, '2026-04-24 15:50:13.823941', '2026-04-24 15:50:13.823943')]
(Background on this error at: https://sqlalche.me/e/20/gkpj)
Traceback (most recent call last):
  File "/usr/local/lib/python3.10/dist-packages/sqlalchemy/engine/base.py", line 1967, in _exec_single_context
    self.dialect.do_execute(
  File "/usr/local/lib/python3.10/dist-packages/sqlalchemy/engine/default.py", line 941, in do_execute
    cursor.execute(statement, parameters)
sqlite3.IntegrityError: UNIQUE constraint failed: vip_parking_spots.spot_number

The above exception was the direct cause of the following exception:

Traceback (most recent call last):
  File "/usr/local/lib/python3.10/dist-packages/starlette/middleware/errors.py", line 165, in __call__
    await self.app(scope, receive, _send)
  File "/usr/local/lib/python3.10/dist-packages/starlette/middleware/exceptions.py", line 62, in __call__
    await wrap_app_handling_exceptions(self.app, conn)(scope, receive, send)
  File "/usr/local/lib/python3.10/dist-packages/starlette/_exception_handler.py", line 62, in wrapped_app
    raise exc
  File "/usr/local/lib/python3.10/dist-packages/starlette/_exception_handler.py", line 51, in wrapped_app
    await app(scope, receive, sender)
  File "/usr/local/lib/python3.10/dist-packages/starlette/routing.py", line 715, in __call__
    await self.middleware_stack(scope, receive, send)
  File "/usr/local/lib/python3.10/dist-packages/starlette/routing.py", line 735, in app
    await route.handle(scope, receive, send)
  File "/usr/local/lib/python3.10/dist-packages/starlette/routing.py", line 288, in handle
    await self.app(scope, receive, send)
  File "/usr/local/lib/python3.10/dist-packages/starlette/routing.py", line 76, in app
    await wrap_app_handling_exceptions(app, request)(scope, receive, send)
  File "/usr/local/lib/python3.10/dist-packages/starlette/_exception_handler.py", line 62, in wrapped_app
    raise exc
  File "/usr/local/lib/python3.10/dist-packages/starlette/_exception_handler.py", line 51, in wrapped_app
    await app(scope, receive, sender)
  File "/usr/local/lib/python3.10/dist-packages/starlette/routing.py", line 73, in app
    response = await f(request)
  File "/usr/local/lib/python3.10/dist-packages/fastapi/routing.py", line 301, in app
    raw_response = await run_endpoint_function(
  File "/usr/local/lib/python3.10/dist-packages/fastapi/routing.py", line 214, in run_endpoint_function
    return await run_in_threadpool(dependant.call, **values)
  File "/usr/local/lib/python3.10/dist-packages/starlette/concurrency.py", line 39, in run_in_threadpool
    return await anyio.to_thread.run_sync(func, *args)
  File "/usr/local/lib/python3.10/dist-packages/anyio/to_thread.py", line 63, in run_sync
    return await get_async_backend().run_sync_in_worker_thread(
  File "/usr/local/lib/python3.10/dist-packages/anyio/_backends/_asyncio.py", line 2518, in run_sync_in_worker_thread
    return await future
  File "/usr/local/lib/python3.10/dist-packages/anyio/_backends/_asyncio.py", line 1002, in run
    result = context.run(func, *args)
  File "/workspace/vip_parking_alert/backend/app/api/spots.py", line 83, in create_spot
    db.commit()
  File "/usr/local/lib/python3.10/dist-packages/sqlalchemy/orm/session.py", line 2028, in commit
    trans.commit(_to_root=True)
  File "<string>", line 2, in commit
  File "/usr/local/lib/python3.10/dist-packages/sqlalchemy/orm/state_changes.py", line 139, in _go
    ret_value = fn(self, *arg, **kw)
  File "/usr/local/lib/python3.10/dist-packages/sqlalchemy/orm/session.py", line 1313, in commit
    self._prepare_impl()
  File "<string>", line 2, in _prepare_impl
  File "/usr/local/lib/python3.10/dist-packages/sqlalchemy/orm/state_changes.py", line 139, in _go
    ret_value = fn(self, *arg, **kw)
  File "/usr/local/lib/python3.10/dist-packages/sqlalchemy/orm/session.py", line 1288, in _prepare_impl
    self.session.flush()
  File "/usr/local/lib/python3.10/dist-packages/sqlalchemy/orm/session.py", line 4352, in flush
    self._flush(objects)
  File "/usr/local/lib/python3.10/dist-packages/sqlalchemy/orm/session.py", line 4487, in _flush
    with util.safe_reraise():
  File "/usr/local/lib/python3.10/dist-packages/sqlalchemy/util/langhelpers.py", line 146, in __exit__
    raise exc_value.with_traceback(exc_tb)
  File "/usr/local/lib/python3.10/dist-packages/sqlalchemy/orm/session.py", line 4448, in _flush
    flush_context.execute()
  File "/usr/local/lib/python3.10/dist-packages/sqlalchemy/orm/unitofwork.py", line 466, in execute
    rec.execute(self)
  File "/usr/local/lib/python3.10/dist-packages/sqlalchemy/orm/unitofwork.py", line 642, in execute
    util.preloaded.orm_persistence.save_obj(
  File "/usr/local/lib/python3.10/dist-packages/sqlalchemy/orm/persistence.py", line 93, in save_obj
    _emit_insert_statements(
  File "/usr/local/lib/python3.10/dist-packages/sqlalchemy/orm/persistence.py", line 1233, in _emit_insert_statements
    result = connection.execute(
  File "/usr/local/lib/python3.10/dist-packages/sqlalchemy/engine/base.py", line 1418, in execute
    return meth(
  File "/usr/local/lib/python3.10/dist-packages/sqlalchemy/sql/elements.py", line 515, in _execute_on_connection
    return connection._execute_clauseelement(
  File "/usr/local/lib/python3.10/dist-packages/sqlalchemy/engine/base.py", line 1640, in _execute_clauseelement
    ret = self._execute_context(
  File "/usr/local/lib/python3.10/dist-packages/sqlalchemy/engine/base.py", line 1846, in _execute_context
    return self._exec_single_context(
  File "/usr/local/lib/python3.10/dist-packages/sqlalchemy/engine/base.py", line 1986, in _exec_single_context
    self._handle_dbapi_exception(
  File "/usr/local/lib/python3.10/dist-packages/sqlalchemy/engine/base.py", line 2355, in _handle_dbapi_exception
    raise sqlalchemy_exception.with_traceback(exc_info[2]) from e
  File "/usr/local/lib/python3.10/dist-packages/sqlalchemy/engine/base.py", line 1967, in _exec_single_context
    self.dialect.do_execute(
  File "/usr/local/lib/python3.10/dist-packages/sqlalchemy/engine/default.py", line 941, in do_execute
    cursor.execute(statement, parameters)
sqlalchemy.exc.IntegrityError: (sqlite3.IntegrityError) UNIQUE constraint failed: vip_parking_spots.spot_number
[SQL: INSERT INTO vip_parking_spots (spot_number, owner, allowed_plates, status, created_at, updated_at) VALUES (?, ?, ?, ?, ?, ?)]
[parameters: ('A05', '重复', '["粤B55555"]', 1, '2026-04-24 15:50:13.823941', '2026-04-24 15:50:13.823943')]
(Background on this error at: https://sqlalche.me/e/20/gkpj)
2026-04-24 15:50:13 | ERROR    | app.main | 未处理异常: http://testserver/api/spots - (sqlite3.IntegrityError) UNIQUE constraint failed: vip_parking_spots.spot_number
[SQL: INSERT INTO vip_parking_spots (spot_number, owner, allowed_plates, status, created_at, updated_at) VALUES (?, ?, ?, ?, ?, ?)]
[parameters: ('A05', '重复', '["粤B55555"]', 1, '2026-04-24 15:50:13.823941', '2026-04-24 15:50:13.823943')]
(Background on this error at: https://sqlalche.me/e/20/gkpj)
Traceback (most recent call last):
  File "/usr/local/lib/python3.10/dist-packages/sqlalchemy/engine/base.py", line 1967, in _exec_single_context
    self.dialect.do_execute(
  File "/usr/local/lib/python3.10/dist-packages/sqlalchemy/engine/default.py", line 941, in do_execute
    cursor.execute(statement, parameters)
sqlite3.IntegrityError: UNIQUE constraint failed: vip_parking_spots.spot_number

The above exception was the direct cause of the following exception:

Traceback (most recent call last):
  File "/usr/local/lib/python3.10/dist-packages/starlette/middleware/errors.py", line 165, in __call__
    await self.app(scope, receive, _send)
  File "/usr/local/lib/python3.10/dist-packages/starlette/middleware/exceptions.py", line 62, in __call__
    await wrap_app_handling_exceptions(self.app, conn)(scope, receive, send)
  File "/usr/local/lib/python3.10/dist-packages/starlette/_exception_handler.py", line 62, in wrapped_app
    raise exc
  File "/usr/local/lib/python3.10/dist-packages/starlette/_exception_handler.py", line 51, in wrapped_app
    await app(scope, receive, sender)
  File "/usr/local/lib/python3.10/dist-packages/starlette/routing.py", line 715, in __call__
    await self.middleware_stack(scope, receive, send)
  File "/usr/local/lib/python3.10/dist-packages/starlette/routing.py", line 735, in app
    await route.handle(scope, receive, send)
  File "/usr/local/lib/python3.10/dist-packages/starlette/routing.py", line 288, in handle
    await self.app(scope, receive, send)
  File "/usr/local/lib/python3.10/dist-packages/starlette/routing.py", line 76, in app
    await wrap_app_handling_exceptions(app, request)(scope, receive, send)
  File "/usr/local/lib/python3.10/dist-packages/starlette/_exception_handler.py", line 62, in wrapped_app
    raise exc
  File "/usr/local/lib/python3.10/dist-packages/starlette/_exception_handler.py", line 51, in wrapped_app
    await app(scope, receive, sender)
  File "/usr/local/lib/python3.10/dist-packages/starlette/routing.py", line 73, in app
    response = await f(request)
  File "/usr/local/lib/python3.10/dist-packages/fastapi/routing.py", line 301, in app
    raw_response = await run_endpoint_function(
  File "/usr/local/lib/python3.10/dist-packages/fastapi/routing.py", line 214, in run_endpoint_function
    return await run_in_threadpool(dependant.call, **values)
  File "/usr/local/lib/python3.10/dist-packages/starlette/concurrency.py", line 39, in run_in_threadpool
    return await anyio.to_thread.run_sync(func, *args)
  File "/usr/local/lib/python3.10/dist-packages/anyio/to_thread.py", line 63, in run_sync
    return await get_async_backend().run_sync_in_worker_thread(
  File "/usr/local/lib/python3.10/dist-packages/anyio/_backends/_asyncio.py", line 2518, in run_sync_in_worker_thread
    return await future
  File "/usr/local/lib/python3.10/dist-packages/anyio/_backends/_asyncio.py", line 1002, in run
    result = context.run(func, *args)
  File "/workspace/vip_parking_alert/backend/app/api/spots.py", line 83, in create_spot
    db.commit()
  File "/usr/local/lib/python3.10/dist-packages/sqlalchemy/orm/session.py", line 2028, in commit
    trans.commit(_to_root=True)
  File "<string>", line 2, in commit
  File "/usr/local/lib/python3.10/dist-packages/sqlalchemy/orm/state_changes.py", line 139, in _go
    ret_value = fn(self, *arg, **kw)
  File "/usr/local/lib/python3.10/dist-packages/sqlalchemy/orm/session.py", line 1313, in commit
    self._prepare_impl()
  File "<string>", line 2, in _prepare_impl
  File "/usr/local/lib/python3.10/dist-packages/sqlalchemy/orm/state_changes.py", line 139, in _go
    ret_value = fn(self, *arg, **kw)
  File "/usr/local/lib/python3.10/dist-packages/sqlalchemy/orm/session.py", line 1288, in _prepare_impl
    self.session.flush()
  File "/usr/local/lib/python3.10/dist-packages/sqlalchemy/orm/session.py", line 4352, in flush
    self._flush(objects)
  File "/usr/local/lib/python3.10/dist-packages/sqlalchemy/orm/session.py", line 4487, in _flush
    with util.safe_reraise():
  File "/usr/local/lib/python3.10/dist-packages/sqlalchemy/util/langhelpers.py", line 146, in __exit__
    raise exc_value.with_traceback(exc_tb)
  File "/usr/local/lib/python3.10/dist-packages/sqlalchemy/orm/session.py", line 4448, in _flush
    flush_context.execute()
  File "/usr/local/lib/python3.10/dist-packages/sqlalchemy/orm/unitofwork.py", line 466, in execute
    rec.execute(self)
  File "/usr/local/lib/python3.10/dist-packages/sqlalchemy/orm/unitofwork.py", line 642, in execute
    util.preloaded.orm_persistence.save_obj(
  File "/usr/local/lib/python3.10/dist-packages/sqlalchemy/orm/persistence.py", line 93, in save_obj
    _emit_insert_statements(
  File "/usr/local/lib/python3.10/dist-packages/sqlalchemy/orm/persistence.py", line 1233, in _emit_insert_statements
    result = connection.execute(
  File "/usr/local/lib/python3.10/dist-packages/sqlalchemy/engine/base.py", line 1418, in execute
    return meth(
  File "/usr/local/lib/python3.10/dist-packages/sqlalchemy/sql/elements.py", line 515, in _execute_on_connection
    return connection._execute_clauseelement(
  File "/usr/local/lib/python3.10/dist-packages/sqlalchemy/engine/base.py", line 1640, in _execute_clauseelement
    ret = self._execute_context(
  File "/usr/local/lib/python3.10/dist-packages/sqlalchemy/engine/base.py", line 1846, in _execute_context
    return self._exec_single_context(
  File "/usr/local/lib/python3.10/dist-packages/sqlalchemy/engine/base.py", line 1986, in _exec_single_context
    self._handle_dbapi_exception(
  File "/usr/local/lib/python3.10/dist-packages/sqlalchemy/engine/base.py", line 2355, in _handle_dbapi_exception
    raise sqlalchemy_exception.with_traceback(exc_info[2]) from e
  File "/usr/local/lib/python3.10/dist-packages/sqlalchemy/engine/base.py", line 1967, in _exec_single_context
    self.dialect.do_execute(
  File "/usr/local/lib/python3.10/dist-packages/sqlalchemy/engine/default.py", line 941, in do_execute
    cursor.execute(statement, parameters)
sqlalchemy.exc.IntegrityError: (sqlite3.IntegrityError) UNIQUE constraint failed: vip_parking_spots.spot_number
[SQL: INSERT INTO vip_parking_spots (spot_number, owner, allowed_plates, status, created_at, updated_at) VALUES (?, ?, ?, ?, ?, ?)]
[parameters: ('A05', '重复', '["粤B55555"]', 1, '2026-04-24 15:50:13.823941', '2026-04-24 15:50:13.823943')]
(Background on this error at: https://sqlalche.me/e/20/gkpj)
2026-04-24 15:50:13 | ERROR    | app.main | 未处理异常: http://testserver/api/spots - (sqlite3.IntegrityError) UNIQUE constraint failed: vip_parking_spots.spot_number
[SQL: INSERT INTO vip_parking_spots (spot_number, owner, allowed_plates, status, created_at, updated_at) VALUES (?, ?, ?, ?, ?, ?)]
[parameters: ('A05', '重复', '["粤B55555"]', 1, '2026-04-24 15:50:13.823941', '2026-04-24 15:50:13.823943')]
(Background on this error at: https://sqlalche.me/e/20/gkpj)
Traceback (most recent call last):
  File "/usr/local/lib/python3.10/dist-packages/sqlalchemy/engine/base.py", line 1967, in _exec_single_context
    self.dialect.do_execute(
  File "/usr/local/lib/python3.10/dist-packages/sqlalchemy/engine/default.py", line 941, in do_execute
    cursor.execute(statement, parameters)
sqlite3.IntegrityError: UNIQUE constraint failed: vip_parking_spots.spot_number

The above exception was the direct cause of the following exception:

Traceback (most recent call last):
  File "/usr/local/lib/python3.10/dist-packages/starlette/middleware/errors.py", line 165, in __call__
    await self.app(scope, receive, _send)
  File "/usr/local/lib/python3.10/dist-packages/starlette/middleware/exceptions.py", line 62, in __call__
    await wrap_app_handling_exceptions(self.app, conn)(scope, receive, send)
  File "/usr/local/lib/python3.10/dist-packages/starlette/_exception_handler.py", line 62, in wrapped_app
    raise exc
  File "/usr/local/lib/python3.10/dist-packages/starlette/_exception_handler.py", line 51, in wrapped_app
    await app(scope, receive, sender)
  File "/usr/local/lib/python3.10/dist-packages/starlette/routing.py", line 715, in __call__
    await self.middleware_stack(scope, receive, send)
  File "/usr/local/lib/python3.10/dist-packages/starlette/routing.py", line 735, in app
    await route.handle(scope, receive, send)
  File "/usr/local/lib/python3.10/dist-packages/starlette/routing.py", line 288, in handle
    await self.app(scope, receive, send)
  File "/usr/local/lib/python3.10/dist-packages/starlette/routing.py", line 76, in app
    await wrap_app_handling_exceptions(app, request)(scope, receive, send)
  File "/usr/local/lib/python3.10/dist-packages/starlette/_exception_handler.py", line 62, in wrapped_app
    raise exc
  File "/usr/local/lib/python3.10/dist-packages/starlette/_exception_handler.py", line 51, in wrapped_app
    await app(scope, receive, sender)
  File "/usr/local/lib/python3.10/dist-packages/starlette/routing.py", line 73, in app
    response = await f(request)
  File "/usr/local/lib/python3.10/dist-packages/fastapi/routing.py", line 301, in app
    raw_response = await run_endpoint_function(
  File "/usr/local/lib/python3.10/dist-packages/fastapi/routing.py", line 214, in run_endpoint_function
    return await run_in_threadpool(dependant.call, **values)
  File "/usr/local/lib/python3.10/dist-packages/starlette/concurrency.py", line 39, in run_in_threadpool
    return await anyio.to_thread.run_sync(func, *args)
  File "/usr/local/lib/python3.10/dist-packages/anyio/to_thread.py", line 63, in run_sync
    return await get_async_backend().run_sync_in_worker_thread(
  File "/usr/local/lib/python3.10/dist-packages/anyio/_backends/_asyncio.py", line 2518, in run_sync_in_worker_thread
    return await future
  File "/usr/local/lib/python3.10/dist-packages/anyio/_backends/_asyncio.py", line 1002, in run
    result = context.run(func, *args)
  File "/workspace/vip_parking_alert/backend/app/api/spots.py", line 83, in create_spot
    db.commit()
  File "/usr/local/lib/python3.10/dist-packages/sqlalchemy/orm/session.py", line 2028, in commit
    trans.commit(_to_root=True)
  File "<string>", line 2, in commit
  File "/usr/local/lib/python3.10/dist-packages/sqlalchemy/orm/state_changes.py", line 139, in _go
    ret_value = fn(self, *arg, **kw)
  File "/usr/local/lib/python3.10/dist-packages/sqlalchemy/orm/session.py", line 1313, in commit
    self._prepare_impl()
  File "<string>", line 2, in _prepare_impl
  File "/usr/local/lib/python3.10/dist-packages/sqlalchemy/orm/state_changes.py", line 139, in _go
    ret_value = fn(self, *arg, **kw)
  File "/usr/local/lib/python3.10/dist-packages/sqlalchemy/orm/session.py", line 1288, in _prepare_impl
    self.session.flush()
  File "/usr/local/lib/python3.10/dist-packages/sqlalchemy/orm/session.py", line 4352, in flush
    self._flush(objects)
  File "/usr/local/lib/python3.10/dist-packages/sqlalchemy/orm/session.py", line 4487, in _flush
    with util.safe_reraise():
  File "/usr/local/lib/python3.10/dist-packages/sqlalchemy/util/langhelpers.py", line 146, in __exit__
    raise exc_value.with_traceback(exc_tb)
  File "/usr/local/lib/python3.10/dist-packages/sqlalchemy/orm/session.py", line 4448, in _flush
    flush_context.execute()
  File "/usr/local/lib/python3.10/dist-packages/sqlalchemy/orm/unitofwork.py", line 466, in execute
    rec.execute(self)
  File "/usr/local/lib/python3.10/dist-packages/sqlalchemy/orm/unitofwork.py", line 642, in execute
    util.preloaded.orm_persistence.save_obj(
  File "/usr/local/lib/python3.10/dist-packages/sqlalchemy/orm/persistence.py", line 93, in save_obj
    _emit_insert_statements(
  File "/usr/local/lib/python3.10/dist-packages/sqlalchemy/orm/persistence.py", line 1233, in _emit_insert_statements
    result = connection.execute(
  File "/usr/local/lib/python3.10/dist-packages/sqlalchemy/engine/base.py", line 1418, in execute
    return meth(
  File "/usr/local/lib/python3.10/dist-packages/sqlalchemy/sql/elements.py", line 515, in _execute_on_connection
    return connection._execute_clauseelement(
  File "/usr/local/lib/python3.10/dist-packages/sqlalchemy/engine/base.py", line 1640, in _execute_clauseelement
    ret = self._execute_context(
  File "/usr/local/lib/python3.10/dist-packages/sqlalchemy/engine/base.py", line 1846, in _execute_context
    return self._exec_single_context(
  File "/usr/local/lib/python3.10/dist-packages/sqlalchemy/engine/base.py", line 1986, in _exec_single_context
    self._handle_dbapi_exception(
  File "/usr/local/lib/python3.10/dist-packages/sqlalchemy/engine/base.py", line 2355, in _handle_dbapi_exception
    raise sqlalchemy_exception.with_traceback(exc_info[2]) from e
  File "/usr/local/lib/python3.10/dist-packages/sqlalchemy/engine/base.py", line 1967, in _exec_single_context
    self.dialect.do_execute(
  File "/usr/local/lib/python3.10/dist-packages/sqlalchemy/engine/default.py", line 941, in do_execute
    cursor.execute(statement, parameters)
sqlalchemy.exc.IntegrityError: (sqlite3.IntegrityError) UNIQUE constraint failed: vip_parking_spots.spot_number
[SQL: INSERT INTO vip_parking_spots (spot_number, owner, allowed_plates, status, created_at, updated_at) VALUES (?, ?, ?, ?, ?, ?)]
[parameters: ('A05', '重复', '["粤B55555"]', 1, '2026-04-24 15:50:13.823941', '2026-04-24 15:50:13.823943')]
(Background on this error at: https://sqlalche.me/e/20/gkpj)
2026-04-24 15:50:13 | ERROR    | app.main | 未处理异常: http://testserver/api/spots - (sqlite3.IntegrityError) UNIQUE constraint failed: vip_parking_spots.spot_number
[SQL: INSERT INTO vip_parking_spots (spot_number, owner, allowed_plates, status, created_at, updated_at) VALUES (?, ?, ?, ?, ?, ?)]
[parameters: ('A05', '重复', '["粤B55555"]', 1, '2026-04-24 15:50:13.823941', '2026-04-24 15:50:13.823943')]
(Background on this error at: https://sqlalche.me/e/20/gkpj)
Traceback (most recent call last):
  File "/usr/local/lib/python3.10/dist-packages/sqlalchemy/engine/base.py", line 1967, in _exec_single_context
    self.dialect.do_execute(
  File "/usr/local/lib/python3.10/dist-packages/sqlalchemy/engine/default.py", line 941, in do_execute
    cursor.execute(statement, parameters)
sqlite3.IntegrityError: UNIQUE constraint failed: vip_parking_spots.spot_number

The above exception was the direct cause of the following exception:

Traceback (most recent call last):
  File "/usr/local/lib/python3.10/dist-packages/starlette/middleware/errors.py", line 165, in __call__
    await self.app(scope, receive, _send)
  File "/usr/local/lib/python3.10/dist-packages/starlette/middleware/exceptions.py", line 62, in __call__
    await wrap_app_handling_exceptions(self.app, conn)(scope, receive, send)
  File "/usr/local/lib/python3.10/dist-packages/starlette/_exception_handler.py", line 62, in wrapped_app
    raise exc
  File "/usr/local/lib/python3.10/dist-packages/starlette/_exception_handler.py", line 51, in wrapped_app
    await app(scope, receive, sender)
  File "/usr/local/lib/python3.10/dist-packages/starlette/routing.py", line 715, in __call__
    await self.middleware_stack(scope, receive, send)
  File "/usr/local/lib/python3.10/dist-packages/starlette/routing.py", line 735, in app
    await route.handle(scope, receive, send)
  File "/usr/local/lib/python3.10/dist-packages/starlette/routing.py", line 288, in handle
    await self.app(scope, receive, send)
  File "/usr/local/lib/python3.10/dist-packages/starlette/routing.py", line 76, in app
    await wrap_app_handling_exceptions(app, request)(scope, receive, send)
  File "/usr/local/lib/python3.10/dist-packages/starlette/_exception_handler.py", line 62, in wrapped_app
    raise exc
  File "/usr/local/lib/python3.10/dist-packages/starlette/_exception_handler.py", line 51, in wrapped_app
    await app(scope, receive, sender)
  File "/usr/local/lib/python3.10/dist-packages/starlette/routing.py", line 73, in app
    response = await f(request)
  File "/usr/local/lib/python3.10/dist-packages/fastapi/routing.py", line 301, in app
    raw_response = await run_endpoint_function(
  File "/usr/local/lib/python3.10/dist-packages/fastapi/routing.py", line 214, in run_endpoint_function
    return await run_in_threadpool(dependant.call, **values)
  File "/usr/local/lib/python3.10/dist-packages/starlette/concurrency.py", line 39, in run_in_threadpool
    return await anyio.to_thread.run_sync(func, *args)
  File "/usr/local/lib/python3.10/dist-packages/anyio/to_thread.py", line 63, in run_sync
    return await get_async_backend().run_sync_in_worker_thread(
  File "/usr/local/lib/python3.10/dist-packages/anyio/_backends/_asyncio.py", line 2518, in run_sync_in_worker_thread
    return await future
  File "/usr/local/lib/python3.10/dist-packages/anyio/_backends/_asyncio.py", line 1002, in run
    result = context.run(func, *args)
  File "/workspace/vip_parking_alert/backend/app/api/spots.py", line 83, in create_spot
    db.commit()
  File "/usr/local/lib/python3.10/dist-packages/sqlalchemy/orm/session.py", line 2028, in commit
    trans.commit(_to_root=True)
  File "<string>", line 2, in commit
  File "/usr/local/lib/python3.10/dist-packages/sqlalchemy/orm/state_changes.py", line 139, in _go
    ret_value = fn(self, *arg, **kw)
  File "/usr/local/lib/python3.10/dist-packages/sqlalchemy/orm/session.py", line 1313, in commit
    self._prepare_impl()
  File "<string>", line 2, in _prepare_impl
  File "/usr/local/lib/python3.10/dist-packages/sqlalchemy/orm/state_changes.py", line 139, in _go
    ret_value = fn(self, *arg, **kw)
  File "/usr/local/lib/python3.10/dist-packages/sqlalchemy/orm/session.py", line 1288, in _prepare_impl
    self.session.flush()
  File "/usr/local/lib/python3.10/dist-packages/sqlalchemy/orm/session.py", line 4352, in flush
    self._flush(objects)
  File "/usr/local/lib/python3.10/dist-packages/sqlalchemy/orm/session.py", line 4487, in _flush
    with util.safe_reraise():
  File "/usr/local/lib/python3.10/dist-packages/sqlalchemy/util/langhelpers.py", line 146, in __exit__
    raise exc_value.with_traceback(exc_tb)
  File "/usr/local/lib/python3.10/dist-packages/sqlalchemy/orm/session.py", line 4448, in _flush
    flush_context.execute()
  File "/usr/local/lib/python3.10/dist-packages/sqlalchemy/orm/unitofwork.py", line 466, in execute
    rec.execute(self)
  File "/usr/local/lib/python3.10/dist-packages/sqlalchemy/orm/unitofwork.py", line 642, in execute
    util.preloaded.orm_persistence.save_obj(
  File "/usr/local/lib/python3.10/dist-packages/sqlalchemy/orm/persistence.py", line 93, in save_obj
    _emit_insert_statements(
  File "/usr/local/lib/python3.10/dist-packages/sqlalchemy/orm/persistence.py", line 1233, in _emit_insert_statements
    result = connection.execute(
  File "/usr/local/lib/python3.10/dist-packages/sqlalchemy/engine/base.py", line 1418, in execute
    return meth(
  File "/usr/local/lib/python3.10/dist-packages/sqlalchemy/sql/elements.py", line 515, in _execute_on_connection
    return connection._execute_clauseelement(
  File "/usr/local/lib/python3.10/dist-packages/sqlalchemy/engine/base.py", line 1640, in _execute_clauseelement
    ret = self._execute_context(
  File "/usr/local/lib/python3.10/dist-packages/sqlalchemy/engine/base.py", line 1846, in _execute_context
    return self._exec_single_context(
  File "/usr/local/lib/python3.10/dist-packages/sqlalchemy/engine/base.py", line 1986, in _exec_single_context
    self._handle_dbapi_exception(
  File "/usr/local/lib/python3.10/dist-packages/sqlalchemy/engine/base.py", line 2355, in _handle_dbapi_exception
    raise sqlalchemy_exception.with_traceback(exc_info[2]) from e
  File "/usr/local/lib/python3.10/dist-packages/sqlalchemy/engine/base.py", line 1967, in _exec_single_context
    self.dialect.do_execute(
  File "/usr/local/lib/python3.10/dist-packages/sqlalchemy/engine/default.py", line 941, in do_execute
    cursor.execute(statement, parameters)
sqlalchemy.exc.IntegrityError: (sqlite3.IntegrityError) UNIQUE constraint failed: vip_parking_spots.spot_number
[SQL: INSERT INTO vip_parking_spots (spot_number, owner, allowed_plates, status, created_at, updated_at) VALUES (?, ?, ?, ?, ?, ?)]
[parameters: ('A05', '重复', '["粤B55555"]', 1, '2026-04-24 15:50:13.823941', '2026-04-24 15:50:13.823943')]
(Background on this error at: https://sqlalche.me/e/20/gkpj)
2026-04-24 15:50:13 | INFO     | app.scheduler.setup | APScheduler调度器已关闭
2026-04-24 15:50:13 | INFO     | app.scheduler.setup | APScheduler调度器已关闭
2026-04-24 15:50:13 | INFO     | app.scheduler.setup | APScheduler调度器已关闭
2026-04-24 15:50:13 | INFO     | app.scheduler.setup | APScheduler调度器已关闭
2026-04-24 15:50:13 | INFO     | app.scheduler.setup | APScheduler调度器已关闭
2026-04-24 15:50:13 | INFO     | app.scheduler.setup | APScheduler调度器已关闭
2026-04-24 15:50:13 | INFO     | app.scheduler.setup | APScheduler调度器已关闭
2026-04-24 15:50:13 | INFO     | app.scheduler.setup | APScheduler调度器已关闭
2026-04-24 15:50:13 | INFO     | app.scheduler.setup | APScheduler调度器已关闭
2026-04-24 15:50:13 | INFO     | app.main | VIP车位告警系统已关闭
2026-04-24 15:50:13 | INFO     | app.main | VIP车位告警系统已关闭
2026-04-24 15:50:13 | INFO     | app.main | VIP车位告警系统已关闭
2026-04-24 15:50:13 | INFO     | app.main | VIP车位告警系统已关闭
2026-04-24 15:50:13 | INFO     | app.main | VIP车位告警系统已关闭
2026-04-24 15:50:13 | INFO     | app.main | VIP车位告警系统已关闭
2026-04-24 15:50:13 | INFO     | app.main | VIP车位告警系统已关闭
2026-04-24 15:50:13 | INFO     | app.main | VIP车位告警系统已关闭
2026-04-24 15:50:13 | INFO     | app.main | VIP车位告警系统已关闭
2026-04-24 15:50:13 | INFO     | app.services.webhook_sender | Webhook发送成功: https://example.com/webhook...
2026-04-24 15:50:13 | INFO     | app.services.webhook_sender | Webhook发送成功: https://example.com/webhook...
2026-04-24 15:50:13 | INFO     | app.services.webhook_sender | Webhook发送成功: https://example.com/webhook...
2026-04-24 15:50:13 | INFO     | app.services.webhook_sender | Webhook发送成功: https://example.com/webhook...
2026-04-24 15:50:13 | INFO     | app.services.webhook_sender | Webhook发送成功: https://example.com/webhook...
2026-04-24 15:50:13 | INFO     | app.services.webhook_sender | Webhook发送成功: https://example.com/webhook...
2026-04-24 15:50:13 | INFO     | app.services.webhook_sender | Webhook发送成功: https://example.com/webhook...
2026-04-24 15:50:13 | INFO     | app.services.webhook_sender | Webhook发送成功: https://example.com/webhook...
2026-04-24 15:50:13 | INFO     | app.services.webhook_sender | Webhook发送成功: https://example.com/webhook...
2026-04-24 15:50:13 | WARNING  | app.services.webhook_sender | Webhook发送失败: HTTP 500, body=error
2026-04-24 15:50:13 | WARNING  | app.services.webhook_sender | Webhook发送失败: HTTP 500, body=error
2026-04-24 15:50:13 | WARNING  | app.services.webhook_sender | Webhook发送失败: HTTP 500, body=error
2026-04-24 15:50:13 | WARNING  | app.services.webhook_sender | Webhook发送失败: HTTP 500, body=error
2026-04-24 15:50:13 | WARNING  | app.services.webhook_sender | Webhook发送失败: HTTP 500, body=error
2026-04-24 15:50:13 | WARNING  | app.services.webhook_sender | Webhook发送失败: HTTP 500, body=error
2026-04-24 15:50:13 | WARNING  | app.services.webhook_sender | Webhook发送失败: HTTP 500, body=error
2026-04-24 15:50:13 | WARNING  | app.services.webhook_sender | Webhook发送失败: HTTP 500, body=error
2026-04-24 15:50:13 | WARNING  | app.services.webhook_sender | Webhook发送失败: HTTP 500, body=error
